PLATFORM_NUMBER,latitude,longitude,time,TEMP,PSAL,PRES,TEMP_QC
,degrees_north,degrees_east,UTC,degree_Celsius,PSU,decibar,
2902236,16.9,88.36666666666666,2019-03-01T01:08:16Z,27.499,32.97,0.4,1
2902236,16.9,88.36666666666666,2019-03-01T01:08:16Z,27.496,32.964,1.2,1
2902236,16.9,88.36666666666666,2019-03-01T01:08:16Z,27.5,32.956,1.9,1
2902236,16.9,88.36666666666666,2019-03-01T01:08:16Z,27.495,32.953,2.7,1
2902236,16.9,88.36666666666666,2019-03-01T01:08:16Z,27.493,32.979,3.9,1
2902236,16.9,88.36666666666666,2019-03-01T01:08:16Z,27.328,32.977,5.3,1
2902264,15.34824,85.53313333333334,2019-03-01T17:22:00Z,27.493,33.007,5.6,1
2902239,0.6432183333333333,83.50499,2019-03-01T17:27:00Z,29.636,34.619,5.5,1
2902200,12.769,65.158,2019-03-01T23:25:41Z,27.172,36.777,4.5,1
2902256,18.774,60.579,2019-03-02T07:53:00Z,25.146,36.289,0.0,4
2902256,18.774,60.579,2019-03-02T07:53:00Z,0.0,0.0,0.0,4
2902256,18.774,60.579,2019-03-02T07:53:00Z,0.0,0.0,0.0,4
2902256,18.774,60.579,2019-03-02T07:53:00Z,0.0,0.0,0.0,4
2902256,18.774,60.579,2019-03-02T07:53:00Z,0.0,0.0,0.0,4
2902256,18.774,60.579,2019-03-02T07:53:00Z,0.0,0.0,0.0,4
2902256,18.774,60.579,2019-03-02T07:53:00Z,0.0,0.0,0.0,4
2902256,18.774,60.579,2019-03-02T07:53:00Z,0.0,0.0,0.0,4
2902256,18.774,60.579,2019-03-02T07:53:00Z,0.0,0.0,0.0,4
2902256,18.774,60.579,2019-03-02T07:53:00Z,0.0,0.0,0.0,4
2902256,18.774,60.579,2019-03-02T07:53:00Z,0.0,0.0,0.0,4
2902256,18.774,60.579,2019-03-02T07:53:00Z,0.0,0.0,0.0,4
2902256,18.774,60.579,2019-03-02T07:53:00Z,0.0,0.0,0.0,4
2902256,18.774,60.579,2019-03-02T07:53:00Z,0.0,0.0,0.0,4
2902256,18.774,60.579,2019-03-02T07:53:00Z,0.0,0.0,0.0,4
2902256,18.774,60.579,2019-03-02T07:53:00Z,0.0,0.0,0.0,4
2902256,18.774,60.579,2019-03-02T07:53:00Z,0.0,0.0,0.0,4
2902256,18.774,60.579,2019-03-02T07:53:00Z,0.0,0.0,0.0,4
2902256,18.774,60.579,2019-03-02T07:53:00Z,0.0,0.0,0.0,4
2902256,18.774,60.579,2019-03-02T07:53:00Z,0.0,0.0,0.0,4
2902256,18.774,60.579,2019-03-02T07:53:00Z,0.0,0.0,0.0,4
2902256,18.774,60.579,2019-03-02T07:53:00Z,0.0,0.0,0.0,4
2902256,18.774,60.579,2019-03-02T07:53:00Z,0.0,0.0,0.0,4
2902256,18.774,60.579,2019-03-02T07:53:00Z,0.0,0.0,0.0,4
2902256,18.774,60.579,2019-03-02T07:53:00Z,0.0,0.0,0.0,4
2902256,18.774,60.579,2019-03-02T07:53:00Z,0.0,0.0,0.0,4
2902256,18.774,60.579,2019-03-02T07:53:00Z,0.0,0.0,0.0,4
2902256,18.774,60.579,2019-03-02T07:53:00Z,0.0,0.0,0.0,4
2902256,18.774,60.579,2019-03-02T07:53:00Z,0.0,0.0,0.0,4
2902256,18.774,60.579,2019-03-02T07:53:00Z,0.0,0.0,0.0,4
2902256,18.774,60.579,2019-03-02T07:53:00Z,0.0,0.0,0.0,4
2902256,18.774,60.579,2019-03-02T07:53:00Z,0.0,0.0,0.0,4
2902256,18.774,60.579,2019-03-02T07:53:00Z,0.0,0.0,0.0,4
2902256,18.774,60.579,2019-03-02T07:53:00Z,0.0,0.0,0.0,4
2902256,18.774,60.579,2019-03-02T07:53:00Z,0.0,0.0,0.0,4
2902256,18.774,60.579,2019-03-02T07:53:00Z,0.0,0.0,0.0,4
2902256,18.774,60.579,2019-03-02T07:53:00Z,0.0,0.0,0.0,4
2902256,18.774,60.579,2019-03-02T07:53:00Z,0.0,0.0,0.0,4
2902256,18.774,60.579,2019-03-02T07:53:00Z,0.0,0.0,0.0,4
2902256,18.774,60.579,2019-03-02T07:53:00Z,0.0,0.0,0.0,4
2902256,18.774,60.579,2019-03-02T07:53:00Z,0.0,0.0,0.0,4
2902256,18.774,60.579,2019-03-02T07:53:00Z,0.0,0.0,0.0,4
2902256,18.774,60.579,2019-03-02T07:53:00Z,0.0,0.0,0.0,4
2902256,18.774,60.579,2019-03-02T07:53:00Z,0.0,0.0,0.0,4
2902256,18.774,60.579,2019-03-02T07:53:00Z,0.0,0.0,0.0,4
2902256,18.774,60.579,2019-03-02T07:53:00Z,0.0,0.0,0.0,4
2902256,18.774,60.579,2019-03-02T07:53:00Z,0.0,0.0,0.0,4
2902256,18.774,60.579,2019-03-02T07:53:00Z,0.0,0.0,0.0,4
2902256,18.774,60.579,2019-03-02T07:53:00Z,0.0,0.0,0.0,4
2902256,18.774,60.579,2019-03-02T07:53:00Z,0.0,0.0,0.0,4
2902256,18.774,60.579,2019-03-02T07:53:00Z,0.0,0.0,0.0,4
2902256,18.774,60.579,2019-03-02T07:53:00Z,0.0,0.0,0.0,4
2902256,18.774,60.579,2019-03-02T07:53:00Z,0.0,0.0,0.0,4
2902256,18.774,60.579,2019-03-02T07:53:00Z,0.0,0.0,0.0,4
2902256,18.774,60.579,2019-03-02T07:53:00Z,0.0,0.0,0.0,4
2902256,18.774,60.579,2019-03-02T07:53:00Z,0.0,0.0,0.0,4
2902256,18.774,60.579,2019-03-02T07:53:00Z,0.0,0.0,0.0,4
2902256,18.774,60.579,2019-03-02T07:53:00Z,0.0,0.0,0.0,4
2902256,18.774,60.579,2019-03-02T07:53:00Z,0.0,0.0,0.0,4
2902256,18.774,60.579,2019-03-02T07:53:00Z,0.0,0.0,0.0,4
2902256,18.774,60.579,2019-03-02T07:53:00Z,0.0,0.0,0.0,4
2902256,18.774,60.579,2019-03-02T07:53:00Z,0.0,0.0,0.0,4
2902256,18.774,60.579,2019-03-02T07:53:00Z,0.0,0.0,0.0,4
2902256,18.774,60.579,2019-03-02T07:53:00Z,0.0,0.0,0.0,4
2902256,18.774,60.579,2019-03-02T07:53:00Z,0.0,0.0,0.0,4
2902256,18.774,60.579,2019-03-02T07:53:00Z,0.0,0.0,0.0,4
2902256,18.774,60.579,2019-03-02T07:53:00Z,0.0,0.0,0.0,4
2902256,18.774,60.579,2019-03-02T07:53:00Z,0.0,0.0,0.0,4
2902256,18.774,60.579,2019-03-02T07:53:00Z,0.0,0.0,0.0,4
2902256,18.774,60.579,2019-03-02T07:53:00Z,0.0,0.0,0.0,4
2902256,18.774,60.579,2019-03-02T07:53:00Z,0.0,0.0,0.0,4
2902256,18.774,60.579,2019-03-02T07:53:00Z,0.0,0.0,0.0,4
2902256,18.774,60.579,2019-03-02T07:53:00Z,0.0,0.0,0.0,4
2902256,18.774,60.579,2019-03-02T07:53:00Z,0.0,0.0,0.0,4
2902256,18.774,60.579,2019-03-02T07:53:00Z,0.0,0.0,0.0,4
2902256,18.774,60.579,2019-03-02T07:53:00Z,0.0,0.0,0.0,4
2902256,18.774,60.579,2019-03-02T07:53:00Z,0.0,0.0,0.0,4
2902256,18.774,60.579,2019-03-02T07:53:00Z,0.0,0.0,0.0,4
2902256,18.774,60.579,2019-03-02T07:53:00Z,0.0,0.0,0.0,4
2902256,18.774,60.579,2019-03-02T07:53:00Z,0.0,0.0,0.0,4
2902256,18.774,60.579,2019-03-02T07:53:00Z,0.0,0.0,0.0,4
2902256,18.774,60.579,2019-03-02T07:53:00Z,0.0,0.0,0.0,4
2902256,18.774,60.579,2019-03-02T07:53:00Z,0.0,0.0,0.0,4
2902256,18.774,60.579,2019-03-02T07:53:00Z,0.0,0.0,0.0,4
2902256,18.774,60.579,2019-03-02T07:53:00Z,0.0,0.0,0.0,4
2902256,18.774,60.579,2019-03-02T07:53:00Z,0.0,0.0,0.0,4
2902256,18.774,60.579,2019-03-02T07:53:00Z,0.0,0.0,0.0,4
2902256,18.774,60.579,2019-03-02T07:53:00Z,0.0,0.0,0.0,4
2902256,18.774,60.579,2019-03-02T07:53:00Z,0.0,0.0,0.0,4
2902256,18.774,60.579,2019-03-02T07:53:00Z,0.0,0.0,0.0,4
2902256,18.774,60.579,2019-03-02T07:53:00Z,0.0,0.0,0.0,4
2902256,18.774,60.579,2019-03-02T07:53:00Z,0.0,0.0,0.0,4
2902256,18.774,60.579,2019-03-02T07:53:00Z,0.0,0.0,0.0,4
2902256,18.774,60.579,2019-03-02T07:53:00Z,0.0,0.0,0.0,4
2902256,18.774,60.579,2019-03-02T07:53:00Z,0.0,0.0,0.0,4
2902256,18.774,60.579,2019-03-02T07:53:00Z,0.0,0.0,0.0,4
2902256,18.774,60.579,2019-03-02T07:53:00Z,0.0,0.0,0.0,4
2902256,18.774,60.579,2019-03-02T07:53:00Z,0.0,0.0,0.0,4
2902256,18.774,60.579,2019-03-02T07:53:00Z,0.0,0.0,0.0,4
2902256,18.774,60.579,2019-03-02T07:53:00Z,0.0,0.0,0.0,4
2902256,18.774,60.579,2019-03-02T07:53:00Z,0.0,0.0,0.0,4
2902256,18.774,60.579,2019-03-02T07:53:00Z,0.0,0.0,0.0,4
2902256,18.774,60.579,2019-03-02T07:53:00Z,0.0,0.0,0.0,4
2902256,18.774,60.579,2019-03-02T07:53:00Z,0.0,0.0,0.0,4
2902256,18.774,60.579,2019-03-02T07:53:00Z,0.0,0.0,0.0,4
2902256,18.774,60.579,2019-03-02T07:53:00Z,0.0,0.0,0.0,4
2902256,18.774,60.579,2019-03-02T07:53:00Z,0.0,0.0,0.0,4
2902256,18.774,60.579,2019-03-02T07:53:00Z,0.0,0.0,0.0,4
2902256,18.774,60.579,2019-03-02T07:53:00Z,0.0,0.0,0.0,4
2902256,18.774,60.579,2019-03-02T07:53:00Z,0.0,0.0,0.0,4
2902256,18.774,60.579,2019-03-02T07:53:00Z,0.0,0.0,0.0,4
2902256,18.774,60.579,2019-03-02T07:53:00Z,0.0,0.0,0.0,4
2902256,18.774,60.579,2019-03-02T07:53:00Z,0.0,0.0,0.0,4
2902256,18.774,60.579,2019-03-02T07:53:00Z,0.0,0.0,0.0,4
2902256,18.774,60.579,2019-03-02T07:53:00Z,0.0,0.0,0.0,4
2902256,18.774,60.579,2019-03-02T07:53:00Z,0.0,0.0,0.0,4
2902256,18.774,60.579,2019-03-02T07:53:00Z,0.0,0.0,0.0,4
2902256,18.774,60.579,2019-03-02T07:53:00Z,0.0,0.0,0.0,4
2902256,18.774,60.579,2019-03-02T07:53:00Z,0.0,0.0,0.0,4
2902256,18.774,60.579,2019-03-02T07:53:00Z,0.0,0.0,0.0,4
2902256,18.774,60.579,2019-03-02T07:53:00Z,0.0,0.0,0.0,4
2902256,18.774,60.579,2019-03-02T07:53:00Z,0.0,0.0,0.0,4
2902256,18.774,60.579,2019-03-02T07:53:00Z,0.0,0.0,0.0,4
2902256,18.774,60.579,2019-03-02T07:53:00Z,0.0,0.0,0.0,4
2902256,18.774,60.579,2019-03-02T07:53:00Z,0.0,0.0,0.0,4
2902256,18.774,60.579,2019-03-02T07:53:00Z,0.0,0.0,0.0,4
2902256,18.774,60.579,2019-03-02T07:53:00Z,0.0,0.0,0.0,4
2902256,18.774,60.579,2019-03-02T07:53:00Z,0.0,0.0,0.0,4
2902256,18.774,60.579,2019-03-02T07:53:00Z,0.0,0.0,0.0,4
2902256,18.774,60.579,2019-03-02T07:53:00Z,0.0,0.0,0.0,4
2902256,18.774,60.579,2019-03-02T07:53:00Z,0.0,0.0,0.0,4
2902256,18.774,60.579,2019-03-02T07:53:00Z,0.0,0.0,0.0,4
2902256,18.774,60.579,2019-03-02T07:53:00Z,0.0,0.0,0.0,4
2902256,18.774,60.579,2019-03-02T07:53:00Z,0.0,0.0,0.0,4
2902256,18.774,60.579,2019-03-02T07:53:00Z,0.0,0.0,0.0,4
2902256,18.774,60.579,2019-03-02T07:53:00Z,0.0,0.0,0.0,4
2902256,18.774,60.579,2019-03-02T07:53:00Z,0.0,0.0,0.0,4
2902256,18.774,60.579,2019-03-02T07:53:00Z,0.0,0.0,0.0,4
2902256,18.774,60.579,2019-03-02T07:53:00Z,0.0,0.0,0.0,4
2902256,18.774,60.579,2019-03-02T07:53:00Z,0.0,0.0,0.0,4
2902256,18.774,60.579,2019-03-02T07:53:00Z,0.0,0.0,0.0,4
2902256,18.774,60.579,2019-03-02T07:53:00Z,0.0,0.0,0.0,4
2902256,18.774,60.579,2019-03-02T07:53:00Z,0.0,0.0,0.0,4
2902256,18.774,60.579,2019-03-02T07:53:00Z,0.0,0.0,0.0,4
2902256,18.774,60.579,2019-03-02T07:53:00Z,0.0,0.0,0.0,4
2902256,18.774,60.579,2019-03-02T07:53:00Z,0.0,0.0,0.0,4
2902256,18.774,60.579,2019-03-02T07:53:00Z,0.0,0.0,0.0,4
2902256,18.774,60.579,2019-03-02T07:53:00Z,0.0,0.0,0.0,4
2902256,18.774,60.579,2019-03-02T07:53:00Z,0.0,0.0,0.0,4
2902256,18.774,60.579,2019-03-02T07:53:00Z,0.0,0.0,0.0,4
2902256,18.774,60.579,2019-03-02T07:53:00Z,0.0,0.0,0.0,4
2902256,18.774,60.579,2019-03-02T07:53:00Z,0.0,0.0,0.0,4
2902256,18.774,60.579,2019-03-02T07:53:00Z,0.0,0.0,0.0,4
2902256,18.774,60.579,2019-03-02T07:53:00Z,0.0,0.0,0.0,4
2902256,18.774,60.579,2019-03-02T07:53:00Z,0.0,0.0,0.0,4
2902256,18.774,60.579,2019-03-02T07:53:00Z,0.0,0.0,0.0,4
2902256,18.774,60.579,2019-03-02T07:53:00Z,0.0,0.0,0.0,4
2902256,18.774,60.579,2019-03-02T07:53:00Z,0.0,0.0,0.0,4
2902256,18.774,60.579,2019-03-02T07:53:00Z,0.0,0.0,0.0,4
2902256,18.774,60.579,2019-03-02T07:53:00Z,0.0,0.0,0.0,4
2902256,18.774,60.579,2019-03-02T07:53:00Z,0.0,0.0,0.0,4
2902256,18.774,60.579,2019-03-02T07:53:00Z,0.0,0.0,0.0,4
2902256,18.774,60.579,2019-03-02T07:53:00Z,0.0,0.0,0.0,4
2902256,18.774,60.579,2019-03-02T07:53:00Z,0.0,0.0,0.0,4
2902256,18.774,60.579,2019-03-02T07:53:00Z,0.0,0.0,0.0,4
2902256,18.774,60.579,2019-03-02T07:53:00Z,0.0,0.0,0.0,4
2902256,18.774,60.579,2019-03-02T07:53:00Z,0.0,0.0,0.0,4
2902256,18.774,60.579,2019-03-02T07:53:00Z,0.0,0.0,0.0,4
2902256,18.774,60.579,2019-03-02T07:53:00Z,0.0,0.0,0.0,4
2902256,18.774,60.579,2019-03-02T07:53:00Z,0.0,0.0,0.0,4
2902256,18.774,60.579,2019-03-02T07:53:00Z,0.0,0.0,0.0,4
2902256,18.774,60.579,2019-03-02T07:53:00Z,0.0,0.0,0.0,4
2902256,18.774,60.579,2019-03-02T07:53:00Z,0.0,0.0,0.0,4
2902256,18.774,60.579,2019-03-02T07:53:00Z,0.0,0.0,0.0,4
2902256,18.774,60.579,2019-03-02T07:53:00Z,0.0,0.0,0.0,4
2902256,18.774,60.579,2019-03-02T07:53:00Z,0.0,0.0,0.0,4
2902256,18.774,60.579,2019-03-02T07:53:00Z,0.0,0.0,0.0,4
2902256,18.774,60.579,2019-03-02T07:53:00Z,0.0,0.0,0.0,4
2902256,18.774,60.579,2019-03-02T07:53:00Z,0.0,0.0,0.0,4
2902256,18.774,60.579,2019-03-02T07:53:00Z,0.0,0.0,0.0,4
2902256,18.774,60.579,2019-03-02T07:53:00Z,0.0,0.0,0.0,4
2902256,18.774,60.579,2019-03-02T07:53:00Z,0.0,0.0,0.0,4
2902256,18.774,60.579,2019-03-02T07:53:00Z,0.0,0.0,0.0,4
2902256,18.774,60.579,2019-03-02T07:53:00Z,0.0,0.0,0.0,4
2902256,18.774,60.579,2019-03-02T07:53:00Z,0.0,0.0,0.0,4
2902256,18.774,60.579,2019-03-02T07:53:00Z,0.0,0.0,0.0,4
2902256,18.774,60.579,2019-03-02T07:53:00Z,0.0,0.0,0.0,4
2902256,18.774,60.579,2019-03-02T07:53:00Z,0.0,0.0,0.0,4
2902256,18.774,60.579,2019-03-02T07:53:00Z,0.0,0.0,0.0,4
2902256,18.774,60.579,2019-03-02T07:53:00Z,0.0,0.0,0.0,4
2902256,18.774,60.579,2019-03-02T07:53:00Z,0.0,0.0,0.0,4
2902256,18.774,60.579,2019-03-02T07:53:00Z,0.0,0.0,0.0,4
2902256,18.774,60.579,2019-03-02T07:53:00Z,0.0,0.0,0.0,4
2902256,18.774,60.579,2019-03-02T07:53:00Z,0.0,0.0,0.0,4
2902256,18.774,60.579,2019-03-02T07:53:00Z,0.0,0.0,0.0,4
2902256,18.774,60.579,2019-03-02T07:53:00Z,0.0,0.0,0.0,4
2902256,18.774,60.579,2019-03-02T07:53:00Z,0.0,0.0,0.0,4
2902256,18.774,60.579,2019-03-02T07:53:00Z,0.0,0.0,0.0,4
2902256,18.774,60.579,2019-03-02T07:53:00Z,0.0,0.0,0.0,4
2902256,18.774,60.579,2019-03-02T07:53:00Z,0.0,0.0,0.0,4
2902256,18.774,60.579,2019-03-02T07:53:00Z,0.0,0.0,0.0,4
2902256,18.774,60.579,2019-03-02T07:53:00Z,0.0,0.0,0.0,4
2902256,18.774,60.579,2019-03-02T07:53:00Z,0.0,0.0,0.0,4
2902256,18.774,60.579,2019-03-02T07:53:00Z,0.0,0.0,0.0,4
2902256,18.774,60.579,2019-03-02T07:53:00Z,0.0,0.0,0.0,4
2902256,18.774,60.579,2019-03-02T07:53:00Z,0.0,0.0,0.0,4
2902256,18.774,60.579,2019-03-02T07:53:00Z,0.0,0.0,0.0,4
2902256,18.774,60.579,2019-03-02T07:53:00Z,0.0,0.0,0.0,4
2902256,18.774,60.579,2019-03-02T07:53:00Z,0.0,0.0,0.0,4
2902256,18.774,60.579,2019-03-02T07:53:00Z,0.0,0.0,0.0,4
2902256,18.774,60.579,2019-03-02T07:53:00Z,0.0,0.0,0.0,4
2902256,18.774,60.579,2019-03-02T07:53:00Z,0.0,0.0,0.0,4
2902256,18.774,60.579,2019-03-02T07:53:00Z,0.0,0.0,0.0,4
2902256,18.774,60.579,2019-03-02T07:53:00Z,0.0,0.0,0.0,4
2902256,18.774,60.579,2019-03-02T07:53:00Z,0.0,0.0,0.0,4
2902256,18.774,60.579,2019-03-02T07:53:00Z,0.0,0.0,0.0,4
2902256,18.774,60.579,2019-03-02T07:53:00Z,0.0,0.0,0.0,4
2902256,18.774,60.579,2019-03-02T07:53:00Z,0.0,0.0,0.0,4
2902256,18.774,60.579,2019-03-02T07:53:00Z,0.0,0.0,0.0,4
2902256,18.774,60.579,2019-03-02T07:53:00Z,0.0,0.0,0.0,4
2902256,18.774,60.579,2019-03-02T07:53:00Z,0.0,0.0,0.0,4
2902256,18.774,60.579,2019-03-02T07:53:00Z,0.0,0.0,0.0,4
2902256,18.774,60.579,2019-03-02T07:53:00Z,0.0,0.0,0.0,4
2902256,18.774,60.579,2019-03-02T07:53:00Z,0.0,0.0,0.0,4
2902256,18.774,60.579,2019-03-02T07:53:00Z,0.0,0.0,0.0,4
2902256,18.774,60.579,2019-03-02T07:53:00Z,0.0,0.0,0.0,4
2902256,18.774,60.579,2019-03-02T07:53:00Z,0.0,0.0,0.0,4
2902256,18.774,60.579,2019-03-02T07:53:00Z,0.0,0.0,0.0,4
2902256,18.774,60.579,2019-03-02T07:53:00Z,0.0,0.0,0.0,4
2902256,18.774,60.579,2019-03-02T07:53:00Z,0.0,0.0,0.0,4
2902256,18.774,60.579,2019-03-02T07:53:00Z,0.0,0.0,0.0,4
2902256,18.774,60.579,2019-03-02T07:53:00Z,0.0,0.0,0.0,4
2902256,18.774,60.579,2019-03-02T07:53:00Z,0.0,0.0,0.0,4
2902256,18.774,60.579,2019-03-02T07:53:00Z,25.144,36.292,1.0,3
2902256,18.774,60.579,2019-03-02T07:53:00Z,25.141,36.293,2.0,1
2902256,18.774,60.579,2019-03-02T07:53:00Z,25.138,36.296,3.0,1
2902256,18.774,60.579,2019-03-02T07:53:00Z,25.14,36.294,4.0,1
2902256,18.774,60.579,2019-03-02T07:53:00Z,25.138,36.295,5.0,1
2902256,18.774,60.579,2019-03-02T07:53:00Z,25.141,36.294,6.0,1
2902255,14.248,61.767,2019-03-02T08:07:00Z,0.0,0.0,0.0,4
2902255,14.248,61.767,2019-03-02T08:07:00Z,0.0,0.0,0.0,4
2902255,14.248,61.767,2019-03-02T08:07:00Z,0.0,0.0,0.0,4
2902255,14.248,61.767,2019-03-02T08:07:00Z,0.0,0.0,0.0,4
2902255,14.248,61.767,2019-03-02T08:07:00Z,0.0,0.0,0.0,4
2902255,14.248,61.767,2019-03-02T08:07:00Z,0.0,0.0,0.0,4
2902255,14.248,61.767,2019-03-02T08:07:00Z,0.0,0.0,0.0,4
2902255,14.248,61.767,2019-03-02T08:07:00Z,0.0,0.0,0.0,4
2902255,14.248,61.767,2019-03-02T08:07:00Z,0.0,0.0,0.0,4
2902255,14.248,61.767,2019-03-02T08:07:00Z,0.0,0.0,0.0,4
2902255,14.248,61.767,2019-03-02T08:07:00Z,0.0,0.0,0.0,4
2902255,14.248,61.767,2019-03-02T08:07:00Z,0.0,0.0,0.0,4
2902255,14.248,61.767,2019-03-02T08:07:00Z,0.0,0.0,0.0,4
2902255,14.248,61.767,2019-03-02T08:07:00Z,0.0,0.0,0.0,4
2902255,14.248,61.767,2019-03-02T08:07:00Z,0.0,0.0,0.0,4
2902255,14.248,61.767,2019-03-02T08:07:00Z,0.0,0.0,0.0,4
2902255,14.248,61.767,2019-03-02T08:07:00Z,0.0,0.0,0.0,4
2902255,14.248,61.767,2019-03-02T08:07:00Z,0.0,0.0,0.0,4
2902255,14.248,61.767,2019-03-02T08:07:00Z,0.0,0.0,0.0,4
2902255,14.248,61.767,2019-03-02T08:07:00Z,0.0,0.0,0.0,4
2902255,14.248,61.767,2019-03-02T08:07:00Z,0.0,0.0,0.0,4
2902255,14.248,61.767,2019-03-02T08:07:00Z,0.0,0.0,0.0,4
2902255,14.248,61.767,2019-03-02T08:07:00Z,0.0,0.0,0.0,4
2902255,14.248,61.767,2019-03-02T08:07:00Z,0.0,0.0,0.0,4
2902255,14.248,61.767,2019-03-02T08:07:00Z,0.0,0.0,0.0,4
2902255,14.248,61.767,2019-03-02T08:07:00Z,0.0,0.0,0.0,4
2902255,14.248,61.767,2019-03-02T08:07:00Z,0.0,0.0,0.0,4
2902255,14.248,61.767,2019-03-02T08:07:00Z,0.0,0.0,0.0,4
2902255,14.248,61.767,2019-03-02T08:07:00Z,0.0,0.0,0.0,4
2902255,14.248,61.767,2019-03-02T08:07:00Z,0.0,0.0,0.0,4
2902255,14.248,61.767,2019-03-02T08:07:00Z,0.0,0.0,0.0,4
2902255,14.248,61.767,2019-03-02T08:07:00Z,0.0,0.0,0.0,4
2902255,14.248,61.767,2019-03-02T08:07:00Z,0.0,0.0,0.0,4
2902255,14.248,61.767,2019-03-02T08:07:00Z,0.0,0.0,0.0,4
2902255,14.248,61.767,2019-03-02T08:07:00Z,0.0,0.0,0.0,4
2902255,14.248,61.767,2019-03-02T08:07:00Z,0.0,0.0,0.0,4
2902255,14.248,61.767,2019-03-02T08:07:00Z,0.0,0.0,0.0,4
2902255,14.248,61.767,2019-03-02T08:07:00Z,0.0,0.0,0.0,4
2902255,14.248,61.767,2019-03-02T08:07:00Z,0.0,0.0,0.0,4
2902255,14.248,61.767,2019-03-02T08:07:00Z,0.0,0.0,0.0,4
2902255,14.248,61.767,2019-03-02T08:07:00Z,0.0,0.0,0.0,4
2902255,14.248,61.767,2019-03-02T08:07:00Z,0.0,0.0,0.0,4
2902255,14.248,61.767,2019-03-02T08:07:00Z,0.0,0.0,0.0,4
2902255,14.248,61.767,2019-03-02T08:07:00Z,0.0,0.0,0.0,4
2902255,14.248,61.767,2019-03-02T08:07:00Z,0.0,0.0,0.0,4
2902255,14.248,61.767,2019-03-02T08:07:00Z,0.0,0.0,0.0,4
2902255,14.248,61.767,2019-03-02T08:07:00Z,0.0,0.0,0.0,4
2902255,14.248,61.767,2019-03-02T08:07:00Z,0.0,0.0,0.0,4
2902255,14.248,61.767,2019-03-02T08:07:00Z,0.0,0.0,0.0,4
2902255,14.248,61.767,2019-03-02T08:07:00Z,0.0,0.0,0.0,4
2902255,14.248,61.767,2019-03-02T08:07:00Z,0.0,0.0,0.0,4
2902255,14.248,61.767,2019-03-02T08:07:00Z,0.0,0.0,0.0,4
2902255,14.248,61.767,2019-03-02T08:07:00Z,0.0,0.0,0.0,4
2902255,14.248,61.767,2019-03-02T08:07:00Z,0.0,0.0,0.0,4
2902255,14.248,61.767,2019-03-02T08:07:00Z,0.0,0.0,0.0,4
2902255,14.248,61.767,2019-03-02T08:07:00Z,0.0,0.0,0.0,4
2902255,14.248,61.767,2019-03-02T08:07:00Z,0.0,0.0,0.0,4
2902255,14.248,61.767,2019-03-02T08:07:00Z,0.0,0.0,0.0,4
2902255,14.248,61.767,2019-03-02T08:07:00Z,0.0,0.0,0.0,4
2902255,14.248,61.767,2019-03-02T08:07:00Z,0.0,0.0,0.0,4
2902255,14.248,61.767,2019-03-02T08:07:00Z,0.0,0.0,0.0,4
2902255,14.248,61.767,2019-03-02T08:07:00Z,0.0,0.0,0.0,4
2902255,14.248,61.767,2019-03-02T08:07:00Z,0.0,0.0,0.0,4
2902255,14.248,61.767,2019-03-02T08:07:00Z,0.0,0.0,0.0,4
2902255,14.248,61.767,2019-03-02T08:07:00Z,0.0,0.0,0.0,4
2902255,14.248,61.767,2019-03-02T08:07:00Z,0.0,0.0,0.0,4
2902255,14.248,61.767,2019-03-02T08:07:00Z,0.0,0.0,0.0,4
2902255,14.248,61.767,2019-03-02T08:07:00Z,0.0,0.0,0.0,4
2902255,14.248,61.767,2019-03-02T08:07:00Z,0.0,0.0,0.0,4
2902255,14.248,61.767,2019-03-02T08:07:00Z,0.0,0.0,0.0,4
2902255,14.248,61.767,2019-03-02T08:07:00Z,0.0,0.0,0.0,4
2902255,14.248,61.767,2019-03-02T08:07:00Z,0.0,0.0,0.0,4
2902255,14.248,61.767,2019-03-02T08:07:00Z,0.0,0.0,0.0,4
2902255,14.248,61.767,2019-03-02T08:07:00Z,0.0,0.0,0.0,4
2902255,14.248,61.767,2019-03-02T08:07:00Z,0.0,0.0,0.0,4
2902255,14.248,61.767,2019-03-02T08:07:00Z,0.0,0.0,0.0,4
2902255,14.248,61.767,2019-03-02T08:07:00Z,0.0,0.0,0.0,4
2902255,14.248,61.767,2019-03-02T08:07:00Z,0.0,0.0,0.0,4
2902255,14.248,61.767,2019-03-02T08:07:00Z,0.0,0.0,0.0,4
2902255,14.248,61.767,2019-03-02T08:07:00Z,0.0,0.0,0.0,4
2902255,14.248,61.767,2019-03-02T08:07:00Z,0.0,0.0,0.0,4
2902255,14.248,61.767,2019-03-02T08:07:00Z,0.0,0.0,0.0,4
2902255,14.248,61.767,2019-03-02T08:07:00Z,0.0,0.0,0.0,4
2902255,14.248,61.767,2019-03-02T08:07:00Z,0.0,0.0,0.0,4
2902255,14.248,61.767,2019-03-02T08:07:00Z,0.0,0.0,0.0,4
2902255,14.248,61.767,2019-03-02T08:07:00Z,0.0,0.0,0.0,4
2902255,14.248,61.767,2019-03-02T08:07:00Z,0.0,0.0,0.0,4
2902255,14.248,61.767,2019-03-02T08:07:00Z,0.0,0.0,0.0,4
2902255,14.248,61.767,2019-03-02T08:07:00Z,0.0,0.0,0.0,4
2902255,14.248,61.767,2019-03-02T08:07:00Z,0.0,0.0,0.0,4
2902255,14.248,61.767,2019-03-02T08:07:00Z,0.0,0.0,0.0,4
2902255,14.248,61.767,2019-03-02T08:07:00Z,0.0,0.0,0.0,4
2902255,14.248,61.767,2019-03-02T08:07:00Z,0.0,0.0,0.0,4
2902255,14.248,61.767,2019-03-02T08:07:00Z,0.0,0.0,0.0,4
2902255,14.248,61.767,2019-03-02T08:07:00Z,0.0,0.0,0.0,4
2902255,14.248,61.767,2019-03-02T08:07:00Z,0.0,0.0,0.0,4
2902255,14.248,61.767,2019-03-02T08:07:00Z,0.0,0.0,0.0,4
2902255,14.248,61.767,2019-03-02T08:07:00Z,0.0,0.0,0.0,4
2902255,14.248,61.767,2019-03-02T08:07:00Z,0.0,0.0,0.0,4
2902255,14.248,61.767,2019-03-02T08:07:00Z,0.0,0.0,0.0,4
2902255,14.248,61.767,2019-03-02T08:07:00Z,0.0,0.0,0.0,4
2902255,14.248,61.767,2019-03-02T08:07:00Z,0.0,0.0,0.0,4
2902255,14.248,61.767,2019-03-02T08:07:00Z,0.0,0.0,0.0,4
2902255,14.248,61.767,2019-03-02T08:07:00Z,0.0,0.0,0.0,4
2902255,14.248,61.767,2019-03-02T08:07:00Z,0.0,0.0,0.0,4
2902255,14.248,61.767,2019-03-02T08:07:00Z,0.0,0.0,0.0,4
2902255,14.248,61.767,2019-03-02T08:07:00Z,0.0,0.0,0.0,4
2902255,14.248,61.767,2019-03-02T08:07:00Z,0.0,0.0,0.0,4
2902255,14.248,61.767,2019-03-02T08:07:00Z,0.0,0.0,0.0,4
2902255,14.248,61.767,2019-03-02T08:07:00Z,0.0,0.0,0.0,4
2902255,14.248,61.767,2019-03-02T08:07:00Z,0.0,0.0,0.0,4
2902255,14.248,61.767,2019-03-02T08:07:00Z,0.0,0.0,0.0,4
2902255,14.248,61.767,2019-03-02T08:07:00Z,0.0,0.0,0.0,4
2902255,14.248,61.767,2019-03-02T08:07:00Z,0.0,0.0,0.0,4
2902255,14.248,61.767,2019-03-02T08:07:00Z,0.0,0.0,0.0,4
2902255,14.248,61.767,2019-03-02T08:07:00Z,0.0,0.0,0.0,4
2902255,14.248,61.767,2019-03-02T08:07:00Z,0.0,0.0,0.0,4
2902255,14.248,61.767,2019-03-02T08:07:00Z,0.0,0.0,0.0,4
2902255,14.248,61.767,2019-03-02T08:07:00Z,0.0,0.0,0.0,4
2902255,14.248,61.767,2019-03-02T08:07:00Z,0.0,0.0,0.0,4
2902255,14.248,61.767,2019-03-02T08:07:00Z,0.0,0.0,0.0,4
2902255,14.248,61.767,2019-03-02T08:07:00Z,0.0,0.0,0.0,4
2902255,14.248,61.767,2019-03-02T08:07:00Z,0.0,0.0,0.0,4
2902255,14.248,61.767,2019-03-02T08:07:00Z,0.0,0.0,0.0,4
2902255,14.248,61.767,2019-03-02T08:07:00Z,0.0,0.0,0.0,4
2902255,14.248,61.767,2019-03-02T08:07:00Z,0.0,0.0,0.0,4
2902255,14.248,61.767,2019-03-02T08:07:00Z,0.0,0.0,0.0,4
2902255,14.248,61.767,2019-03-02T08:07:00Z,0.0,0.0,0.0,4
2902255,14.248,61.767,2019-03-02T08:07:00Z,0.0,0.0,0.0,4
2902255,14.248,61.767,2019-03-02T08:07:00Z,0.0,0.0,0.0,4
2902255,14.248,61.767,2019-03-02T08:07:00Z,0.0,0.0,0.0,4
2902255,14.248,61.767,2019-03-02T08:07:00Z,0.0,0.0,0.0,4
2902255,14.248,61.767,2019-03-02T08:07:00Z,0.0,0.0,0.0,4
2902255,14.248,61.767,2019-03-02T08:07:00Z,0.0,0.0,0.0,4
2902255,14.248,61.767,2019-03-02T08:07:00Z,0.0,0.0,0.0,4
2902255,14.248,61.767,2019-03-02T08:07:00Z,0.0,0.0,0.0,4
2902255,14.248,61.767,2019-03-02T08:07:00Z,0.0,0.0,0.0,4
2902255,14.248,61.767,2019-03-02T08:07:00Z,0.0,0.0,0.0,4
2902255,14.248,61.767,2019-03-02T08:07:00Z,0.0,0.0,0.0,4
2902255,14.248,61.767,2019-03-02T08:07:00Z,0.0,0.0,0.0,4
2902255,14.248,61.767,2019-03-02T08:07:00Z,0.0,0.0,0.0,4
2902255,14.248,61.767,2019-03-02T08:07:00Z,0.0,0.0,0.0,4
2902255,14.248,61.767,2019-03-02T08:07:00Z,0.0,0.0,0.0,4
2902255,14.248,61.767,2019-03-02T08:07:00Z,0.0,0.0,0.0,4
2902255,14.248,61.767,2019-03-02T08:07:00Z,0.0,0.0,0.0,4
2902255,14.248,61.767,2019-03-02T08:07:00Z,0.0,0.0,0.0,4
2902255,14.248,61.767,2019-03-02T08:07:00Z,0.0,0.0,0.0,4
2902255,14.248,61.767,2019-03-02T08:07:00Z,0.0,0.0,0.0,4
2902255,14.248,61.767,2019-03-02T08:07:00Z,0.0,0.0,0.0,4
2902255,14.248,61.767,2019-03-02T08:07:00Z,0.0,0.0,0.0,4
2902255,14.248,61.767,2019-03-02T08:07:00Z,0.0,0.0,0.0,4
2902255,14.248,61.767,2019-03-02T08:07:00Z,0.0,0.0,0.0,4
2902255,14.248,61.767,2019-03-02T08:07:00Z,0.0,0.0,0.0,4
2902255,14.248,61.767,2019-03-02T08:07:00Z,0.0,0.0,0.0,4
2902255,14.248,61.767,2019-03-02T08:07:00Z,0.0,0.0,0.0,4
2902255,14.248,61.767,2019-03-02T08:07:00Z,0.0,0.0,0.0,4
2902255,14.248,61.767,2019-03-02T08:07:00Z,0.0,0.0,0.0,4
2902255,14.248,61.767,2019-03-02T08:07:00Z,0.0,0.0,0.0,4
2902255,14.248,61.767,2019-03-02T08:07:00Z,0.0,0.0,0.0,4
2902255,14.248,61.767,2019-03-02T08:07:00Z,0.0,0.0,0.0,4
2902255,14.248,61.767,2019-03-02T08:07:00Z,0.0,0.0,0.0,4
2902255,14.248,61.767,2019-03-02T08:07:00Z,0.0,0.0,0.0,4
2902255,14.248,61.767,2019-03-02T08:07:00Z,0.0,0.0,0.0,4
2902255,14.248,61.767,2019-03-02T08:07:00Z,0.0,0.0,0.0,4
2902255,14.248,61.767,2019-03-02T08:07:00Z,0.0,0.0,0.0,4
2902255,14.248,61.767,2019-03-02T08:07:00Z,0.0,0.0,0.0,4
2902255,14.248,61.767,2019-03-02T08:07:00Z,0.0,0.0,0.0,4
2902255,14.248,61.767,2019-03-02T08:07:00Z,0.0,0.0,0.0,4
2902255,14.248,61.767,2019-03-02T08:07:00Z,0.0,0.0,0.0,4
2902255,14.248,61.767,2019-03-02T08:07:00Z,0.0,0.0,0.0,4
2902255,14.248,61.767,2019-03-02T08:07:00Z,0.0,0.0,0.0,4
2902255,14.248,61.767,2019-03-02T08:07:00Z,0.0,0.0,0.0,4
2902255,14.248,61.767,2019-03-02T08:07:00Z,0.0,0.0,0.0,4
2902255,14.248,61.767,2019-03-02T08:07:00Z,0.0,0.0,0.0,4
2902255,14.248,61.767,2019-03-02T08:07:00Z,0.0,0.0,0.0,4
2902255,14.248,61.767,2019-03-02T08:07:00Z,0.0,0.0,0.0,4
2902255,14.248,61.767,2019-03-02T08:07:00Z,0.0,0.0,0.0,4
2902255,14.248,61.767,2019-03-02T08:07:00Z,0.0,0.0,0.0,4
2902255,14.248,61.767,2019-03-02T08:07:00Z,0.0,0.0,0.0,4
2902255,14.248,61.767,2019-03-02T08:07:00Z,0.0,0.0,0.0,4
2902255,14.248,61.767,2019-03-02T08:07:00Z,0.0,0.0,0.0,4
2902255,14.248,61.767,2019-03-02T08:07:00Z,0.0,0.0,0.0,4
2902255,14.248,61.767,2019-03-02T08:07:00Z,0.0,0.0,0.0,4
2902255,14.248,61.767,2019-03-02T08:07:00Z,0.0,0.0,0.0,4
2902255,14.248,61.767,2019-03-02T08:07:00Z,0.0,0.0,0.0,4
2902255,14.248,61.767,2019-03-02T08:07:00Z,0.0,0.0,0.0,4
2902255,14.248,61.767,2019-03-02T08:07:00Z,0.0,0.0,0.0,4
2902255,14.248,61.767,2019-03-02T08:07:00Z,0.0,0.0,0.0,4
2902255,14.248,61.767,2019-03-02T08:07:00Z,0.0,0.0,0.0,4
2902255,14.248,61.767,2019-03-02T08:07:00Z,0.0,0.0,0.0,4
2902255,14.248,61.767,2019-03-02T08:07:00Z,0.0,0.0,0.0,4
2902255,14.248,61.767,2019-03-02T08:07:00Z,0.0,0.0,0.0,4
2902255,14.248,61.767,2019-03-02T08:07:00Z,0.0,0.0,0.0,4
2902255,14.248,61.767,2019-03-02T08:07:00Z,0.0,0.0,0.0,4
2902255,14.248,61.767,2019-03-02T08:07:00Z,0.0,0.0,0.0,4
2902255,14.248,61.767,2019-03-02T08:07:00Z,0.0,0.0,0.0,4
2902255,14.248,61.767,2019-03-02T08:07:00Z,0.0,0.0,0.0,4
2902255,14.248,61.767,2019-03-02T08:07:00Z,0.0,0.0,0.0,4
2902255,14.248,61.767,2019-03-02T08:07:00Z,0.0,0.0,0.0,4
2902255,14.248,61.767,2019-03-02T08:07:00Z,0.0,0.0,0.0,4
2902255,14.248,61.767,2019-03-02T08:07:00Z,0.0,0.0,0.0,4
2902255,14.248,61.767,2019-03-02T08:07:00Z,0.0,0.0,0.0,4
2902255,14.248,61.767,2019-03-02T08:07:00Z,0.0,0.0,0.0,4
2902255,14.248,61.767,2019-03-02T08:07:00Z,0.0,0.0,0.0,4
2902255,14.248,61.767,2019-03-02T08:07:00Z,0.0,0.0,0.0,4
2902255,14.248,61.767,2019-03-02T08:07:00Z,0.0,0.0,0.0,4
2902255,14.248,61.767,2019-03-02T08:07:00Z,0.0,0.0,0.0,4
2902255,14.248,61.767,2019-03-02T08:07:00Z,0.0,0.0,0.0,4
2902255,14.248,61.767,2019-03-02T08:07:00Z,0.0,0.0,0.0,4
2902255,14.248,61.767,2019-03-02T08:07:00Z,0.0,0.0,0.0,4
2902255,14.248,61.767,2019-03-02T08:07:00Z,0.0,0.0,0.0,4
2902255,14.248,61.767,2019-03-02T08:07:00Z,0.0,0.0,0.0,4
2902255,14.248,61.767,2019-03-02T08:07:00Z,0.0,0.0,0.0,4
2902255,14.248,61.767,2019-03-02T08:07:00Z,0.0,0.0,0.0,4
2902255,14.248,61.767,2019-03-02T08:07:00Z,0.0,0.0,0.0,4
2902255,14.248,61.767,2019-03-02T08:07:00Z,0.0,0.0,0.0,4
2902255,14.248,61.767,2019-03-02T08:07:00Z,0.0,0.0,0.0,4
2902255,14.248,61.767,2019-03-02T08:07:00Z,0.0,0.0,0.0,4
2902255,14.248,61.767,2019-03-02T08:07:00Z,0.0,0.0,0.0,4
2902255,14.248,61.767,2019-03-02T08:07:00Z,0.0,0.0,0.0,4
2902255,14.248,61.767,2019-03-02T08:07:00Z,0.0,0.0,0.0,4
2902255,14.248,61.767,2019-03-02T08:07:00Z,0.0,0.0,0.0,4
2902255,14.248,61.767,2019-03-02T08:07:00Z,0.0,0.0,0.0,4
2902255,14.248,61.767,2019-03-02T08:07:00Z,0.0,0.0,0.0,4
2902255,14.248,61.767,2019-03-02T08:07:00Z,0.0,0.0,0.0,4
2902255,14.248,61.767,2019-03-02T08:07:00Z,0.0,0.0,0.0,4
2902255,14.248,61.767,2019-03-02T08:07:00Z,0.0,0.0,0.0,4
2902255,14.248,61.767,2019-03-02T08:07:00Z,0.0,0.0,0.0,4
2902255,14.248,61.767,2019-03-02T08:07:00Z,0.0,0.0,0.0,4
2902255,14.248,61.767,2019-03-02T08:07:00Z,0.0,0.0,0.0,4
2902255,14.248,61.767,2019-03-02T08:07:00Z,0.0,0.0,0.0,4
2902255,14.248,61.767,2019-03-02T08:07:00Z,0.0,0.0,0.0,4
2902255,14.248,61.767,2019-03-02T08:07:00Z,0.0,0.0,0.0,4
2902255,14.248,61.767,2019-03-02T08:07:00Z,0.0,0.0,0.0,4
2902255,14.248,61.767,2019-03-02T08:07:00Z,0.0,0.0,0.0,4
2902255,14.248,61.767,2019-03-02T08:07:00Z,26.181,36.343,1.0,4
2902255,14.248,61.767,2019-03-02T08:07:00Z,26.172,36.346,2.0,1
2902255,14.248,61.767,2019-03-02T08:07:00Z,26.145,36.369,3.0,1
2902255,14.248,61.767,2019-03-02T08:07:00Z,26.128,36.386,4.0,1
2902255,14.248,61.767,2019-03-02T08:07:00Z,26.133,36.416,5.0,1
2902255,14.248,61.767,2019-03-02T08:07:00Z,26.147,36.432,6.0,1
2902257,17.713,68.831,2019-03-02T08:09:00Z,0.0,0.0,0.0,4
2902257,17.713,68.831,2019-03-02T08:09:00Z,0.0,0.0,0.0,4
2902257,17.713,68.831,2019-03-02T08:09:00Z,0.0,0.0,0.0,4
2902257,17.713,68.831,2019-03-02T08:09:00Z,0.0,0.0,0.0,4
2902257,17.713,68.831,2019-03-02T08:09:00Z,0.0,0.0,0.0,4
2902257,17.713,68.831,2019-03-02T08:09:00Z,0.0,0.0,0.0,4
2902257,17.713,68.831,2019-03-02T08:09:00Z,0.0,0.0,0.0,4
2902257,17.713,68.831,2019-03-02T08:09:00Z,0.0,0.0,0.0,4
2902257,17.713,68.831,2019-03-02T08:09:00Z,0.0,0.0,0.0,4
2902257,17.713,68.831,2019-03-02T08:09:00Z,0.0,0.0,0.0,4
2902257,17.713,68.831,2019-03-02T08:09:00Z,0.0,0.0,0.0,4
2902257,17.713,68.831,2019-03-02T08:09:00Z,0.0,0.0,0.0,4
2902257,17.713,68.831,2019-03-02T08:09:00Z,0.0,0.0,0.0,4
2902257,17.713,68.831,2019-03-02T08:09:00Z,0.0,0.0,0.0,4
2902257,17.713,68.831,2019-03-02T08:09:00Z,0.0,0.0,0.0,4
2902257,17.713,68.831,2019-03-02T08:09:00Z,0.0,0.0,0.0,4
2902257,17.713,68.831,2019-03-02T08:09:00Z,0.0,0.0,0.0,4
2902257,17.713,68.831,2019-03-02T08:09:00Z,0.0,0.0,0.0,4
2902257,17.713,68.831,2019-03-02T08:09:00Z,0.0,0.0,0.0,4
2902257,17.713,68.831,2019-03-02T08:09:00Z,0.0,0.0,0.0,4
2902257,17.713,68.831,2019-03-02T08:09:00Z,0.0,0.0,0.0,4
2902257,17.713,68.831,2019-03-02T08:09:00Z,0.0,0.0,0.0,4
2902257,17.713,68.831,2019-03-02T08:09:00Z,0.0,0.0,0.0,4
2902257,17.713,68.831,2019-03-02T08:09:00Z,0.0,0.0,0.0,4
2902257,17.713,68.831,2019-03-02T08:09:00Z,0.0,0.0,0.0,4
2902257,17.713,68.831,2019-03-02T08:09:00Z,0.0,0.0,0.0,4
2902257,17.713,68.831,2019-03-02T08:09:00Z,0.0,0.0,0.0,4
2902257,17.713,68.831,2019-03-02T08:09:00Z,0.0,0.0,0.0,4
2902257,17.713,68.831,2019-03-02T08:09:00Z,0.0,0.0,0.0,4
2902257,17.713,68.831,2019-03-02T08:09:00Z,0.0,0.0,0.0,4
2902257,17.713,68.831,2019-03-02T08:09:00Z,0.0,0.0,0.0,4
2902257,17.713,68.831,2019-03-02T08:09:00Z,0.0,0.0,0.0,4
2902257,17.713,68.831,2019-03-02T08:09:00Z,0.0,0.0,0.0,4
2902257,17.713,68.831,2019-03-02T08:09:00Z,0.0,0.0,0.0,4
2902257,17.713,68.831,2019-03-02T08:09:00Z,0.0,0.0,0.0,4
2902257,17.713,68.831,2019-03-02T08:09:00Z,0.0,0.0,0.0,4
2902257,17.713,68.831,2019-03-02T08:09:00Z,0.0,0.0,0.0,4
2902257,17.713,68.831,2019-03-02T08:09:00Z,0.0,0.0,0.0,4
2902257,17.713,68.831,2019-03-02T08:09:00Z,0.0,0.0,0.0,4
2902257,17.713,68.831,2019-03-02T08:09:00Z,0.0,0.0,0.0,4
2902257,17.713,68.831,2019-03-02T08:09:00Z,0.0,0.0,0.0,4
2902257,17.713,68.831,2019-03-02T08:09:00Z,0.0,0.0,0.0,4
2902257,17.713,68.831,2019-03-02T08:09:00Z,0.0,0.0,0.0,4
2902257,17.713,68.831,2019-03-02T08:09:00Z,0.0,0.0,0.0,4
2902257,17.713,68.831,2019-03-02T08:09:00Z,0.0,0.0,0.0,4
2902257,17.713,68.831,2019-03-02T08:09:00Z,0.0,0.0,0.0,4
2902257,17.713,68.831,2019-03-02T08:09:00Z,0.0,0.0,0.0,4
2902257,17.713,68.831,2019-03-02T08:09:00Z,0.0,0.0,0.0,4
2902257,17.713,68.831,2019-03-02T08:09:00Z,0.0,0.0,0.0,4
2902257,17.713,68.831,2019-03-02T08:09:00Z,0.0,0.0,0.0,4
2902257,17.713,68.831,2019-03-02T08:09:00Z,0.0,0.0,0.0,4
2902257,17.713,68.831,2019-03-02T08:09:00Z,0.0,0.0,0.0,4
2902257,17.713,68.831,2019-03-02T08:09:00Z,0.0,0.0,0.0,4
2902257,17.713,68.831,2019-03-02T08:09:00Z,0.0,0.0,0.0,4
2902257,17.713,68.831,2019-03-02T08:09:00Z,0.0,0.0,0.0,4
2902257,17.713,68.831,2019-03-02T08:09:00Z,0.0,0.0,0.0,4
2902257,17.713,68.831,2019-03-02T08:09:00Z,0.0,0.0,0.0,4
2902257,17.713,68.831,2019-03-02T08:09:00Z,0.0,0.0,0.0,4
2902257,17.713,68.831,2019-03-02T08:09:00Z,0.0,0.0,0.0,4
2902257,17.713,68.831,2019-03-02T08:09:00Z,0.0,0.0,0.0,4
2902257,17.713,68.831,2019-03-02T08:09:00Z,0.0,0.0,0.0,4
2902257,17.713,68.831,2019-03-02T08:09:00Z,0.0,0.0,0.0,4
2902257,17.713,68.831,2019-03-02T08:09:00Z,0.0,0.0,0.0,4
2902257,17.713,68.831,2019-03-02T08:09:00Z,0.0,0.0,0.0,4
2902257,17.713,68.831,2019-03-02T08:09:00Z,0.0,0.0,0.0,4
2902257,17.713,68.831,2019-03-02T08:09:00Z,0.0,0.0,0.0,4
2902257,17.713,68.831,2019-03-02T08:09:00Z,0.0,0.0,0.0,4
2902257,17.713,68.831,2019-03-02T08:09:00Z,0.0,0.0,0.0,4
2902257,17.713,68.831,2019-03-02T08:09:00Z,0.0,0.0,0.0,4
2902257,17.713,68.831,2019-03-02T08:09:00Z,0.0,0.0,0.0,4
2902257,17.713,68.831,2019-03-02T08:09:00Z,0.0,0.0,0.0,4
2902257,17.713,68.831,2019-03-02T08:09:00Z,0.0,0.0,0.0,4
2902257,17.713,68.831,2019-03-02T08:09:00Z,0.0,0.0,0.0,4
2902257,17.713,68.831,2019-03-02T08:09:00Z,0.0,0.0,0.0,4
2902257,17.713,68.831,2019-03-02T08:09:00Z,0.0,0.0,0.0,4
2902257,17.713,68.831,2019-03-02T08:09:00Z,0.0,0.0,0.0,4
2902257,17.713,68.831,2019-03-02T08:09:00Z,0.0,0.0,0.0,4
2902257,17.713,68.831,2019-03-02T08:09:00Z,0.0,0.0,0.0,4
2902257,17.713,68.831,2019-03-02T08:09:00Z,0.0,0.0,0.0,4
2902257,17.713,68.831,2019-03-02T08:09:00Z,0.0,0.0,0.0,4
2902257,17.713,68.831,2019-03-02T08:09:00Z,0.0,0.0,0.0,4
2902257,17.713,68.831,2019-03-02T08:09:00Z,0.0,0.0,0.0,4
2902257,17.713,68.831,2019-03-02T08:09:00Z,0.0,0.0,0.0,4
2902257,17.713,68.831,2019-03-02T08:09:00Z,0.0,0.0,0.0,4
2902257,17.713,68.831,2019-03-02T08:09:00Z,0.0,0.0,0.0,4
2902257,17.713,68.831,2019-03-02T08:09:00Z,0.0,0.0,0.0,4
2902257,17.713,68.831,2019-03-02T08:09:00Z,0.0,0.0,0.0,4
2902257,17.713,68.831,2019-03-02T08:09:00Z,0.0,0.0,0.0,4
2902257,17.713,68.831,2019-03-02T08:09:00Z,0.0,0.0,0.0,4
2902257,17.713,68.831,2019-03-02T08:09:00Z,0.0,0.0,0.0,4
2902257,17.713,68.831,2019-03-02T08:09:00Z,0.0,0.0,0.0,4
2902257,17.713,68.831,2019-03-02T08:09:00Z,0.0,0.0,0.0,4
2902257,17.713,68.831,2019-03-02T08:09:00Z,0.0,0.0,0.0,4
2902257,17.713,68.831,2019-03-02T08:09:00Z,0.0,0.0,0.0,4
2902257,17.713,68.831,2019-03-02T08:09:00Z,0.0,0.0,0.0,4
2902257,17.713,68.831,2019-03-02T08:09:00Z,0.0,0.0,0.0,4
2902257,17.713,68.831,2019-03-02T08:09:00Z,0.0,0.0,0.0,4
2902257,17.713,68.831,2019-03-02T08:09:00Z,0.0,0.0,0.0,4
2902257,17.713,68.831,2019-03-02T08:09:00Z,0.0,0.0,0.0,4
2902257,17.713,68.831,2019-03-02T08:09:00Z,0.0,0.0,0.0,4
2902257,17.713,68.831,2019-03-02T08:09:00Z,0.0,0.0,0.0,4
2902257,17.713,68.831,2019-03-02T08:09:00Z,0.0,0.0,0.0,4
2902257,17.713,68.831,2019-03-02T08:09:00Z,0.0,0.0,0.0,4
2902257,17.713,68.831,2019-03-02T08:09:00Z,0.0,0.0,0.0,4
2902257,17.713,68.831,2019-03-02T08:09:00Z,0.0,0.0,0.0,4
2902257,17.713,68.831,2019-03-02T08:09:00Z,0.0,0.0,0.0,4
2902257,17.713,68.831,2019-03-02T08:09:00Z,0.0,0.0,0.0,4
2902257,17.713,68.831,2019-03-02T08:09:00Z,0.0,0.0,0.0,4
2902257,17.713,68.831,2019-03-02T08:09:00Z,0.0,0.0,0.0,4
2902257,17.713,68.831,2019-03-02T08:09:00Z,0.0,0.0,0.0,4
2902257,17.713,68.831,2019-03-02T08:09:00Z,0.0,0.0,0.0,4
2902257,17.713,68.831,2019-03-02T08:09:00Z,0.0,0.0,0.0,4
2902257,17.713,68.831,2019-03-02T08:09:00Z,0.0,0.0,0.0,4
2902257,17.713,68.831,2019-03-02T08:09:00Z,0.0,0.0,0.0,4
2902257,17.713,68.831,2019-03-02T08:09:00Z,0.0,0.0,0.0,4
2902257,17.713,68.831,2019-03-02T08:09:00Z,0.0,0.0,0.0,4
2902257,17.713,68.831,2019-03-02T08:09:00Z,0.0,0.0,0.0,4
2902257,17.713,68.831,2019-03-02T08:09:00Z,0.0,0.0,0.0,4
2902257,17.713,68.831,2019-03-02T08:09:00Z,0.0,0.0,0.0,4
2902257,17.713,68.831,2019-03-02T08:09:00Z,0.0,0.0,0.0,4
2902257,17.713,68.831,2019-03-02T08:09:00Z,0.0,0.0,0.0,4
2902257,17.713,68.831,2019-03-02T08:09:00Z,0.0,0.0,0.0,4
2902257,17.713,68.831,2019-03-02T08:09:00Z,0.0,0.0,0.0,4
2902257,17.713,68.831,2019-03-02T08:09:00Z,0.0,0.0,0.0,4
2902257,17.713,68.831,2019-03-02T08:09:00Z,0.0,0.0,0.0,4
2902257,17.713,68.831,2019-03-02T08:09:00Z,0.0,0.0,0.0,4
2902257,17.713,68.831,2019-03-02T08:09:00Z,0.0,0.0,0.0,4
2902257,17.713,68.831,2019-03-02T08:09:00Z,0.0,0.0,0.0,4
2902257,17.713,68.831,2019-03-02T08:09:00Z,0.0,0.0,0.0,4
2902257,17.713,68.831,2019-03-02T08:09:00Z,0.0,0.0,0.0,4
2902257,17.713,68.831,2019-03-02T08:09:00Z,0.0,0.0,0.0,4
2902257,17.713,68.831,2019-03-02T08:09:00Z,0.0,0.0,0.0,4
2902257,17.713,68.831,2019-03-02T08:09:00Z,0.0,0.0,0.0,4
2902257,17.713,68.831,2019-03-02T08:09:00Z,0.0,0.0,0.0,4
2902257,17.713,68.831,2019-03-02T08:09:00Z,0.0,0.0,0.0,4
2902257,17.713,68.831,2019-03-02T08:09:00Z,0.0,0.0,0.0,4
2902257,17.713,68.831,2019-03-02T08:09:00Z,0.0,0.0,0.0,4
2902257,17.713,68.831,2019-03-02T08:09:00Z,0.0,0.0,0.0,4
2902257,17.713,68.831,2019-03-02T08:09:00Z,0.0,0.0,0.0,4
2902257,17.713,68.831,2019-03-02T08:09:00Z,0.0,0.0,0.0,4
2902257,17.713,68.831,2019-03-02T08:09:00Z,0.0,0.0,0.0,4
2902257,17.713,68.831,2019-03-02T08:09:00Z,0.0,0.0,0.0,4
2902257,17.713,68.831,2019-03-02T08:09:00Z,0.0,0.0,0.0,4
2902257,17.713,68.831,2019-03-02T08:09:00Z,0.0,0.0,0.0,4
2902257,17.713,68.831,2019-03-02T08:09:00Z,0.0,0.0,0.0,4
2902257,17.713,68.831,2019-03-02T08:09:00Z,0.0,0.0,0.0,4
2902257,17.713,68.831,2019-03-02T08:09:00Z,0.0,0.0,0.0,4
2902257,17.713,68.831,2019-03-02T08:09:00Z,0.0,0.0,0.0,4
2902257,17.713,68.831,2019-03-02T08:09:00Z,0.0,0.0,0.0,4
2902257,17.713,68.831,2019-03-02T08:09:00Z,0.0,0.0,0.0,4
2902257,17.713,68.831,2019-03-02T08:09:00Z,0.0,0.0,0.0,4
2902257,17.713,68.831,2019-03-02T08:09:00Z,0.0,0.0,0.0,4
2902257,17.713,68.831,2019-03-02T08:09:00Z,0.0,0.0,0.0,4
2902257,17.713,68.831,2019-03-02T08:09:00Z,0.0,0.0,0.0,4
2902257,17.713,68.831,2019-03-02T08:09:00Z,0.0,0.0,0.0,4
2902257,17.713,68.831,2019-03-02T08:09:00Z,0.0,0.0,0.0,4
2902257,17.713,68.831,2019-03-02T08:09:00Z,0.0,0.0,0.0,4
2902257,17.713,68.831,2019-03-02T08:09:00Z,0.0,0.0,0.0,4
2902257,17.713,68.831,2019-03-02T08:09:00Z,0.0,0.0,0.0,4
2902257,17.713,68.831,2019-03-02T08:09:00Z,0.0,0.0,0.0,4
2902257,17.713,68.831,2019-03-02T08:09:00Z,0.0,0.0,0.0,4
2902257,17.713,68.831,2019-03-02T08:09:00Z,0.0,0.0,0.0,4
2902257,17.713,68.831,2019-03-02T08:09:00Z,0.0,0.0,0.0,4
2902257,17.713,68.831,2019-03-02T08:09:00Z,0.0,0.0,0.0,4
2902257,17.713,68.831,2019-03-02T08:09:00Z,0.0,0.0,0.0,4
2902257,17.713,68.831,2019-03-02T08:09:00Z,0.0,0.0,0.0,4
2902257,17.713,68.831,2019-03-02T08:09:00Z,0.0,0.0,0.0,4
2902257,17.713,68.831,2019-03-02T08:09:00Z,0.0,0.0,0.0,4
2902257,17.713,68.831,2019-03-02T08:09:00Z,0.0,0.0,0.0,4
2902257,17.713,68.831,2019-03-02T08:09:00Z,0.0,0.0,0.0,4
2902257,17.713,68.831,2019-03-02T08:09:00Z,0.0,0.0,0.0,4
2902257,17.713,68.831,2019-03-02T08:09:00Z,0.0,0.0,0.0,4
2902257,17.713,68.831,2019-03-02T08:09:00Z,0.0,0.0,0.0,4
2902257,17.713,68.831,2019-03-02T08:09:00Z,0.0,0.0,0.0,4
2902257,17.713,68.831,2019-03-02T08:09:00Z,0.0,0.0,0.0,4
2902257,17.713,68.831,2019-03-02T08:09:00Z,0.0,0.0,0.0,4
2902257,17.713,68.831,2019-03-02T08:09:00Z,0.0,0.0,0.0,4
2902257,17.713,68.831,2019-03-02T08:09:00Z,0.0,0.0,0.0,4
2902257,17.713,68.831,2019-03-02T08:09:00Z,0.0,0.0,0.0,4
2902257,17.713,68.831,2019-03-02T08:09:00Z,0.0,0.0,0.0,4
2902257,17.713,68.831,2019-03-02T08:09:00Z,0.0,0.0,0.0,4
2902257,17.713,68.831,2019-03-02T08:09:00Z,0.0,0.0,0.0,4
2902257,17.713,68.831,2019-03-02T08:09:00Z,0.0,0.0,0.0,4
2902257,17.713,68.831,2019-03-02T08:09:00Z,0.0,0.0,0.0,4
2902257,17.713,68.831,2019-03-02T08:09:00Z,0.0,0.0,0.0,4
2902257,17.713,68.831,2019-03-02T08:09:00Z,0.0,0.0,0.0,4
2902257,17.713,68.831,2019-03-02T08:09:00Z,0.0,0.0,0.0,4
2902257,17.713,68.831,2019-03-02T08:09:00Z,0.0,0.0,0.0,4
2902257,17.713,68.831,2019-03-02T08:09:00Z,0.0,0.0,0.0,4
2902257,17.713,68.831,2019-03-02T08:09:00Z,0.0,0.0,0.0,4
2902257,17.713,68.831,2019-03-02T08:09:00Z,0.0,0.0,0.0,4
2902257,17.713,68.831,2019-03-02T08:09:00Z,0.0,0.0,0.0,4
2902257,17.713,68.831,2019-03-02T08:09:00Z,0.0,0.0,0.0,4
2902257,17.713,68.831,2019-03-02T08:09:00Z,0.0,0.0,0.0,4
2902257,17.713,68.831,2019-03-02T08:09:00Z,0.0,0.0,0.0,4
2902257,17.713,68.831,2019-03-02T08:09:00Z,0.0,0.0,0.0,4
2902257,17.713,68.831,2019-03-02T08:09:00Z,0.0,0.0,0.0,4
2902257,17.713,68.831,2019-03-02T08:09:00Z,0.0,0.0,0.0,4
2902257,17.713,68.831,2019-03-02T08:09:00Z,0.0,0.0,0.0,4
2902257,17.713,68.831,2019-03-02T08:09:00Z,0.0,0.0,0.0,4
2902257,17.713,68.831,2019-03-02T08:09:00Z,0.0,0.0,0.0,4
2902257,17.713,68.831,2019-03-02T08:09:00Z,0.0,0.0,0.0,4
2902257,17.713,68.831,2019-03-02T08:09:00Z,0.0,0.0,0.0,4
2902257,17.713,68.831,2019-03-02T08:09:00Z,0.0,0.0,0.0,4
2902257,17.713,68.831,2019-03-02T08:09:00Z,0.0,0.0,0.0,4
2902257,17.713,68.831,2019-03-02T08:09:00Z,0.0,0.0,0.0,4
2902257,17.713,68.831,2019-03-02T08:09:00Z,0.0,0.0,0.0,4
2902257,17.713,68.831,2019-03-02T08:09:00Z,0.0,0.0,0.0,4
2902257,17.713,68.831,2019-03-02T08:09:00Z,0.0,0.0,0.0,4
2902257,17.713,68.831,2019-03-02T08:09:00Z,0.0,0.0,0.0,4
2902257,17.713,68.831,2019-03-02T08:09:00Z,0.0,0.0,0.0,4
2902257,17.713,68.831,2019-03-02T08:09:00Z,0.0,0.0,0.0,4
2902257,17.713,68.831,2019-03-02T08:09:00Z,0.0,0.0,0.0,4
2902257,17.713,68.831,2019-03-02T08:09:00Z,0.0,0.0,0.0,4
2902257,17.713,68.831,2019-03-02T08:09:00Z,0.0,0.0,0.0,4
2902257,17.713,68.831,2019-03-02T08:09:00Z,0.0,0.0,0.0,4
2902257,17.713,68.831,2019-03-02T08:09:00Z,0.0,0.0,0.0,4
2902257,17.713,68.831,2019-03-02T08:09:00Z,0.0,0.0,0.0,4
2902257,17.713,68.831,2019-03-02T08:09:00Z,0.0,0.0,0.0,4
2902257,17.713,68.831,2019-03-02T08:09:00Z,0.0,0.0,0.0,4
2902257,17.713,68.831,2019-03-02T08:09:00Z,0.0,0.0,0.0,4
2902257,17.713,68.831,2019-03-02T08:09:00Z,0.0,0.0,0.0,4
2902257,17.713,68.831,2019-03-02T08:09:00Z,0.0,0.0,0.0,4
2902257,17.713,68.831,2019-03-02T08:09:00Z,0.0,0.0,0.0,4
2902257,17.713,68.831,2019-03-02T08:09:00Z,0.0,0.0,0.0,4
2902257,17.713,68.831,2019-03-02T08:09:00Z,0.0,0.0,0.0,4
2902257,17.713,68.831,2019-03-02T08:09:00Z,0.0,0.0,0.0,4
2902257,17.713,68.831,2019-03-02T08:09:00Z,0.0,0.0,0.0,4
2902257,17.713,68.831,2019-03-02T08:09:00Z,0.0,0.0,0.0,4
2902257,17.713,68.831,2019-03-02T08:09:00Z,0.0,0.0,0.0,4
2902257,17.713,68.831,2019-03-02T08:09:00Z,0.0,0.0,0.0,4
2902257,17.713,68.831,2019-03-02T08:09:00Z,0.0,0.0,0.0,4
2902257,17.713,68.831,2019-03-02T08:09:00Z,26.411,37.401,1.0,4
2902257,17.713,68.831,2019-03-02T08:09:00Z,26.088,37.401,2.0,4
2902257,17.713,68.831,2019-03-02T08:09:00Z,26.05,37.401,3.0,4
2902257,17.713,68.831,2019-03-02T08:09:00Z,26.032,37.401,4.0,4
2902257,17.713,68.831,2019-03-02T08:09:00Z,26.009,37.401,5.0,4
2902257,17.713,68.831,2019-03-02T08:09:00Z,25.999,37.401,6.0,4
2902267,21.108,63.255,2019-03-02T13:44:00Z,0.0,0.0,0.0,4
2902267,21.108,63.255,2019-03-02T13:44:00Z,0.0,0.0,0.0,4
2902267,21.108,63.255,2019-03-02T13:44:00Z,0.0,0.0,0.0,4
2902267,21.108,63.255,2019-03-02T13:44:00Z,0.0,0.0,0.0,4
2902267,21.108,63.255,2019-03-02T13:44:00Z,0.0,0.0,0.0,4
2902267,21.108,63.255,2019-03-02T13:44:00Z,0.0,0.0,0.0,4
2902267,21.108,63.255,2019-03-02T13:44:00Z,0.0,0.0,0.0,4
2902267,21.108,63.255,2019-03-02T13:44:00Z,0.0,0.0,0.0,4
2902267,21.108,63.255,2019-03-02T13:44:00Z,0.0,0.0,0.0,4
2902267,21.108,63.255,2019-03-02T13:44:00Z,0.0,0.0,0.0,4
2902267,21.108,63.255,2019-03-02T13:44:00Z,0.0,0.0,0.0,4
2902267,21.108,63.255,2019-03-02T13:44:00Z,0.0,0.0,0.0,4
2902267,21.108,63.255,2019-03-02T13:44:00Z,0.0,0.0,0.0,4
2902267,21.108,63.255,2019-03-02T13:44:00Z,0.0,0.0,0.0,4
2902267,21.108,63.255,2019-03-02T13:44:00Z,0.0,0.0,0.0,4
2902267,21.108,63.255,2019-03-02T13:44:00Z,0.0,0.0,0.0,4
2902267,21.108,63.255,2019-03-02T13:44:00Z,0.0,0.0,0.0,4
2902267,21.108,63.255,2019-03-02T13:44:00Z,0.0,0.0,0.0,4
2902267,21.108,63.255,2019-03-02T13:44:00Z,0.0,0.0,0.0,4
2902267,21.108,63.255,2019-03-02T13:44:00Z,0.0,0.0,0.0,4
2902267,21.108,63.255,2019-03-02T13:44:00Z,0.0,0.0,0.0,4
2902267,21.108,63.255,2019-03-02T13:44:00Z,0.0,0.0,0.0,4
2902267,21.108,63.255,2019-03-02T13:44:00Z,0.0,0.0,0.0,4
2902267,21.108,63.255,2019-03-02T13:44:00Z,0.0,0.0,0.0,4
2902267,21.108,63.255,2019-03-02T13:44:00Z,0.0,0.0,0.0,4
2902267,21.108,63.255,2019-03-02T13:44:00Z,0.0,0.0,0.0,4
2902267,21.108,63.255,2019-03-02T13:44:00Z,0.0,0.0,0.0,4
2902267,21.108,63.255,2019-03-02T13:44:00Z,0.0,0.0,0.0,4
2902267,21.108,63.255,2019-03-02T13:44:00Z,0.0,0.0,0.0,4
2902267,21.108,63.255,2019-03-02T13:44:00Z,0.0,0.0,0.0,4
2902267,21.108,63.255,2019-03-02T13:44:00Z,0.0,0.0,0.0,4
2902267,21.108,63.255,2019-03-02T13:44:00Z,0.0,0.0,0.0,4
2902267,21.108,63.255,2019-03-02T13:44:00Z,0.0,0.0,0.0,4
2902267,21.108,63.255,2019-03-02T13:44:00Z,0.0,0.0,0.0,4
2902267,21.108,63.255,2019-03-02T13:44:00Z,0.0,0.0,0.0,4
2902267,21.108,63.255,2019-03-02T13:44:00Z,0.0,0.0,0.0,4
2902267,21.108,63.255,2019-03-02T13:44:00Z,0.0,0.0,0.0,4
2902267,21.108,63.255,2019-03-02T13:44:00Z,0.0,0.0,0.0,4
2902267,21.108,63.255,2019-03-02T13:44:00Z,0.0,0.0,0.0,4
2902267,21.108,63.255,2019-03-02T13:44:00Z,0.0,0.0,0.0,4
2902267,21.108,63.255,2019-03-02T13:44:00Z,0.0,0.0,0.0,4
2902267,21.108,63.255,2019-03-02T13:44:00Z,0.0,0.0,0.0,4
2902267,21.108,63.255,2019-03-02T13:44:00Z,0.0,0.0,0.0,4
2902267,21.108,63.255,2019-03-02T13:44:00Z,0.0,0.0,0.0,4
2902267,21.108,63.255,2019-03-02T13:44:00Z,0.0,0.0,0.0,4
2902267,21.108,63.255,2019-03-02T13:44:00Z,0.0,0.0,0.0,4
2902267,21.108,63.255,2019-03-02T13:44:00Z,0.0,0.0,0.0,4
2902267,21.108,63.255,2019-03-02T13:44:00Z,0.0,0.0,0.0,4
2902267,21.108,63.255,2019-03-02T13:44:00Z,0.0,0.0,0.0,4
2902267,21.108,63.255,2019-03-02T13:44:00Z,0.0,0.0,0.0,4
2902267,21.108,63.255,2019-03-02T13:44:00Z,0.0,0.0,0.0,4
2902267,21.108,63.255,2019-03-02T13:44:00Z,0.0,0.0,0.0,4
2902267,21.108,63.255,2019-03-02T13:44:00Z,0.0,0.0,0.0,4
2902267,21.108,63.255,2019-03-02T13:44:00Z,0.0,0.0,0.0,4
2902267,21.108,63.255,2019-03-02T13:44:00Z,0.0,0.0,0.0,4
2902267,21.108,63.255,2019-03-02T13:44:00Z,0.0,0.0,0.0,4
2902267,21.108,63.255,2019-03-02T13:44:00Z,0.0,0.0,0.0,4
2902267,21.108,63.255,2019-03-02T13:44:00Z,0.0,0.0,0.0,4
2902267,21.108,63.255,2019-03-02T13:44:00Z,0.0,0.0,0.0,4
2902267,21.108,63.255,2019-03-02T13:44:00Z,0.0,0.0,0.0,4
2902267,21.108,63.255,2019-03-02T13:44:00Z,0.0,0.0,0.0,4
2902267,21.108,63.255,2019-03-02T13:44:00Z,0.0,0.0,0.0,4
2902267,21.108,63.255,2019-03-02T13:44:00Z,0.0,0.0,0.0,4
2902267,21.108,63.255,2019-03-02T13:44:00Z,0.0,0.0,0.0,4
2902267,21.108,63.255,2019-03-02T13:44:00Z,0.0,0.0,0.0,4
2902267,21.108,63.255,2019-03-02T13:44:00Z,0.0,0.0,0.0,4
2902267,21.108,63.255,2019-03-02T13:44:00Z,0.0,0.0,0.0,4
2902267,21.108,63.255,2019-03-02T13:44:00Z,0.0,0.0,0.0,4
2902267,21.108,63.255,2019-03-02T13:44:00Z,0.0,0.0,0.0,4
2902267,21.108,63.255,2019-03-02T13:44:00Z,0.0,0.0,0.0,4
2902267,21.108,63.255,2019-03-02T13:44:00Z,0.0,0.0,0.0,4
2902267,21.108,63.255,2019-03-02T13:44:00Z,0.0,0.0,0.0,4
2902267,21.108,63.255,2019-03-02T13:44:00Z,0.0,0.0,0.0,4
2902267,21.108,63.255,2019-03-02T13:44:00Z,0.0,0.0,0.0,4
2902267,21.108,63.255,2019-03-02T13:44:00Z,0.0,0.0,0.0,4
2902267,21.108,63.255,2019-03-02T13:44:00Z,0.0,0.0,0.0,4
2902267,21.108,63.255,2019-03-02T13:44:00Z,0.0,0.0,0.0,4
2902267,21.108,63.255,2019-03-02T13:44:00Z,0.0,0.0,0.0,4
2902267,21.108,63.255,2019-03-02T13:44:00Z,0.0,0.0,0.0,4
2902267,21.108,63.255,2019-03-02T13:44:00Z,0.0,0.0,0.0,4
2902267,21.108,63.255,2019-03-02T13:44:00Z,0.0,0.0,0.0,4
2902267,21.108,63.255,2019-03-02T13:44:00Z,0.0,0.0,0.0,4
2902267,21.108,63.255,2019-03-02T13:44:00Z,0.0,0.0,0.0,4
2902267,21.108,63.255,2019-03-02T13:44:00Z,0.0,0.0,0.0,4
2902267,21.108,63.255,2019-03-02T13:44:00Z,0.0,0.0,0.0,4
2902267,21.108,63.255,2019-03-02T13:44:00Z,0.0,0.0,0.0,4
2902267,21.108,63.255,2019-03-02T13:44:00Z,0.0,0.0,0.0,4
2902267,21.108,63.255,2019-03-02T13:44:00Z,0.0,0.0,0.0,4
2902267,21.108,63.255,2019-03-02T13:44:00Z,0.0,0.0,0.0,4
2902267,21.108,63.255,2019-03-02T13:44:00Z,0.0,0.0,0.0,4
2902267,21.108,63.255,2019-03-02T13:44:00Z,0.0,0.0,0.0,4
2902267,21.108,63.255,2019-03-02T13:44:00Z,0.0,0.0,0.0,4
2902267,21.108,63.255,2019-03-02T13:44:00Z,0.0,0.0,0.0,4
2902267,21.108,63.255,2019-03-02T13:44:00Z,0.0,0.0,0.0,4
2902267,21.108,63.255,2019-03-02T13:44:00Z,0.0,0.0,0.0,4
2902267,21.108,63.255,2019-03-02T13:44:00Z,0.0,0.0,0.0,4
2902267,21.108,63.255,2019-03-02T13:44:00Z,0.0,0.0,0.0,4
2902267,21.108,63.255,2019-03-02T13:44:00Z,0.0,0.0,0.0,4
2902267,21.108,63.255,2019-03-02T13:44:00Z,0.0,0.0,0.0,4
2902267,21.108,63.255,2019-03-02T13:44:00Z,0.0,0.0,0.0,4
2902267,21.108,63.255,2019-03-02T13:44:00Z,0.0,0.0,0.0,4
2902267,21.108,63.255,2019-03-02T13:44:00Z,0.0,0.0,0.0,4
2902267,21.108,63.255,2019-03-02T13:44:00Z,0.0,0.0,0.0,4
2902267,21.108,63.255,2019-03-02T13:44:00Z,0.0,0.0,0.0,4
2902267,21.108,63.255,2019-03-02T13:44:00Z,0.0,0.0,0.0,4
2902267,21.108,63.255,2019-03-02T13:44:00Z,0.0,0.0,0.0,4
2902267,21.108,63.255,2019-03-02T13:44:00Z,0.0,0.0,0.0,4
2902267,21.108,63.255,2019-03-02T13:44:00Z,0.0,0.0,0.0,4
2902267,21.108,63.255,2019-03-02T13:44:00Z,0.0,0.0,0.0,4
2902267,21.108,63.255,2019-03-02T13:44:00Z,0.0,0.0,0.0,4
2902267,21.108,63.255,2019-03-02T13:44:00Z,0.0,0.0,0.0,4
2902267,21.108,63.255,2019-03-02T13:44:00Z,0.0,0.0,0.0,4
2902267,21.108,63.255,2019-03-02T13:44:00Z,0.0,0.0,0.0,4
2902267,21.108,63.255,2019-03-02T13:44:00Z,0.0,0.0,0.0,4
2902267,21.108,63.255,2019-03-02T13:44:00Z,0.0,0.0,0.0,4
2902267,21.108,63.255,2019-03-02T13:44:00Z,0.0,0.0,0.0,4
2902267,21.108,63.255,2019-03-02T13:44:00Z,0.0,0.0,0.0,4
2902267,21.108,63.255,2019-03-02T13:44:00Z,0.0,0.0,0.0,4
2902267,21.108,63.255,2019-03-02T13:44:00Z,0.0,0.0,0.0,4
2902267,21.108,63.255,2019-03-02T13:44:00Z,0.0,0.0,0.0,4
2902267,21.108,63.255,2019-03-02T13:44:00Z,0.0,0.0,0.0,4
2902267,21.108,63.255,2019-03-02T13:44:00Z,0.0,0.0,0.0,4
2902267,21.108,63.255,2019-03-02T13:44:00Z,0.0,0.0,0.0,4
2902267,21.108,63.255,2019-03-02T13:44:00Z,0.0,0.0,0.0,4
2902267,21.108,63.255,2019-03-02T13:44:00Z,0.0,0.0,0.0,4
2902267,21.108,63.255,2019-03-02T13:44:00Z,0.0,0.0,0.0,4
2902267,21.108,63.255,2019-03-02T13:44:00Z,0.0,0.0,0.0,4
2902267,21.108,63.255,2019-03-02T13:44:00Z,0.0,0.0,0.0,4
2902267,21.108,63.255,2019-03-02T13:44:00Z,0.0,0.0,0.0,4
2902267,21.108,63.255,2019-03-02T13:44:00Z,0.0,0.0,0.0,4
2902267,21.108,63.255,2019-03-02T13:44:00Z,0.0,0.0,0.0,4
2902267,21.108,63.255,2019-03-02T13:44:00Z,0.0,0.0,0.0,4
2902267,21.108,63.255,2019-03-02T13:44:00Z,0.0,0.0,0.0,4
2902267,21.108,63.255,2019-03-02T13:44:00Z,0.0,0.0,0.0,4
2902267,21.108,63.255,2019-03-02T13:44:00Z,0.0,0.0,0.0,4
2902267,21.108,63.255,2019-03-02T13:44:00Z,0.0,0.0,0.0,4
2902267,21.108,63.255,2019-03-02T13:44:00Z,0.0,0.0,0.0,4
2902267,21.108,63.255,2019-03-02T13:44:00Z,0.0,0.0,0.0,4
2902267,21.108,63.255,2019-03-02T13:44:00Z,0.0,0.0,0.0,4
2902267,21.108,63.255,2019-03-02T13:44:00Z,0.0,0.0,0.0,4
2902267,21.108,63.255,2019-03-02T13:44:00Z,0.0,0.0,0.0,4
2902267,21.108,63.255,2019-03-02T13:44:00Z,0.0,0.0,0.0,4
2902267,21.108,63.255,2019-03-02T13:44:00Z,0.0,0.0,0.0,4
2902267,21.108,63.255,2019-03-02T13:44:00Z,0.0,0.0,0.0,4
2902267,21.108,63.255,2019-03-02T13:44:00Z,0.0,0.0,0.0,4
2902267,21.108,63.255,2019-03-02T13:44:00Z,0.0,0.0,0.0,4
2902267,21.108,63.255,2019-03-02T13:44:00Z,0.0,0.0,0.0,4
2902267,21.108,63.255,2019-03-02T13:44:00Z,0.0,0.0,0.0,4
2902267,21.108,63.255,2019-03-02T13:44:00Z,0.0,0.0,0.0,4
2902267,21.108,63.255,2019-03-02T13:44:00Z,0.0,0.0,0.0,4
2902267,21.108,63.255,2019-03-02T13:44:00Z,0.0,0.0,0.0,4
2902267,21.108,63.255,2019-03-02T13:44:00Z,0.0,0.0,0.0,4
2902267,21.108,63.255,2019-03-02T13:44:00Z,0.0,0.0,0.0,4
2902267,21.108,63.255,2019-03-02T13:44:00Z,0.0,0.0,0.0,4
2902267,21.108,63.255,2019-03-02T13:44:00Z,0.0,0.0,0.0,4
2902267,21.108,63.255,2019-03-02T13:44:00Z,0.0,0.0,0.0,4
2902267,21.108,63.255,2019-03-02T13:44:00Z,0.0,0.0,0.0,4
2902267,21.108,63.255,2019-03-02T13:44:00Z,0.0,0.0,0.0,4
2902267,21.108,63.255,2019-03-02T13:44:00Z,0.0,0.0,0.0,4
2902267,21.108,63.255,2019-03-02T13:44:00Z,0.0,0.0,0.0,4
2902267,21.108,63.255,2019-03-02T13:44:00Z,0.0,0.0,0.0,4
2902267,21.108,63.255,2019-03-02T13:44:00Z,0.0,0.0,0.0,4
2902267,21.108,63.255,2019-03-02T13:44:00Z,0.0,0.0,0.0,4
2902267,21.108,63.255,2019-03-02T13:44:00Z,0.0,0.0,0.0,4
2902267,21.108,63.255,2019-03-02T13:44:00Z,0.0,0.0,0.0,4
2902267,21.108,63.255,2019-03-02T13:44:00Z,0.0,0.0,0.0,4
2902267,21.108,63.255,2019-03-02T13:44:00Z,0.0,0.0,0.0,4
2902267,21.108,63.255,2019-03-02T13:44:00Z,0.0,0.0,0.0,4
2902267,21.108,63.255,2019-03-02T13:44:00Z,0.0,0.0,0.0,4
2902267,21.108,63.255,2019-03-02T13:44:00Z,0.0,0.0,0.0,4
2902267,21.108,63.255,2019-03-02T13:44:00Z,0.0,0.0,0.0,4
2902267,21.108,63.255,2019-03-02T13:44:00Z,0.0,0.0,0.0,4
2902267,21.108,63.255,2019-03-02T13:44:00Z,0.0,0.0,0.0,4
2902267,21.108,63.255,2019-03-02T13:44:00Z,0.0,0.0,0.0,4
2902267,21.108,63.255,2019-03-02T13:44:00Z,0.0,0.0,0.0,4
2902267,21.108,63.255,2019-03-02T13:44:00Z,0.0,0.0,0.0,4
2902267,21.108,63.255,2019-03-02T13:44:00Z,0.0,0.0,0.0,4
2902267,21.108,63.255,2019-03-02T13:44:00Z,0.0,0.0,0.0,4
2902267,21.108,63.255,2019-03-02T13:44:00Z,0.0,0.0,0.0,4
2902267,21.108,63.255,2019-03-02T13:44:00Z,0.0,0.0,0.0,4
2902267,21.108,63.255,2019-03-02T13:44:00Z,0.0,0.0,0.0,4
2902267,21.108,63.255,2019-03-02T13:44:00Z,0.0,0.0,0.0,4
2902267,21.108,63.255,2019-03-02T13:44:00Z,0.0,0.0,0.0,4
2902267,21.108,63.255,2019-03-02T13:44:00Z,0.0,0.0,0.0,4
2902267,21.108,63.255,2019-03-02T13:44:00Z,0.0,0.0,0.0,4
2902267,21.108,63.255,2019-03-02T13:44:00Z,0.0,0.0,0.0,4
2902267,21.108,63.255,2019-03-02T13:44:00Z,0.0,0.0,0.0,4
2902267,21.108,63.255,2019-03-02T13:44:00Z,0.0,0.0,0.0,4
2902267,21.108,63.255,2019-03-02T13:44:00Z,0.0,0.0,0.0,4
2902267,21.108,63.255,2019-03-02T13:44:00Z,0.0,0.0,0.0,4
2902267,21.108,63.255,2019-03-02T13:44:00Z,0.0,0.0,0.0,4
2902267,21.108,63.255,2019-03-02T13:44:00Z,0.0,0.0,0.0,4
2902267,21.108,63.255,2019-03-02T13:44:00Z,0.0,0.0,0.0,4
2902267,21.108,63.255,2019-03-02T13:44:00Z,0.0,0.0,0.0,4
2902267,21.108,63.255,2019-03-02T13:44:00Z,0.0,0.0,0.0,4
2902267,21.108,63.255,2019-03-02T13:44:00Z,0.0,0.0,0.0,4
2902267,21.108,63.255,2019-03-02T13:44:00Z,0.0,0.0,0.0,4
2902267,21.108,63.255,2019-03-02T13:44:00Z,0.0,0.0,0.0,4
2902267,21.108,63.255,2019-03-02T13:44:00Z,0.0,0.0,0.0,4
2902267,21.108,63.255,2019-03-02T13:44:00Z,0.0,0.0,0.0,4
2902267,21.108,63.255,2019-03-02T13:44:00Z,0.0,0.0,0.0,4
2902267,21.108,63.255,2019-03-02T13:44:00Z,0.0,0.0,0.0,4
2902267,21.108,63.255,2019-03-02T13:44:00Z,0.0,0.0,0.0,4
2902267,21.108,63.255,2019-03-02T13:44:00Z,0.0,0.0,0.0,4
2902267,21.108,63.255,2019-03-02T13:44:00Z,0.0,0.0,0.0,4
2902267,21.108,63.255,2019-03-02T13:44:00Z,0.0,0.0,0.0,4
2902267,21.108,63.255,2019-03-02T13:44:00Z,0.0,0.0,0.0,4
2902267,21.108,63.255,2019-03-02T13:44:00Z,0.0,0.0,0.0,4
2902267,21.108,63.255,2019-03-02T13:44:00Z,0.0,0.0,0.0,4
2902267,21.108,63.255,2019-03-02T13:44:00Z,0.0,0.0,0.0,4
2902267,21.108,63.255,2019-03-02T13:44:00Z,0.0,0.0,0.0,4
2902267,21.108,63.255,2019-03-02T13:44:00Z,0.0,0.0,0.0,4
2902267,21.108,63.255,2019-03-02T13:44:00Z,0.0,0.0,0.0,4
2902267,21.108,63.255,2019-03-02T13:44:00Z,0.0,0.0,0.0,4
2902267,21.108,63.255,2019-03-02T13:44:00Z,0.0,0.0,0.0,4
2902267,21.108,63.255,2019-03-02T13:44:00Z,0.0,0.0,0.0,4
2902267,21.108,63.255,2019-03-02T13:44:00Z,0.0,0.0,0.0,4
2902267,21.108,63.255,2019-03-02T13:44:00Z,0.0,0.0,0.0,4
2902267,21.108,63.255,2019-03-02T13:44:00Z,0.0,0.0,0.0,4
2902267,21.108,63.255,2019-03-02T13:44:00Z,0.0,0.0,0.0,4
2902267,21.108,63.255,2019-03-02T13:44:00Z,0.0,0.0,0.0,4
2902267,21.108,63.255,2019-03-02T13:44:00Z,0.0,0.0,0.0,4
2902267,21.108,63.255,2019-03-02T13:44:00Z,0.0,0.0,0.0,4
2902267,21.108,63.255,2019-03-02T13:44:00Z,0.0,0.0,0.0,4
2902267,21.108,63.255,2019-03-02T13:44:00Z,0.0,0.0,0.0,4
2902267,21.108,63.255,2019-03-02T13:44:00Z,0.0,0.0,0.0,4
2902267,21.108,63.255,2019-03-02T13:44:00Z,0.0,0.0,0.0,4
2902267,21.108,63.255,2019-03-02T13:44:00Z,0.0,0.0,0.0,4
2902267,21.108,63.255,2019-03-02T13:44:00Z,0.0,0.0,0.0,4
2902267,21.108,63.255,2019-03-02T13:44:00Z,0.0,0.0,0.0,4
2902267,21.108,63.255,2019-03-02T13:44:00Z,0.0,0.0,0.0,4
2902267,21.108,63.255,2019-03-02T13:44:00Z,0.0,0.0,0.0,4
2902267,21.108,63.255,2019-03-02T13:44:00Z,0.0,0.0,0.0,4
2902267,21.108,63.255,2019-03-02T13:44:00Z,0.0,0.0,0.0,4
2902267,21.108,63.255,2019-03-02T13:44:00Z,0.0,0.0,0.0,4
2902267,21.108,63.255,2019-03-02T13:44:00Z,24.516,36.556,1.0,4
2902267,21.108,63.255,2019-03-02T13:44:00Z,24.521,36.553,2.0,4
2902267,21.108,63.255,2019-03-02T13:44:00Z,24.522,36.545,3.0,4
2902267,21.108,63.255,2019-03-02T13:44:00Z,24.52,36.554,4.0,1
2902267,21.108,63.255,2019-03-02T13:44:00Z,24.523,36.553,5.0,1
2902267,21.108,63.255,2019-03-02T13:44:00Z,24.527,36.555,6.0,1
2902156,2.566,80.21,2019-03-03T01:25:38Z,29.162,34.961,2.7,1
2902156,2.566,80.21,2019-03-03T01:25:38Z,29.281,35.136,4.0,1
2902156,2.566,80.21,2019-03-03T01:25:38Z,29.239,35.141,6.0,1
2902268,18.236,64.577,2019-03-03T13:46:00Z,0.0,0.0,0.0,4
2902268,18.236,64.577,2019-03-03T13:46:00Z,0.0,0.0,0.0,4
2902268,18.236,64.577,2019-03-03T13:46:00Z,0.0,0.0,0.0,4
2902268,18.236,64.577,2019-03-03T13:46:00Z,0.0,0.0,0.0,4
2902268,18.236,64.577,2019-03-03T13:46:00Z,0.0,0.0,0.0,4
2902268,18.236,64.577,2019-03-03T13:46:00Z,0.0,0.0,0.0,4
2902268,18.236,64.577,2019-03-03T13:46:00Z,0.0,0.0,0.0,4
2902268,18.236,64.577,2019-03-03T13:46:00Z,0.0,0.0,0.0,4
2902268,18.236,64.577,2019-03-03T13:46:00Z,0.0,0.0,0.0,4
2902268,18.236,64.577,2019-03-03T13:46:00Z,0.0,0.0,0.0,4
2902268,18.236,64.577,2019-03-03T13:46:00Z,0.0,0.0,0.0,4
2902268,18.236,64.577,2019-03-03T13:46:00Z,0.0,0.0,0.0,4
2902268,18.236,64.577,2019-03-03T13:46:00Z,0.0,0.0,0.0,4
2902268,18.236,64.577,2019-03-03T13:46:00Z,0.0,0.0,0.0,4
2902268,18.236,64.577,2019-03-03T13:46:00Z,0.0,0.0,0.0,4
2902268,18.236,64.577,2019-03-03T13:46:00Z,0.0,0.0,0.0,4
2902268,18.236,64.577,2019-03-03T13:46:00Z,0.0,0.0,0.0,4
2902268,18.236,64.577,2019-03-03T13:46:00Z,0.0,0.0,0.0,4
2902268,18.236,64.577,2019-03-03T13:46:00Z,0.0,0.0,0.0,4
2902268,18.236,64.577,2019-03-03T13:46:00Z,0.0,0.0,0.0,4
2902268,18.236,64.577,2019-03-03T13:46:00Z,0.0,0.0,0.0,4
2902268,18.236,64.577,2019-03-03T13:46:00Z,0.0,0.0,0.0,4
2902268,18.236,64.577,2019-03-03T13:46:00Z,0.0,0.0,0.0,4
2902268,18.236,64.577,2019-03-03T13:46:00Z,0.0,0.0,0.0,4
2902268,18.236,64.577,2019-03-03T13:46:00Z,0.0,0.0,0.0,4
2902268,18.236,64.577,2019-03-03T13:46:00Z,0.0,0.0,0.0,4
2902268,18.236,64.577,2019-03-03T13:46:00Z,0.0,0.0,0.0,4
2902268,18.236,64.577,2019-03-03T13:46:00Z,0.0,0.0,0.0,4
2902268,18.236,64.577,2019-03-03T13:46:00Z,0.0,0.0,0.0,4
2902268,18.236,64.577,2019-03-03T13:46:00Z,0.0,0.0,0.0,4
2902268,18.236,64.577,2019-03-03T13:46:00Z,0.0,0.0,0.0,4
2902268,18.236,64.577,2019-03-03T13:46:00Z,0.0,0.0,0.0,4
2902268,18.236,64.577,2019-03-03T13:46:00Z,0.0,0.0,0.0,4
2902268,18.236,64.577,2019-03-03T13:46:00Z,0.0,0.0,0.0,4
2902268,18.236,64.577,2019-03-03T13:46:00Z,0.0,0.0,0.0,4
2902268,18.236,64.577,2019-03-03T13:46:00Z,0.0,0.0,0.0,4
2902268,18.236,64.577,2019-03-03T13:46:00Z,0.0,0.0,0.0,4
2902268,18.236,64.577,2019-03-03T13:46:00Z,0.0,0.0,0.0,4
2902268,18.236,64.577,2019-03-03T13:46:00Z,0.0,0.0,0.0,4
2902268,18.236,64.577,2019-03-03T13:46:00Z,0.0,0.0,0.0,4
2902268,18.236,64.577,2019-03-03T13:46:00Z,0.0,0.0,0.0,4
2902268,18.236,64.577,2019-03-03T13:46:00Z,0.0,0.0,0.0,4
2902268,18.236,64.577,2019-03-03T13:46:00Z,0.0,0.0,0.0,4
2902268,18.236,64.577,2019-03-03T13:46:00Z,0.0,0.0,0.0,4
2902268,18.236,64.577,2019-03-03T13:46:00Z,0.0,0.0,0.0,4
2902268,18.236,64.577,2019-03-03T13:46:00Z,0.0,0.0,0.0,4
2902268,18.236,64.577,2019-03-03T13:46:00Z,0.0,0.0,0.0,4
2902268,18.236,64.577,2019-03-03T13:46:00Z,0.0,0.0,0.0,4
2902268,18.236,64.577,2019-03-03T13:46:00Z,0.0,0.0,0.0,4
2902268,18.236,64.577,2019-03-03T13:46:00Z,0.0,0.0,0.0,4
2902268,18.236,64.577,2019-03-03T13:46:00Z,0.0,0.0,0.0,4
2902268,18.236,64.577,2019-03-03T13:46:00Z,0.0,0.0,0.0,4
2902268,18.236,64.577,2019-03-03T13:46:00Z,0.0,0.0,0.0,4
2902268,18.236,64.577,2019-03-03T13:46:00Z,0.0,0.0,0.0,4
2902268,18.236,64.577,2019-03-03T13:46:00Z,0.0,0.0,0.0,4
2902268,18.236,64.577,2019-03-03T13:46:00Z,0.0,0.0,0.0,4
2902268,18.236,64.577,2019-03-03T13:46:00Z,0.0,0.0,0.0,4
2902268,18.236,64.577,2019-03-03T13:46:00Z,0.0,0.0,0.0,4
2902268,18.236,64.577,2019-03-03T13:46:00Z,0.0,0.0,0.0,4
2902268,18.236,64.577,2019-03-03T13:46:00Z,0.0,0.0,0.0,4
2902268,18.236,64.577,2019-03-03T13:46:00Z,0.0,0.0,0.0,4
2902268,18.236,64.577,2019-03-03T13:46:00Z,0.0,0.0,0.0,4
2902268,18.236,64.577,2019-03-03T13:46:00Z,0.0,0.0,0.0,4
2902268,18.236,64.577,2019-03-03T13:46:00Z,0.0,0.0,0.0,4
2902268,18.236,64.577,2019-03-03T13:46:00Z,0.0,0.0,0.0,4
2902268,18.236,64.577,2019-03-03T13:46:00Z,0.0,0.0,0.0,4
2902268,18.236,64.577,2019-03-03T13:46:00Z,0.0,0.0,0.0,4
2902268,18.236,64.577,2019-03-03T13:46:00Z,0.0,0.0,0.0,4
2902268,18.236,64.577,2019-03-03T13:46:00Z,0.0,0.0,0.0,4
2902268,18.236,64.577,2019-03-03T13:46:00Z,0.0,0.0,0.0,4
2902268,18.236,64.577,2019-03-03T13:46:00Z,0.0,0.0,0.0,4
2902268,18.236,64.577,2019-03-03T13:46:00Z,0.0,0.0,0.0,4
2902268,18.236,64.577,2019-03-03T13:46:00Z,0.0,0.0,0.0,4
2902268,18.236,64.577,2019-03-03T13:46:00Z,0.0,0.0,0.0,4
2902268,18.236,64.577,2019-03-03T13:46:00Z,0.0,0.0,0.0,4
2902268,18.236,64.577,2019-03-03T13:46:00Z,0.0,0.0,0.0,4
2902268,18.236,64.577,2019-03-03T13:46:00Z,0.0,0.0,0.0,4
2902268,18.236,64.577,2019-03-03T13:46:00Z,0.0,0.0,0.0,4
2902268,18.236,64.577,2019-03-03T13:46:00Z,0.0,0.0,0.0,4
2902268,18.236,64.577,2019-03-03T13:46:00Z,0.0,0.0,0.0,4
2902268,18.236,64.577,2019-03-03T13:46:00Z,0.0,0.0,0.0,4
2902268,18.236,64.577,2019-03-03T13:46:00Z,0.0,0.0,0.0,4
2902268,18.236,64.577,2019-03-03T13:46:00Z,0.0,0.0,0.0,4
2902268,18.236,64.577,2019-03-03T13:46:00Z,0.0,0.0,0.0,4
2902268,18.236,64.577,2019-03-03T13:46:00Z,0.0,0.0,0.0,4
2902268,18.236,64.577,2019-03-03T13:46:00Z,0.0,0.0,0.0,4
2902268,18.236,64.577,2019-03-03T13:46:00Z,0.0,0.0,0.0,4
2902268,18.236,64.577,2019-03-03T13:46:00Z,0.0,0.0,0.0,4
2902268,18.236,64.577,2019-03-03T13:46:00Z,0.0,0.0,0.0,4
2902268,18.236,64.577,2019-03-03T13:46:00Z,0.0,0.0,0.0,4
2902268,18.236,64.577,2019-03-03T13:46:00Z,0.0,0.0,0.0,4
2902268,18.236,64.577,2019-03-03T13:46:00Z,0.0,0.0,0.0,4
2902268,18.236,64.577,2019-03-03T13:46:00Z,0.0,0.0,0.0,4
2902268,18.236,64.577,2019-03-03T13:46:00Z,0.0,0.0,0.0,4
2902268,18.236,64.577,2019-03-03T13:46:00Z,0.0,0.0,0.0,4
2902268,18.236,64.577,2019-03-03T13:46:00Z,0.0,0.0,0.0,4
2902268,18.236,64.577,2019-03-03T13:46:00Z,0.0,0.0,0.0,4
2902268,18.236,64.577,2019-03-03T13:46:00Z,0.0,0.0,0.0,4
2902268,18.236,64.577,2019-03-03T13:46:00Z,0.0,0.0,0.0,4
2902268,18.236,64.577,2019-03-03T13:46:00Z,0.0,0.0,0.0,4
2902268,18.236,64.577,2019-03-03T13:46:00Z,0.0,0.0,0.0,4
2902268,18.236,64.577,2019-03-03T13:46:00Z,0.0,0.0,0.0,4
2902268,18.236,64.577,2019-03-03T13:46:00Z,0.0,0.0,0.0,4
2902268,18.236,64.577,2019-03-03T13:46:00Z,0.0,0.0,0.0,4
2902268,18.236,64.577,2019-03-03T13:46:00Z,0.0,0.0,0.0,4
2902268,18.236,64.577,2019-03-03T13:46:00Z,0.0,0.0,0.0,4
2902268,18.236,64.577,2019-03-03T13:46:00Z,0.0,0.0,0.0,4
2902268,18.236,64.577,2019-03-03T13:46:00Z,0.0,0.0,0.0,4
2902268,18.236,64.577,2019-03-03T13:46:00Z,0.0,0.0,0.0,4
2902268,18.236,64.577,2019-03-03T13:46:00Z,0.0,0.0,0.0,4
2902268,18.236,64.577,2019-03-03T13:46:00Z,0.0,0.0,0.0,4
2902268,18.236,64.577,2019-03-03T13:46:00Z,0.0,0.0,0.0,4
2902268,18.236,64.577,2019-03-03T13:46:00Z,0.0,0.0,0.0,4
2902268,18.236,64.577,2019-03-03T13:46:00Z,0.0,0.0,0.0,4
2902268,18.236,64.577,2019-03-03T13:46:00Z,0.0,0.0,0.0,4
2902268,18.236,64.577,2019-03-03T13:46:00Z,0.0,0.0,0.0,4
2902268,18.236,64.577,2019-03-03T13:46:00Z,0.0,0.0,0.0,4
2902268,18.236,64.577,2019-03-03T13:46:00Z,0.0,0.0,0.0,4
2902268,18.236,64.577,2019-03-03T13:46:00Z,0.0,0.0,0.0,4
2902268,18.236,64.577,2019-03-03T13:46:00Z,0.0,0.0,0.0,4
2902268,18.236,64.577,2019-03-03T13:46:00Z,0.0,0.0,0.0,4
2902268,18.236,64.577,2019-03-03T13:46:00Z,0.0,0.0,0.0,4
2902268,18.236,64.577,2019-03-03T13:46:00Z,0.0,0.0,0.0,4
2902268,18.236,64.577,2019-03-03T13:46:00Z,0.0,0.0,0.0,4
2902268,18.236,64.577,2019-03-03T13:46:00Z,0.0,0.0,0.0,4
2902268,18.236,64.577,2019-03-03T13:46:00Z,0.0,0.0,0.0,4
2902268,18.236,64.577,2019-03-03T13:46:00Z,0.0,0.0,0.0,4
2902268,18.236,64.577,2019-03-03T13:46:00Z,0.0,0.0,0.0,4
2902268,18.236,64.577,2019-03-03T13:46:00Z,0.0,0.0,0.0,4
2902268,18.236,64.577,2019-03-03T13:46:00Z,0.0,0.0,0.0,4
2902268,18.236,64.577,2019-03-03T13:46:00Z,0.0,0.0,0.0,4
2902268,18.236,64.577,2019-03-03T13:46:00Z,0.0,0.0,0.0,4
2902268,18.236,64.577,2019-03-03T13:46:00Z,0.0,0.0,0.0,4
2902268,18.236,64.577,2019-03-03T13:46:00Z,0.0,0.0,0.0,4
2902268,18.236,64.577,2019-03-03T13:46:00Z,0.0,0.0,0.0,4
2902268,18.236,64.577,2019-03-03T13:46:00Z,0.0,0.0,0.0,4
2902268,18.236,64.577,2019-03-03T13:46:00Z,0.0,0.0,0.0,4
2902268,18.236,64.577,2019-03-03T13:46:00Z,0.0,0.0,0.0,4
2902268,18.236,64.577,2019-03-03T13:46:00Z,0.0,0.0,0.0,4
2902268,18.236,64.577,2019-03-03T13:46:00Z,0.0,0.0,0.0,4
2902268,18.236,64.577,2019-03-03T13:46:00Z,0.0,0.0,0.0,4
2902268,18.236,64.577,2019-03-03T13:46:00Z,0.0,0.0,0.0,4
2902268,18.236,64.577,2019-03-03T13:46:00Z,0.0,0.0,0.0,4
2902268,18.236,64.577,2019-03-03T13:46:00Z,0.0,0.0,0.0,4
2902268,18.236,64.577,2019-03-03T13:46:00Z,0.0,0.0,0.0,4
2902268,18.236,64.577,2019-03-03T13:46:00Z,0.0,0.0,0.0,4
2902268,18.236,64.577,2019-03-03T13:46:00Z,0.0,0.0,0.0,4
2902268,18.236,64.577,2019-03-03T13:46:00Z,0.0,0.0,0.0,4
2902268,18.236,64.577,2019-03-03T13:46:00Z,0.0,0.0,0.0,4
2902268,18.236,64.577,2019-03-03T13:46:00Z,0.0,0.0,0.0,4
2902268,18.236,64.577,2019-03-03T13:46:00Z,0.0,0.0,0.0,4
2902268,18.236,64.577,2019-03-03T13:46:00Z,0.0,0.0,0.0,4
2902268,18.236,64.577,2019-03-03T13:46:00Z,0.0,0.0,0.0,4
2902268,18.236,64.577,2019-03-03T13:46:00Z,0.0,0.0,0.0,4
2902268,18.236,64.577,2019-03-03T13:46:00Z,0.0,0.0,0.0,4
2902268,18.236,64.577,2019-03-03T13:46:00Z,0.0,0.0,0.0,4
2902268,18.236,64.577,2019-03-03T13:46:00Z,0.0,0.0,0.0,4
2902268,18.236,64.577,2019-03-03T13:46:00Z,0.0,0.0,0.0,4
2902268,18.236,64.577,2019-03-03T13:46:00Z,0.0,0.0,0.0,4
2902268,18.236,64.577,2019-03-03T13:46:00Z,0.0,0.0,0.0,4
2902268,18.236,64.577,2019-03-03T13:46:00Z,0.0,0.0,0.0,4
2902268,18.236,64.577,2019-03-03T13:46:00Z,0.0,0.0,0.0,4
2902268,18.236,64.577,2019-03-03T13:46:00Z,0.0,0.0,0.0,4
2902268,18.236,64.577,2019-03-03T13:46:00Z,0.0,0.0,0.0,4
2902268,18.236,64.577,2019-03-03T13:46:00Z,0.0,0.0,0.0,4
2902268,18.236,64.577,2019-03-03T13:46:00Z,0.0,0.0,0.0,4
2902268,18.236,64.577,2019-03-03T13:46:00Z,0.0,0.0,0.0,4
2902268,18.236,64.577,2019-03-03T13:46:00Z,0.0,0.0,0.0,4
2902268,18.236,64.577,2019-03-03T13:46:00Z,0.0,0.0,0.0,4
2902268,18.236,64.577,2019-03-03T13:46:00Z,0.0,0.0,0.0,4
2902268,18.236,64.577,2019-03-03T13:46:00Z,0.0,0.0,0.0,4
2902268,18.236,64.577,2019-03-03T13:46:00Z,0.0,0.0,0.0,4
2902268,18.236,64.577,2019-03-03T13:46:00Z,0.0,0.0,0.0,4
2902268,18.236,64.577,2019-03-03T13:46:00Z,0.0,0.0,0.0,4
2902268,18.236,64.577,2019-03-03T13:46:00Z,0.0,0.0,0.0,4
2902268,18.236,64.577,2019-03-03T13:46:00Z,0.0,0.0,0.0,4
2902268,18.236,64.577,2019-03-03T13:46:00Z,0.0,0.0,0.0,4
2902268,18.236,64.577,2019-03-03T13:46:00Z,0.0,0.0,0.0,4
2902268,18.236,64.577,2019-03-03T13:46:00Z,0.0,0.0,0.0,4
2902268,18.236,64.577,2019-03-03T13:46:00Z,0.0,0.0,0.0,4
2902268,18.236,64.577,2019-03-03T13:46:00Z,0.0,0.0,0.0,4
2902268,18.236,64.577,2019-03-03T13:46:00Z,0.0,0.0,0.0,4
2902268,18.236,64.577,2019-03-03T13:46:00Z,0.0,0.0,0.0,4
2902268,18.236,64.577,2019-03-03T13:46:00Z,0.0,0.0,0.0,4
2902268,18.236,64.577,2019-03-03T13:46:00Z,0.0,0.0,0.0,4
2902268,18.236,64.577,2019-03-03T13:46:00Z,0.0,0.0,0.0,4
2902268,18.236,64.577,2019-03-03T13:46:00Z,0.0,0.0,0.0,4
2902268,18.236,64.577,2019-03-03T13:46:00Z,0.0,0.0,0.0,4
2902268,18.236,64.577,2019-03-03T13:46:00Z,0.0,0.0,0.0,4
2902268,18.236,64.577,2019-03-03T13:46:00Z,0.0,0.0,0.0,4
2902268,18.236,64.577,2019-03-03T13:46:00Z,0.0,0.0,0.0,4
2902268,18.236,64.577,2019-03-03T13:46:00Z,0.0,0.0,0.0,4
2902268,18.236,64.577,2019-03-03T13:46:00Z,0.0,0.0,0.0,4
2902268,18.236,64.577,2019-03-03T13:46:00Z,0.0,0.0,0.0,4
2902268,18.236,64.577,2019-03-03T13:46:00Z,0.0,0.0,0.0,4
2902268,18.236,64.577,2019-03-03T13:46:00Z,0.0,0.0,0.0,4
2902268,18.236,64.577,2019-03-03T13:46:00Z,0.0,0.0,0.0,4
2902268,18.236,64.577,2019-03-03T13:46:00Z,0.0,0.0,0.0,4
2902268,18.236,64.577,2019-03-03T13:46:00Z,0.0,0.0,0.0,4
2902268,18.236,64.577,2019-03-03T13:46:00Z,0.0,0.0,0.0,4
2902268,18.236,64.577,2019-03-03T13:46:00Z,0.0,0.0,0.0,4
2902268,18.236,64.577,2019-03-03T13:46:00Z,0.0,0.0,0.0,4
2902268,18.236,64.577,2019-03-03T13:46:00Z,0.0,0.0,0.0,4
2902268,18.236,64.577,2019-03-03T13:46:00Z,0.0,0.0,0.0,4
2902268,18.236,64.577,2019-03-03T13:46:00Z,0.0,0.0,0.0,4
2902268,18.236,64.577,2019-03-03T13:46:00Z,0.0,0.0,0.0,4
2902268,18.236,64.577,2019-03-03T13:46:00Z,0.0,0.0,0.0,4
2902268,18.236,64.577,2019-03-03T13:46:00Z,0.0,0.0,0.0,4
2902268,18.236,64.577,2019-03-03T13:46:00Z,0.0,0.0,0.0,4
2902268,18.236,64.577,2019-03-03T13:46:00Z,0.0,0.0,0.0,4
2902268,18.236,64.577,2019-03-03T13:46:00Z,0.0,0.0,0.0,4
2902268,18.236,64.577,2019-03-03T13:46:00Z,0.0,0.0,0.0,4
2902268,18.236,64.577,2019-03-03T13:46:00Z,0.0,0.0,0.0,4
2902268,18.236,64.577,2019-03-03T13:46:00Z,0.0,0.0,0.0,4
2902268,18.236,64.577,2019-03-03T13:46:00Z,0.0,0.0,0.0,4
2902268,18.236,64.577,2019-03-03T13:46:00Z,0.0,0.0,0.0,4
2902268,18.236,64.577,2019-03-03T13:46:00Z,0.0,0.0,0.0,4
2902268,18.236,64.577,2019-03-03T13:46:00Z,0.0,0.0,0.0,4
2902268,18.236,64.577,2019-03-03T13:46:00Z,0.0,0.0,0.0,4
2902268,18.236,64.577,2019-03-03T13:46:00Z,0.0,0.0,0.0,4
2902268,18.236,64.577,2019-03-03T13:46:00Z,0.0,0.0,0.0,4
2902268,18.236,64.577,2019-03-03T13:46:00Z,0.0,0.0,0.0,4
2902268,18.236,64.577,2019-03-03T13:46:00Z,0.0,0.0,0.0,4
2902268,18.236,64.577,2019-03-03T13:46:00Z,0.0,0.0,0.0,4
2902268,18.236,64.577,2019-03-03T13:46:00Z,0.0,0.0,0.0,4
2902268,18.236,64.577,2019-03-03T13:46:00Z,0.0,0.0,0.0,4
2902268,18.236,64.577,2019-03-03T13:46:00Z,0.0,0.0,0.0,4
2902268,18.236,64.577,2019-03-03T13:46:00Z,0.0,0.0,0.0,4
2902268,18.236,64.577,2019-03-03T13:46:00Z,0.0,0.0,0.0,4
2902268,18.236,64.577,2019-03-03T13:46:00Z,0.0,0.0,0.0,4
2902268,18.236,64.577,2019-03-03T13:46:00Z,0.0,0.0,0.0,4
2902268,18.236,64.577,2019-03-03T13:46:00Z,0.0,0.0,0.0,4
2902268,18.236,64.577,2019-03-03T13:46:00Z,0.0,0.0,0.0,4
2902268,18.236,64.577,2019-03-03T13:46:00Z,0.0,0.0,0.0,4
2902268,18.236,64.577,2019-03-03T13:46:00Z,0.0,0.0,0.0,4
2902268,18.236,64.577,2019-03-03T13:46:00Z,25.171,36.455,1.0,4
2902268,18.236,64.577,2019-03-03T13:46:00Z,25.167,36.46,2.0,4
2902268,18.236,64.577,2019-03-03T13:46:00Z,25.169,36.453,3.0,4
2902268,18.236,64.577,2019-03-03T13:46:00Z,25.17,36.46,4.0,1
2902268,18.236,64.577,2019-03-03T13:46:00Z,25.173,36.458,5.0,1
2902268,18.236,64.577,2019-03-03T13:46:00Z,25.172,36.458,6.0,1
2902203,17.277,63.538,2019-03-03T14:27:23Z,25.22,38.66,4.5,4
2902245,2.4917766666666665,91.08216333333333,2019-03-03T17:24:00Z,30.321,34.76,5.5,1
2902244,1.0867316666666667,76.05389,2019-03-03T17:27:00Z,29.238,34.894,5.4,1
2902260,11.915,67.906,2019-03-03T17:52:00Z,28.657,34.671,0.0,4
2902260,11.915,67.906,2019-03-03T17:52:00Z,0.0,0.0,0.0,4
2902260,11.915,67.906,2019-03-03T17:52:00Z,0.0,0.0,0.0,4
2902260,11.915,67.906,2019-03-03T17:52:00Z,0.0,0.0,0.0,4
2902260,11.915,67.906,2019-03-03T17:52:00Z,0.0,0.0,0.0,4
2902260,11.915,67.906,2019-03-03T17:52:00Z,0.0,0.0,0.0,4
2902260,11.915,67.906,2019-03-03T17:52:00Z,0.0,0.0,0.0,4
2902260,11.915,67.906,2019-03-03T17:52:00Z,0.0,0.0,0.0,4
2902260,11.915,67.906,2019-03-03T17:52:00Z,0.0,0.0,0.0,4
2902260,11.915,67.906,2019-03-03T17:52:00Z,0.0,0.0,0.0,4
2902260,11.915,67.906,2019-03-03T17:52:00Z,0.0,0.0,0.0,4
2902260,11.915,67.906,2019-03-03T17:52:00Z,0.0,0.0,0.0,4
2902260,11.915,67.906,2019-03-03T17:52:00Z,0.0,0.0,0.0,4
2902260,11.915,67.906,2019-03-03T17:52:00Z,0.0,0.0,0.0,4
2902260,11.915,67.906,2019-03-03T17:52:00Z,0.0,0.0,0.0,4
2902260,11.915,67.906,2019-03-03T17:52:00Z,0.0,0.0,0.0,4
2902260,11.915,67.906,2019-03-03T17:52:00Z,0.0,0.0,0.0,4
2902260,11.915,67.906,2019-03-03T17:52:00Z,0.0,0.0,0.0,4
2902260,11.915,67.906,2019-03-03T17:52:00Z,0.0,0.0,0.0,4
2902260,11.915,67.906,2019-03-03T17:52:00Z,0.0,0.0,0.0,4
2902260,11.915,67.906,2019-03-03T17:52:00Z,0.0,0.0,0.0,4
2902260,11.915,67.906,2019-03-03T17:52:00Z,0.0,0.0,0.0,4
2902260,11.915,67.906,2019-03-03T17:52:00Z,0.0,0.0,0.0,4
2902260,11.915,67.906,2019-03-03T17:52:00Z,0.0,0.0,0.0,4
2902260,11.915,67.906,2019-03-03T17:52:00Z,0.0,0.0,0.0,4
2902260,11.915,67.906,2019-03-03T17:52:00Z,0.0,0.0,0.0,4
2902260,11.915,67.906,2019-03-03T17:52:00Z,0.0,0.0,0.0,4
2902260,11.915,67.906,2019-03-03T17:52:00Z,0.0,0.0,0.0,4
2902260,11.915,67.906,2019-03-03T17:52:00Z,0.0,0.0,0.0,4
2902260,11.915,67.906,2019-03-03T17:52:00Z,0.0,0.0,0.0,4
2902260,11.915,67.906,2019-03-03T17:52:00Z,0.0,0.0,0.0,4
2902260,11.915,67.906,2019-03-03T17:52:00Z,0.0,0.0,0.0,4
2902260,11.915,67.906,2019-03-03T17:52:00Z,0.0,0.0,0.0,4
2902260,11.915,67.906,2019-03-03T17:52:00Z,0.0,0.0,0.0,4
2902260,11.915,67.906,2019-03-03T17:52:00Z,0.0,0.0,0.0,4
2902260,11.915,67.906,2019-03-03T17:52:00Z,0.0,0.0,0.0,4
2902260,11.915,67.906,2019-03-03T17:52:00Z,0.0,0.0,0.0,4
2902260,11.915,67.906,2019-03-03T17:52:00Z,0.0,0.0,0.0,4
2902260,11.915,67.906,2019-03-03T17:52:00Z,0.0,0.0,0.0,4
2902260,11.915,67.906,2019-03-03T17:52:00Z,0.0,0.0,0.0,4
2902260,11.915,67.906,2019-03-03T17:52:00Z,0.0,0.0,0.0,4
2902260,11.915,67.906,2019-03-03T17:52:00Z,0.0,0.0,0.0,4
2902260,11.915,67.906,2019-03-03T17:52:00Z,0.0,0.0,0.0,4
2902260,11.915,67.906,2019-03-03T17:52:00Z,0.0,0.0,0.0,4
2902260,11.915,67.906,2019-03-03T17:52:00Z,0.0,0.0,0.0,4
2902260,11.915,67.906,2019-03-03T17:52:00Z,0.0,0.0,0.0,4
2902260,11.915,67.906,2019-03-03T17:52:00Z,0.0,0.0,0.0,4
2902260,11.915,67.906,2019-03-03T17:52:00Z,0.0,0.0,0.0,4
2902260,11.915,67.906,2019-03-03T17:52:00Z,0.0,0.0,0.0,4
2902260,11.915,67.906,2019-03-03T17:52:00Z,0.0,0.0,0.0,4
2902260,11.915,67.906,2019-03-03T17:52:00Z,0.0,0.0,0.0,4
2902260,11.915,67.906,2019-03-03T17:52:00Z,0.0,0.0,0.0,4
2902260,11.915,67.906,2019-03-03T17:52:00Z,0.0,0.0,0.0,4
2902260,11.915,67.906,2019-03-03T17:52:00Z,0.0,0.0,0.0,4
2902260,11.915,67.906,2019-03-03T17:52:00Z,0.0,0.0,0.0,4
2902260,11.915,67.906,2019-03-03T17:52:00Z,0.0,0.0,0.0,4
2902260,11.915,67.906,2019-03-03T17:52:00Z,0.0,0.0,0.0,4
2902260,11.915,67.906,2019-03-03T17:52:00Z,0.0,0.0,0.0,4
2902260,11.915,67.906,2019-03-03T17:52:00Z,0.0,0.0,0.0,4
2902260,11.915,67.906,2019-03-03T17:52:00Z,0.0,0.0,0.0,4
2902260,11.915,67.906,2019-03-03T17:52:00Z,0.0,0.0,0.0,4
2902260,11.915,67.906,2019-03-03T17:52:00Z,0.0,0.0,0.0,4
2902260,11.915,67.906,2019-03-03T17:52:00Z,0.0,0.0,0.0,4
2902260,11.915,67.906,2019-03-03T17:52:00Z,0.0,0.0,0.0,4
2902260,11.915,67.906,2019-03-03T17:52:00Z,0.0,0.0,0.0,4
2902260,11.915,67.906,2019-03-03T17:52:00Z,0.0,0.0,0.0,4
2902260,11.915,67.906,2019-03-03T17:52:00Z,0.0,0.0,0.0,4
2902260,11.915,67.906,2019-03-03T17:52:00Z,0.0,0.0,0.0,4
2902260,11.915,67.906,2019-03-03T17:52:00Z,0.0,0.0,0.0,4
2902260,11.915,67.906,2019-03-03T17:52:00Z,0.0,0.0,0.0,4
2902260,11.915,67.906,2019-03-03T17:52:00Z,0.0,0.0,0.0,4
2902260,11.915,67.906,2019-03-03T17:52:00Z,0.0,0.0,0.0,4
2902260,11.915,67.906,2019-03-03T17:52:00Z,0.0,0.0,0.0,4
2902260,11.915,67.906,2019-03-03T17:52:00Z,0.0,0.0,0.0,4
2902260,11.915,67.906,2019-03-03T17:52:00Z,0.0,0.0,0.0,4
2902260,11.915,67.906,2019-03-03T17:52:00Z,0.0,0.0,0.0,4
2902260,11.915,67.906,2019-03-03T17:52:00Z,0.0,0.0,0.0,4
2902260,11.915,67.906,2019-03-03T17:52:00Z,0.0,0.0,0.0,4
2902260,11.915,67.906,2019-03-03T17:52:00Z,0.0,0.0,0.0,4
2902260,11.915,67.906,2019-03-03T17:52:00Z,0.0,0.0,0.0,4
2902260,11.915,67.906,2019-03-03T17:52:00Z,0.0,0.0,0.0,4
2902260,11.915,67.906,2019-03-03T17:52:00Z,0.0,0.0,0.0,4
2902260,11.915,67.906,2019-03-03T17:52:00Z,0.0,0.0,0.0,4
2902260,11.915,67.906,2019-03-03T17:52:00Z,0.0,0.0,0.0,4
2902260,11.915,67.906,2019-03-03T17:52:00Z,0.0,0.0,0.0,4
2902260,11.915,67.906,2019-03-03T17:52:00Z,0.0,0.0,0.0,4
2902260,11.915,67.906,2019-03-03T17:52:00Z,0.0,0.0,0.0,4
2902260,11.915,67.906,2019-03-03T17:52:00Z,0.0,0.0,0.0,4
2902260,11.915,67.906,2019-03-03T17:52:00Z,0.0,0.0,0.0,4
2902260,11.915,67.906,2019-03-03T17:52:00Z,0.0,0.0,0.0,4
2902260,11.915,67.906,2019-03-03T17:52:00Z,0.0,0.0,0.0,4
2902260,11.915,67.906,2019-03-03T17:52:00Z,0.0,0.0,0.0,4
2902260,11.915,67.906,2019-03-03T17:52:00Z,0.0,0.0,0.0,4
2902260,11.915,67.906,2019-03-03T17:52:00Z,0.0,0.0,0.0,4
2902260,11.915,67.906,2019-03-03T17:52:00Z,0.0,0.0,0.0,4
2902260,11.915,67.906,2019-03-03T17:52:00Z,0.0,0.0,0.0,4
2902260,11.915,67.906,2019-03-03T17:52:00Z,0.0,0.0,0.0,4
2902260,11.915,67.906,2019-03-03T17:52:00Z,0.0,0.0,0.0,4
2902260,11.915,67.906,2019-03-03T17:52:00Z,0.0,0.0,0.0,4
2902260,11.915,67.906,2019-03-03T17:52:00Z,0.0,0.0,0.0,4
2902260,11.915,67.906,2019-03-03T17:52:00Z,0.0,0.0,0.0,4
2902260,11.915,67.906,2019-03-03T17:52:00Z,0.0,0.0,0.0,4
2902260,11.915,67.906,2019-03-03T17:52:00Z,0.0,0.0,0.0,4
2902260,11.915,67.906,2019-03-03T17:52:00Z,0.0,0.0,0.0,4
2902260,11.915,67.906,2019-03-03T17:52:00Z,0.0,0.0,0.0,4
2902260,11.915,67.906,2019-03-03T17:52:00Z,0.0,0.0,0.0,4
2902260,11.915,67.906,2019-03-03T17:52:00Z,0.0,0.0,0.0,4
2902260,11.915,67.906,2019-03-03T17:52:00Z,0.0,0.0,0.0,4
2902260,11.915,67.906,2019-03-03T17:52:00Z,0.0,0.0,0.0,4
2902260,11.915,67.906,2019-03-03T17:52:00Z,0.0,0.0,0.0,4
2902260,11.915,67.906,2019-03-03T17:52:00Z,0.0,0.0,0.0,4
2902260,11.915,67.906,2019-03-03T17:52:00Z,0.0,0.0,0.0,4
2902260,11.915,67.906,2019-03-03T17:52:00Z,0.0,0.0,0.0,4
2902260,11.915,67.906,2019-03-03T17:52:00Z,0.0,0.0,0.0,4
2902260,11.915,67.906,2019-03-03T17:52:00Z,0.0,0.0,0.0,4
2902260,11.915,67.906,2019-03-03T17:52:00Z,0.0,0.0,0.0,4
2902260,11.915,67.906,2019-03-03T17:52:00Z,0.0,0.0,0.0,4
2902260,11.915,67.906,2019-03-03T17:52:00Z,0.0,0.0,0.0,4
2902260,11.915,67.906,2019-03-03T17:52:00Z,0.0,0.0,0.0,4
2902260,11.915,67.906,2019-03-03T17:52:00Z,0.0,0.0,0.0,4
2902260,11.915,67.906,2019-03-03T17:52:00Z,0.0,0.0,0.0,4
2902260,11.915,67.906,2019-03-03T17:52:00Z,0.0,0.0,0.0,4
2902260,11.915,67.906,2019-03-03T17:52:00Z,0.0,0.0,0.0,4
2902260,11.915,67.906,2019-03-03T17:52:00Z,0.0,0.0,0.0,4
2902260,11.915,67.906,2019-03-03T17:52:00Z,0.0,0.0,0.0,4
2902260,11.915,67.906,2019-03-03T17:52:00Z,0.0,0.0,0.0,4
2902260,11.915,67.906,2019-03-03T17:52:00Z,0.0,0.0,0.0,4
2902260,11.915,67.906,2019-03-03T17:52:00Z,0.0,0.0,0.0,4
2902260,11.915,67.906,2019-03-03T17:52:00Z,0.0,0.0,0.0,4
2902260,11.915,67.906,2019-03-03T17:52:00Z,0.0,0.0,0.0,4
2902260,11.915,67.906,2019-03-03T17:52:00Z,0.0,0.0,0.0,4
2902260,11.915,67.906,2019-03-03T17:52:00Z,0.0,0.0,0.0,4
2902260,11.915,67.906,2019-03-03T17:52:00Z,0.0,0.0,0.0,4
2902260,11.915,67.906,2019-03-03T17:52:00Z,0.0,0.0,0.0,4
2902260,11.915,67.906,2019-03-03T17:52:00Z,0.0,0.0,0.0,4
2902260,11.915,67.906,2019-03-03T17:52:00Z,0.0,0.0,0.0,4
2902260,11.915,67.906,2019-03-03T17:52:00Z,0.0,0.0,0.0,4
2902260,11.915,67.906,2019-03-03T17:52:00Z,0.0,0.0,0.0,4
2902260,11.915,67.906,2019-03-03T17:52:00Z,0.0,0.0,0.0,4
2902260,11.915,67.906,2019-03-03T17:52:00Z,0.0,0.0,0.0,4
2902260,11.915,67.906,2019-03-03T17:52:00Z,0.0,0.0,0.0,4
2902260,11.915,67.906,2019-03-03T17:52:00Z,0.0,0.0,0.0,4
2902260,11.915,67.906,2019-03-03T17:52:00Z,0.0,0.0,0.0,4
2902260,11.915,67.906,2019-03-03T17:52:00Z,0.0,0.0,0.0,4
2902260,11.915,67.906,2019-03-03T17:52:00Z,0.0,0.0,0.0,4
2902260,11.915,67.906,2019-03-03T17:52:00Z,0.0,0.0,0.0,4
2902260,11.915,67.906,2019-03-03T17:52:00Z,0.0,0.0,0.0,4
2902260,11.915,67.906,2019-03-03T17:52:00Z,0.0,0.0,0.0,4
2902260,11.915,67.906,2019-03-03T17:52:00Z,0.0,0.0,0.0,4
2902260,11.915,67.906,2019-03-03T17:52:00Z,0.0,0.0,0.0,4
2902260,11.915,67.906,2019-03-03T17:52:00Z,0.0,0.0,0.0,4
2902260,11.915,67.906,2019-03-03T17:52:00Z,0.0,0.0,0.0,4
2902260,11.915,67.906,2019-03-03T17:52:00Z,0.0,0.0,0.0,4
2902260,11.915,67.906,2019-03-03T17:52:00Z,0.0,0.0,0.0,4
2902260,11.915,67.906,2019-03-03T17:52:00Z,0.0,0.0,0.0,4
2902260,11.915,67.906,2019-03-03T17:52:00Z,0.0,0.0,0.0,4
2902260,11.915,67.906,2019-03-03T17:52:00Z,0.0,0.0,0.0,4
2902260,11.915,67.906,2019-03-03T17:52:00Z,0.0,0.0,0.0,4
2902260,11.915,67.906,2019-03-03T17:52:00Z,0.0,0.0,0.0,4
2902260,11.915,67.906,2019-03-03T17:52:00Z,0.0,0.0,0.0,4
2902260,11.915,67.906,2019-03-03T17:52:00Z,0.0,0.0,0.0,4
2902260,11.915,67.906,2019-03-03T17:52:00Z,0.0,0.0,0.0,4
2902260,11.915,67.906,2019-03-03T17:52:00Z,0.0,0.0,0.0,4
2902260,11.915,67.906,2019-03-03T17:52:00Z,0.0,0.0,0.0,4
2902260,11.915,67.906,2019-03-03T17:52:00Z,0.0,0.0,0.0,4
2902260,11.915,67.906,2019-03-03T17:52:00Z,0.0,0.0,0.0,4
2902260,11.915,67.906,2019-03-03T17:52:00Z,0.0,0.0,0.0,4
2902260,11.915,67.906,2019-03-03T17:52:00Z,0.0,0.0,0.0,4
2902260,11.915,67.906,2019-03-03T17:52:00Z,0.0,0.0,0.0,4
2902260,11.915,67.906,2019-03-03T17:52:00Z,0.0,0.0,0.0,4
2902260,11.915,67.906,2019-03-03T17:52:00Z,0.0,0.0,0.0,4
2902260,11.915,67.906,2019-03-03T17:52:00Z,0.0,0.0,0.0,4
2902260,11.915,67.906,2019-03-03T17:52:00Z,0.0,0.0,0.0,4
2902260,11.915,67.906,2019-03-03T17:52:00Z,0.0,0.0,0.0,4
2902260,11.915,67.906,2019-03-03T17:52:00Z,0.0,0.0,0.0,4
2902260,11.915,67.906,2019-03-03T17:52:00Z,0.0,0.0,0.0,4
2902260,11.915,67.906,2019-03-03T17:52:00Z,0.0,0.0,0.0,4
2902260,11.915,67.906,2019-03-03T17:52:00Z,0.0,0.0,0.0,4
2902260,11.915,67.906,2019-03-03T17:52:00Z,0.0,0.0,0.0,4
2902260,11.915,67.906,2019-03-03T17:52:00Z,0.0,0.0,0.0,4
2902260,11.915,67.906,2019-03-03T17:52:00Z,0.0,0.0,0.0,4
2902260,11.915,67.906,2019-03-03T17:52:00Z,0.0,0.0,0.0,4
2902260,11.915,67.906,2019-03-03T17:52:00Z,0.0,0.0,0.0,4
2902260,11.915,67.906,2019-03-03T17:52:00Z,0.0,0.0,0.0,4
2902260,11.915,67.906,2019-03-03T17:52:00Z,0.0,0.0,0.0,4
2902260,11.915,67.906,2019-03-03T17:52:00Z,0.0,0.0,0.0,4
2902260,11.915,67.906,2019-03-03T17:52:00Z,0.0,0.0,0.0,4
2902260,11.915,67.906,2019-03-03T17:52:00Z,0.0,0.0,0.0,4
2902260,11.915,67.906,2019-03-03T17:52:00Z,0.0,0.0,0.0,4
2902260,11.915,67.906,2019-03-03T17:52:00Z,0.0,0.0,0.0,4
2902260,11.915,67.906,2019-03-03T17:52:00Z,0.0,0.0,0.0,4
2902260,11.915,67.906,2019-03-03T17:52:00Z,0.0,0.0,0.0,4
2902260,11.915,67.906,2019-03-03T17:52:00Z,0.0,0.0,0.0,4
2902260,11.915,67.906,2019-03-03T17:52:00Z,0.0,0.0,0.0,4
2902260,11.915,67.906,2019-03-03T17:52:00Z,0.0,0.0,0.0,4
2902260,11.915,67.906,2019-03-03T17:52:00Z,0.0,0.0,0.0,4
2902260,11.915,67.906,2019-03-03T17:52:00Z,0.0,0.0,0.0,4
2902260,11.915,67.906,2019-03-03T17:52:00Z,0.0,0.0,0.0,4
2902260,11.915,67.906,2019-03-03T17:52:00Z,0.0,0.0,0.0,4
2902260,11.915,67.906,2019-03-03T17:52:00Z,0.0,0.0,0.0,4
2902260,11.915,67.906,2019-03-03T17:52:00Z,0.0,0.0,0.0,4
2902260,11.915,67.906,2019-03-03T17:52:00Z,0.0,0.0,0.0,4
2902260,11.915,67.906,2019-03-03T17:52:00Z,0.0,0.0,0.0,4
2902260,11.915,67.906,2019-03-03T17:52:00Z,0.0,0.0,0.0,4
2902260,11.915,67.906,2019-03-03T17:52:00Z,0.0,0.0,0.0,4
2902260,11.915,67.906,2019-03-03T17:52:00Z,0.0,0.0,0.0,4
2902260,11.915,67.906,2019-03-03T17:52:00Z,0.0,0.0,0.0,4
2902260,11.915,67.906,2019-03-03T17:52:00Z,0.0,0.0,0.0,4
2902260,11.915,67.906,2019-03-03T17:52:00Z,0.0,0.0,0.0,4
2902260,11.915,67.906,2019-03-03T17:52:00Z,0.0,0.0,0.0,4
2902260,11.915,67.906,2019-03-03T17:52:00Z,0.0,0.0,0.0,4
2902260,11.915,67.906,2019-03-03T17:52:00Z,0.0,0.0,0.0,4
2902260,11.915,67.906,2019-03-03T17:52:00Z,0.0,0.0,0.0,4
2902260,11.915,67.906,2019-03-03T17:52:00Z,0.0,0.0,0.0,4
2902260,11.915,67.906,2019-03-03T17:52:00Z,0.0,0.0,0.0,4
2902260,11.915,67.906,2019-03-03T17:52:00Z,0.0,0.0,0.0,4
2902260,11.915,67.906,2019-03-03T17:52:00Z,0.0,0.0,0.0,4
2902260,11.915,67.906,2019-03-03T17:52:00Z,0.0,0.0,0.0,4
2902260,11.915,67.906,2019-03-03T17:52:00Z,0.0,0.0,0.0,4
2902260,11.915,67.906,2019-03-03T17:52:00Z,0.0,0.0,0.0,4
2902260,11.915,67.906,2019-03-03T17:52:00Z,0.0,0.0,0.0,4
2902260,11.915,67.906,2019-03-03T17:52:00Z,0.0,0.0,0.0,4
2902260,11.915,67.906,2019-03-03T17:52:00Z,0.0,0.0,0.0,4
2902260,11.915,67.906,2019-03-03T17:52:00Z,0.0,0.0,0.0,4
2902260,11.915,67.906,2019-03-03T17:52:00Z,0.0,0.0,0.0,4
2902260,11.915,67.906,2019-03-03T17:52:00Z,0.0,0.0,0.0,4
2902260,11.915,67.906,2019-03-03T17:52:00Z,0.0,0.0,0.0,4
2902260,11.915,67.906,2019-03-03T17:52:00Z,0.0,0.0,0.0,4
2902260,11.915,67.906,2019-03-03T17:52:00Z,0.0,0.0,0.0,4
2902260,11.915,67.906,2019-03-03T17:52:00Z,0.0,0.0,0.0,4
2902260,11.915,67.906,2019-03-03T17:52:00Z,0.0,0.0,0.0,4
2902260,11.915,67.906,2019-03-03T17:52:00Z,0.0,0.0,0.0,4
2902260,11.915,67.906,2019-03-03T17:52:00Z,0.0,0.0,0.0,4
2902260,11.915,67.906,2019-03-03T17:52:00Z,28.659,34.67,1.0,3
2902260,11.915,67.906,2019-03-03T17:52:00Z,28.659,34.672,2.0,1
2902260,11.915,67.906,2019-03-03T17:52:00Z,28.662,34.671,3.0,1
2902260,11.915,67.906,2019-03-03T17:52:00Z,28.665,34.671,4.0,1
2902260,11.915,67.906,2019-03-03T17:52:00Z,28.669,34.664,5.0,1
2902260,11.915,67.906,2019-03-03T17:52:00Z,28.671,34.669,6.0,1
2902259,16.448,64.531,2019-03-03T17:56:00Z,26.117,36.556,0.0,4
2902259,16.448,64.531,2019-03-03T17:56:00Z,0.0,0.0,0.0,4
2902259,16.448,64.531,2019-03-03T17:56:00Z,0.0,0.0,0.0,4
2902259,16.448,64.531,2019-03-03T17:56:00Z,0.0,0.0,0.0,4
2902259,16.448,64.531,2019-03-03T17:56:00Z,0.0,0.0,0.0,4
2902259,16.448,64.531,2019-03-03T17:56:00Z,0.0,0.0,0.0,4
2902259,16.448,64.531,2019-03-03T17:56:00Z,0.0,0.0,0.0,4
2902259,16.448,64.531,2019-03-03T17:56:00Z,0.0,0.0,0.0,4
2902259,16.448,64.531,2019-03-03T17:56:00Z,0.0,0.0,0.0,4
2902259,16.448,64.531,2019-03-03T17:56:00Z,0.0,0.0,0.0,4
2902259,16.448,64.531,2019-03-03T17:56:00Z,0.0,0.0,0.0,4
2902259,16.448,64.531,2019-03-03T17:56:00Z,0.0,0.0,0.0,4
2902259,16.448,64.531,2019-03-03T17:56:00Z,0.0,0.0,0.0,4
2902259,16.448,64.531,2019-03-03T17:56:00Z,0.0,0.0,0.0,4
2902259,16.448,64.531,2019-03-03T17:56:00Z,0.0,0.0,0.0,4
2902259,16.448,64.531,2019-03-03T17:56:00Z,0.0,0.0,0.0,4
2902259,16.448,64.531,2019-03-03T17:56:00Z,0.0,0.0,0.0,4
2902259,16.448,64.531,2019-03-03T17:56:00Z,0.0,0.0,0.0,4
2902259,16.448,64.531,2019-03-03T17:56:00Z,0.0,0.0,0.0,4
2902259,16.448,64.531,2019-03-03T17:56:00Z,0.0,0.0,0.0,4
2902259,16.448,64.531,2019-03-03T17:56:00Z,0.0,0.0,0.0,4
2902259,16.448,64.531,2019-03-03T17:56:00Z,0.0,0.0,0.0,4
2902259,16.448,64.531,2019-03-03T17:56:00Z,0.0,0.0,0.0,4
2902259,16.448,64.531,2019-03-03T17:56:00Z,0.0,0.0,0.0,4
2902259,16.448,64.531,2019-03-03T17:56:00Z,0.0,0.0,0.0,4
2902259,16.448,64.531,2019-03-03T17:56:00Z,0.0,0.0,0.0,4
2902259,16.448,64.531,2019-03-03T17:56:00Z,0.0,0.0,0.0,4
2902259,16.448,64.531,2019-03-03T17:56:00Z,0.0,0.0,0.0,4
2902259,16.448,64.531,2019-03-03T17:56:00Z,0.0,0.0,0.0,4
2902259,16.448,64.531,2019-03-03T17:56:00Z,0.0,0.0,0.0,4
2902259,16.448,64.531,2019-03-03T17:56:00Z,0.0,0.0,0.0,4
2902259,16.448,64.531,2019-03-03T17:56:00Z,0.0,0.0,0.0,4
2902259,16.448,64.531,2019-03-03T17:56:00Z,0.0,0.0,0.0,4
2902259,16.448,64.531,2019-03-03T17:56:00Z,0.0,0.0,0.0,4
2902259,16.448,64.531,2019-03-03T17:56:00Z,0.0,0.0,0.0,4
2902259,16.448,64.531,2019-03-03T17:56:00Z,0.0,0.0,0.0,4
2902259,16.448,64.531,2019-03-03T17:56:00Z,0.0,0.0,0.0,4
2902259,16.448,64.531,2019-03-03T17:56:00Z,0.0,0.0,0.0,4
2902259,16.448,64.531,2019-03-03T17:56:00Z,0.0,0.0,0.0,4
2902259,16.448,64.531,2019-03-03T17:56:00Z,0.0,0.0,0.0,4
2902259,16.448,64.531,2019-03-03T17:56:00Z,0.0,0.0,0.0,4
2902259,16.448,64.531,2019-03-03T17:56:00Z,0.0,0.0,0.0,4
2902259,16.448,64.531,2019-03-03T17:56:00Z,0.0,0.0,0.0,4
2902259,16.448,64.531,2019-03-03T17:56:00Z,0.0,0.0,0.0,4
2902259,16.448,64.531,2019-03-03T17:56:00Z,0.0,0.0,0.0,4
2902259,16.448,64.531,2019-03-03T17:56:00Z,0.0,0.0,0.0,4
2902259,16.448,64.531,2019-03-03T17:56:00Z,0.0,0.0,0.0,4
2902259,16.448,64.531,2019-03-03T17:56:00Z,0.0,0.0,0.0,4
2902259,16.448,64.531,2019-03-03T17:56:00Z,0.0,0.0,0.0,4
2902259,16.448,64.531,2019-03-03T17:56:00Z,0.0,0.0,0.0,4
2902259,16.448,64.531,2019-03-03T17:56:00Z,0.0,0.0,0.0,4
2902259,16.448,64.531,2019-03-03T17:56:00Z,0.0,0.0,0.0,4
2902259,16.448,64.531,2019-03-03T17:56:00Z,0.0,0.0,0.0,4
2902259,16.448,64.531,2019-03-03T17:56:00Z,0.0,0.0,0.0,4
2902259,16.448,64.531,2019-03-03T17:56:00Z,0.0,0.0,0.0,4
2902259,16.448,64.531,2019-03-03T17:56:00Z,0.0,0.0,0.0,4
2902259,16.448,64.531,2019-03-03T17:56:00Z,0.0,0.0,0.0,4
2902259,16.448,64.531,2019-03-03T17:56:00Z,0.0,0.0,0.0,4
2902259,16.448,64.531,2019-03-03T17:56:00Z,0.0,0.0,0.0,4
2902259,16.448,64.531,2019-03-03T17:56:00Z,0.0,0.0,0.0,4
2902259,16.448,64.531,2019-03-03T17:56:00Z,0.0,0.0,0.0,4
2902259,16.448,64.531,2019-03-03T17:56:00Z,0.0,0.0,0.0,4
2902259,16.448,64.531,2019-03-03T17:56:00Z,0.0,0.0,0.0,4
2902259,16.448,64.531,2019-03-03T17:56:00Z,0.0,0.0,0.0,4
2902259,16.448,64.531,2019-03-03T17:56:00Z,0.0,0.0,0.0,4
2902259,16.448,64.531,2019-03-03T17:56:00Z,0.0,0.0,0.0,4
2902259,16.448,64.531,2019-03-03T17:56:00Z,0.0,0.0,0.0,4
2902259,16.448,64.531,2019-03-03T17:56:00Z,0.0,0.0,0.0,4
2902259,16.448,64.531,2019-03-03T17:56:00Z,0.0,0.0,0.0,4
2902259,16.448,64.531,2019-03-03T17:56:00Z,0.0,0.0,0.0,4
2902259,16.448,64.531,2019-03-03T17:56:00Z,0.0,0.0,0.0,4
2902259,16.448,64.531,2019-03-03T17:56:00Z,0.0,0.0,0.0,4
2902259,16.448,64.531,2019-03-03T17:56:00Z,0.0,0.0,0.0,4
2902259,16.448,64.531,2019-03-03T17:56:00Z,0.0,0.0,0.0,4
2902259,16.448,64.531,2019-03-03T17:56:00Z,0.0,0.0,0.0,4
2902259,16.448,64.531,2019-03-03T17:56:00Z,0.0,0.0,0.0,4
2902259,16.448,64.531,2019-03-03T17:56:00Z,0.0,0.0,0.0,4
2902259,16.448,64.531,2019-03-03T17:56:00Z,0.0,0.0,0.0,4
2902259,16.448,64.531,2019-03-03T17:56:00Z,0.0,0.0,0.0,4
2902259,16.448,64.531,2019-03-03T17:56:00Z,0.0,0.0,0.0,4
2902259,16.448,64.531,2019-03-03T17:56:00Z,0.0,0.0,0.0,4
2902259,16.448,64.531,2019-03-03T17:56:00Z,0.0,0.0,0.0,4
2902259,16.448,64.531,2019-03-03T17:56:00Z,0.0,0.0,0.0,4
2902259,16.448,64.531,2019-03-03T17:56:00Z,0.0,0.0,0.0,4
2902259,16.448,64.531,2019-03-03T17:56:00Z,0.0,0.0,0.0,4
2902259,16.448,64.531,2019-03-03T17:56:00Z,0.0,0.0,0.0,4
2902259,16.448,64.531,2019-03-03T17:56:00Z,0.0,0.0,0.0,4
2902259,16.448,64.531,2019-03-03T17:56:00Z,0.0,0.0,0.0,4
2902259,16.448,64.531,2019-03-03T17:56:00Z,0.0,0.0,0.0,4
2902259,16.448,64.531,2019-03-03T17:56:00Z,0.0,0.0,0.0,4
2902259,16.448,64.531,2019-03-03T17:56:00Z,0.0,0.0,0.0,4
2902259,16.448,64.531,2019-03-03T17:56:00Z,0.0,0.0,0.0,4
2902259,16.448,64.531,2019-03-03T17:56:00Z,0.0,0.0,0.0,4
2902259,16.448,64.531,2019-03-03T17:56:00Z,0.0,0.0,0.0,4
2902259,16.448,64.531,2019-03-03T17:56:00Z,0.0,0.0,0.0,4
2902259,16.448,64.531,2019-03-03T17:56:00Z,0.0,0.0,0.0,4
2902259,16.448,64.531,2019-03-03T17:56:00Z,0.0,0.0,0.0,4
2902259,16.448,64.531,2019-03-03T17:56:00Z,0.0,0.0,0.0,4
2902259,16.448,64.531,2019-03-03T17:56:00Z,0.0,0.0,0.0,4
2902259,16.448,64.531,2019-03-03T17:56:00Z,0.0,0.0,0.0,4
2902259,16.448,64.531,2019-03-03T17:56:00Z,0.0,0.0,0.0,4
2902259,16.448,64.531,2019-03-03T17:56:00Z,0.0,0.0,0.0,4
2902259,16.448,64.531,2019-03-03T17:56:00Z,0.0,0.0,0.0,4
2902259,16.448,64.531,2019-03-03T17:56:00Z,0.0,0.0,0.0,4
2902259,16.448,64.531,2019-03-03T17:56:00Z,0.0,0.0,0.0,4
2902259,16.448,64.531,2019-03-03T17:56:00Z,0.0,0.0,0.0,4
2902259,16.448,64.531,2019-03-03T17:56:00Z,0.0,0.0,0.0,4
2902259,16.448,64.531,2019-03-03T17:56:00Z,0.0,0.0,0.0,4
2902259,16.448,64.531,2019-03-03T17:56:00Z,0.0,0.0,0.0,4
2902259,16.448,64.531,2019-03-03T17:56:00Z,0.0,0.0,0.0,4
2902259,16.448,64.531,2019-03-03T17:56:00Z,0.0,0.0,0.0,4
2902259,16.448,64.531,2019-03-03T17:56:00Z,0.0,0.0,0.0,4
2902259,16.448,64.531,2019-03-03T17:56:00Z,0.0,0.0,0.0,4
2902259,16.448,64.531,2019-03-03T17:56:00Z,0.0,0.0,0.0,4
2902259,16.448,64.531,2019-03-03T17:56:00Z,0.0,0.0,0.0,4
2902259,16.448,64.531,2019-03-03T17:56:00Z,0.0,0.0,0.0,4
2902259,16.448,64.531,2019-03-03T17:56:00Z,0.0,0.0,0.0,4
2902259,16.448,64.531,2019-03-03T17:56:00Z,0.0,0.0,0.0,4
2902259,16.448,64.531,2019-03-03T17:56:00Z,0.0,0.0,0.0,4
2902259,16.448,64.531,2019-03-03T17:56:00Z,0.0,0.0,0.0,4
2902259,16.448,64.531,2019-03-03T17:56:00Z,0.0,0.0,0.0,4
2902259,16.448,64.531,2019-03-03T17:56:00Z,0.0,0.0,0.0,4
2902259,16.448,64.531,2019-03-03T17:56:00Z,0.0,0.0,0.0,4
2902259,16.448,64.531,2019-03-03T17:56:00Z,0.0,0.0,0.0,4
2902259,16.448,64.531,2019-03-03T17:56:00Z,0.0,0.0,0.0,4
2902259,16.448,64.531,2019-03-03T17:56:00Z,0.0,0.0,0.0,4
2902259,16.448,64.531,2019-03-03T17:56:00Z,0.0,0.0,0.0,4
2902259,16.448,64.531,2019-03-03T17:56:00Z,0.0,0.0,0.0,4
2902259,16.448,64.531,2019-03-03T17:56:00Z,0.0,0.0,0.0,4
2902259,16.448,64.531,2019-03-03T17:56:00Z,0.0,0.0,0.0,4
2902259,16.448,64.531,2019-03-03T17:56:00Z,0.0,0.0,0.0,4
2902259,16.448,64.531,2019-03-03T17:56:00Z,0.0,0.0,0.0,4
2902259,16.448,64.531,2019-03-03T17:56:00Z,0.0,0.0,0.0,4
2902259,16.448,64.531,2019-03-03T17:56:00Z,0.0,0.0,0.0,4
2902259,16.448,64.531,2019-03-03T17:56:00Z,0.0,0.0,0.0,4
2902259,16.448,64.531,2019-03-03T17:56:00Z,0.0,0.0,0.0,4
2902259,16.448,64.531,2019-03-03T17:56:00Z,0.0,0.0,0.0,4
2902259,16.448,64.531,2019-03-03T17:56:00Z,0.0,0.0,0.0,4
2902259,16.448,64.531,2019-03-03T17:56:00Z,0.0,0.0,0.0,4
2902259,16.448,64.531,2019-03-03T17:56:00Z,0.0,0.0,0.0,4
2902259,16.448,64.531,2019-03-03T17:56:00Z,0.0,0.0,0.0,4
2902259,16.448,64.531,2019-03-03T17:56:00Z,0.0,0.0,0.0,4
2902259,16.448,64.531,2019-03-03T17:56:00Z,0.0,0.0,0.0,4
2902259,16.448,64.531,2019-03-03T17:56:00Z,0.0,0.0,0.0,4
2902259,16.448,64.531,2019-03-03T17:56:00Z,0.0,0.0,0.0,4
2902259,16.448,64.531,2019-03-03T17:56:00Z,0.0,0.0,0.0,4
2902259,16.448,64.531,2019-03-03T17:56:00Z,0.0,0.0,0.0,4
2902259,16.448,64.531,2019-03-03T17:56:00Z,0.0,0.0,0.0,4
2902259,16.448,64.531,2019-03-03T17:56:00Z,0.0,0.0,0.0,4
2902259,16.448,64.531,2019-03-03T17:56:00Z,0.0,0.0,0.0,4
2902259,16.448,64.531,2019-03-03T17:56:00Z,0.0,0.0,0.0,4
2902259,16.448,64.531,2019-03-03T17:56:00Z,0.0,0.0,0.0,4
2902259,16.448,64.531,2019-03-03T17:56:00Z,0.0,0.0,0.0,4
2902259,16.448,64.531,2019-03-03T17:56:00Z,0.0,0.0,0.0,4
2902259,16.448,64.531,2019-03-03T17:56:00Z,0.0,0.0,0.0,4
2902259,16.448,64.531,2019-03-03T17:56:00Z,0.0,0.0,0.0,4
2902259,16.448,64.531,2019-03-03T17:56:00Z,0.0,0.0,0.0,4
2902259,16.448,64.531,2019-03-03T17:56:00Z,0.0,0.0,0.0,4
2902259,16.448,64.531,2019-03-03T17:56:00Z,0.0,0.0,0.0,4
2902259,16.448,64.531,2019-03-03T17:56:00Z,0.0,0.0,0.0,4
2902259,16.448,64.531,2019-03-03T17:56:00Z,0.0,0.0,0.0,4
2902259,16.448,64.531,2019-03-03T17:56:00Z,0.0,0.0,0.0,4
2902259,16.448,64.531,2019-03-03T17:56:00Z,0.0,0.0,0.0,4
2902259,16.448,64.531,2019-03-03T17:56:00Z,0.0,0.0,0.0,4
2902259,16.448,64.531,2019-03-03T17:56:00Z,0.0,0.0,0.0,4
2902259,16.448,64.531,2019-03-03T17:56:00Z,0.0,0.0,0.0,4
2902259,16.448,64.531,2019-03-03T17:56:00Z,0.0,0.0,0.0,4
2902259,16.448,64.531,2019-03-03T17:56:00Z,0.0,0.0,0.0,4
2902259,16.448,64.531,2019-03-03T17:56:00Z,0.0,0.0,0.0,4
2902259,16.448,64.531,2019-03-03T17:56:00Z,0.0,0.0,0.0,4
2902259,16.448,64.531,2019-03-03T17:56:00Z,0.0,0.0,0.0,4
2902259,16.448,64.531,2019-03-03T17:56:00Z,0.0,0.0,0.0,4
2902259,16.448,64.531,2019-03-03T17:56:00Z,0.0,0.0,0.0,4
2902259,16.448,64.531,2019-03-03T17:56:00Z,0.0,0.0,0.0,4
2902259,16.448,64.531,2019-03-03T17:56:00Z,0.0,0.0,0.0,4
2902259,16.448,64.531,2019-03-03T17:56:00Z,0.0,0.0,0.0,4
2902259,16.448,64.531,2019-03-03T17:56:00Z,0.0,0.0,0.0,4
2902259,16.448,64.531,2019-03-03T17:56:00Z,0.0,0.0,0.0,4
2902259,16.448,64.531,2019-03-03T17:56:00Z,0.0,0.0,0.0,4
2902259,16.448,64.531,2019-03-03T17:56:00Z,0.0,0.0,0.0,4
2902259,16.448,64.531,2019-03-03T17:56:00Z,0.0,0.0,0.0,4
2902259,16.448,64.531,2019-03-03T17:56:00Z,0.0,0.0,0.0,4
2902259,16.448,64.531,2019-03-03T17:56:00Z,0.0,0.0,0.0,4
2902259,16.448,64.531,2019-03-03T17:56:00Z,0.0,0.0,0.0,4
2902259,16.448,64.531,2019-03-03T17:56:00Z,0.0,0.0,0.0,4
2902259,16.448,64.531,2019-03-03T17:56:00Z,0.0,0.0,0.0,4
2902259,16.448,64.531,2019-03-03T17:56:00Z,0.0,0.0,0.0,4
2902259,16.448,64.531,2019-03-03T17:56:00Z,0.0,0.0,0.0,4
2902259,16.448,64.531,2019-03-03T17:56:00Z,0.0,0.0,0.0,4
2902259,16.448,64.531,2019-03-03T17:56:00Z,0.0,0.0,0.0,4
2902259,16.448,64.531,2019-03-03T17:56:00Z,0.0,0.0,0.0,4
2902259,16.448,64.531,2019-03-03T17:56:00Z,0.0,0.0,0.0,4
2902259,16.448,64.531,2019-03-03T17:56:00Z,0.0,0.0,0.0,4
2902259,16.448,64.531,2019-03-03T17:56:00Z,0.0,0.0,0.0,4
2902259,16.448,64.531,2019-03-03T17:56:00Z,0.0,0.0,0.0,4
2902259,16.448,64.531,2019-03-03T17:56:00Z,0.0,0.0,0.0,4
2902259,16.448,64.531,2019-03-03T17:56:00Z,0.0,0.0,0.0,4
2902259,16.448,64.531,2019-03-03T17:56:00Z,0.0,0.0,0.0,4
2902259,16.448,64.531,2019-03-03T17:56:00Z,0.0,0.0,0.0,4
2902259,16.448,64.531,2019-03-03T17:56:00Z,0.0,0.0,0.0,4
2902259,16.448,64.531,2019-03-03T17:56:00Z,0.0,0.0,0.0,4
2902259,16.448,64.531,2019-03-03T17:56:00Z,0.0,0.0,0.0,4
2902259,16.448,64.531,2019-03-03T17:56:00Z,0.0,0.0,0.0,4
2902259,16.448,64.531,2019-03-03T17:56:00Z,0.0,0.0,0.0,4
2902259,16.448,64.531,2019-03-03T17:56:00Z,0.0,0.0,0.0,4
2902259,16.448,64.531,2019-03-03T17:56:00Z,0.0,0.0,0.0,4
2902259,16.448,64.531,2019-03-03T17:56:00Z,0.0,0.0,0.0,4
2902259,16.448,64.531,2019-03-03T17:56:00Z,0.0,0.0,0.0,4
2902259,16.448,64.531,2019-03-03T17:56:00Z,0.0,0.0,0.0,4
2902259,16.448,64.531,2019-03-03T17:56:00Z,0.0,0.0,0.0,4
2902259,16.448,64.531,2019-03-03T17:56:00Z,0.0,0.0,0.0,4
2902259,16.448,64.531,2019-03-03T17:56:00Z,0.0,0.0,0.0,4
2902259,16.448,64.531,2019-03-03T17:56:00Z,0.0,0.0,0.0,4
2902259,16.448,64.531,2019-03-03T17:56:00Z,0.0,0.0,0.0,4
2902259,16.448,64.531,2019-03-03T17:56:00Z,0.0,0.0,0.0,4
2902259,16.448,64.531,2019-03-03T17:56:00Z,0.0,0.0,0.0,4
2902259,16.448,64.531,2019-03-03T17:56:00Z,0.0,0.0,0.0,4
2902259,16.448,64.531,2019-03-03T17:56:00Z,0.0,0.0,0.0,4
2902259,16.448,64.531,2019-03-03T17:56:00Z,0.0,0.0,0.0,4
2902259,16.448,64.531,2019-03-03T17:56:00Z,0.0,0.0,0.0,4
2902259,16.448,64.531,2019-03-03T17:56:00Z,0.0,0.0,0.0,4
2902259,16.448,64.531,2019-03-03T17:56:00Z,0.0,0.0,0.0,4
2902259,16.448,64.531,2019-03-03T17:56:00Z,0.0,0.0,0.0,4
2902259,16.448,64.531,2019-03-03T17:56:00Z,0.0,0.0,0.0,4
2902259,16.448,64.531,2019-03-03T17:56:00Z,0.0,0.0,0.0,4
2902259,16.448,64.531,2019-03-03T17:56:00Z,0.0,0.0,0.0,4
2902259,16.448,64.531,2019-03-03T17:56:00Z,0.0,0.0,0.0,4
2902259,16.448,64.531,2019-03-03T17:56:00Z,0.0,0.0,0.0,4
2902259,16.448,64.531,2019-03-03T17:56:00Z,0.0,0.0,0.0,4
2902259,16.448,64.531,2019-03-03T17:56:00Z,0.0,0.0,0.0,4
2902259,16.448,64.531,2019-03-03T17:56:00Z,0.0,0.0,0.0,4
2902259,16.448,64.531,2019-03-03T17:56:00Z,0.0,0.0,0.0,4
2902259,16.448,64.531,2019-03-03T17:56:00Z,0.0,0.0,0.0,4
2902259,16.448,64.531,2019-03-03T17:56:00Z,26.116,36.557,1.0,3
2902259,16.448,64.531,2019-03-03T17:56:00Z,26.116,36.557,2.0,1
2902259,16.448,64.531,2019-03-03T17:56:00Z,26.117,36.557,3.0,1
2902259,16.448,64.531,2019-03-03T17:56:00Z,26.117,36.558,4.0,1
2902259,16.448,64.531,2019-03-03T17:56:00Z,26.116,36.56,5.0,1
2902259,16.448,64.531,2019-03-03T17:56:00Z,26.118,36.558,6.0,1
2902261,15.81,65.979,2019-03-03T17:58:00Z,0.0,0.0,0.0,4
2902261,15.81,65.979,2019-03-03T17:58:00Z,0.0,0.0,0.0,4
2902261,15.81,65.979,2019-03-03T17:58:00Z,0.0,0.0,0.0,4
2902261,15.81,65.979,2019-03-03T17:58:00Z,0.0,0.0,0.0,4
2902261,15.81,65.979,2019-03-03T17:58:00Z,0.0,0.0,0.0,4
2902261,15.81,65.979,2019-03-03T17:58:00Z,0.0,0.0,0.0,4
2902261,15.81,65.979,2019-03-03T17:58:00Z,0.0,0.0,0.0,4
2902261,15.81,65.979,2019-03-03T17:58:00Z,0.0,0.0,0.0,4
2902261,15.81,65.979,2019-03-03T17:58:00Z,0.0,0.0,0.0,4
2902261,15.81,65.979,2019-03-03T17:58:00Z,0.0,0.0,0.0,4
2902261,15.81,65.979,2019-03-03T17:58:00Z,0.0,0.0,0.0,4
2902261,15.81,65.979,2019-03-03T17:58:00Z,0.0,0.0,0.0,4
2902261,15.81,65.979,2019-03-03T17:58:00Z,0.0,0.0,0.0,4
2902261,15.81,65.979,2019-03-03T17:58:00Z,0.0,0.0,0.0,4
2902261,15.81,65.979,2019-03-03T17:58:00Z,0.0,0.0,0.0,4
2902261,15.81,65.979,2019-03-03T17:58:00Z,0.0,0.0,0.0,4
2902261,15.81,65.979,2019-03-03T17:58:00Z,0.0,0.0,0.0,4
2902261,15.81,65.979,2019-03-03T17:58:00Z,0.0,0.0,0.0,4
2902261,15.81,65.979,2019-03-03T17:58:00Z,0.0,0.0,0.0,4
2902261,15.81,65.979,2019-03-03T17:58:00Z,0.0,0.0,0.0,4
2902261,15.81,65.979,2019-03-03T17:58:00Z,0.0,0.0,0.0,4
2902261,15.81,65.979,2019-03-03T17:58:00Z,0.0,0.0,0.0,4
2902261,15.81,65.979,2019-03-03T17:58:00Z,0.0,0.0,0.0,4
2902261,15.81,65.979,2019-03-03T17:58:00Z,0.0,0.0,0.0,4
2902261,15.81,65.979,2019-03-03T17:58:00Z,0.0,0.0,0.0,4
2902261,15.81,65.979,2019-03-03T17:58:00Z,0.0,0.0,0.0,4
2902261,15.81,65.979,2019-03-03T17:58:00Z,0.0,0.0,0.0,4
2902261,15.81,65.979,2019-03-03T17:58:00Z,0.0,0.0,0.0,4
2902261,15.81,65.979,2019-03-03T17:58:00Z,0.0,0.0,0.0,4
2902261,15.81,65.979,2019-03-03T17:58:00Z,0.0,0.0,0.0,4
2902261,15.81,65.979,2019-03-03T17:58:00Z,0.0,0.0,0.0,4
2902261,15.81,65.979,2019-03-03T17:58:00Z,0.0,0.0,0.0,4
2902261,15.81,65.979,2019-03-03T17:58:00Z,0.0,0.0,0.0,4
2902261,15.81,65.979,2019-03-03T17:58:00Z,0.0,0.0,0.0,4
2902261,15.81,65.979,2019-03-03T17:58:00Z,0.0,0.0,0.0,4
2902261,15.81,65.979,2019-03-03T17:58:00Z,0.0,0.0,0.0,4
2902261,15.81,65.979,2019-03-03T17:58:00Z,0.0,0.0,0.0,4
2902261,15.81,65.979,2019-03-03T17:58:00Z,0.0,0.0,0.0,4
2902261,15.81,65.979,2019-03-03T17:58:00Z,0.0,0.0,0.0,4
2902261,15.81,65.979,2019-03-03T17:58:00Z,0.0,0.0,0.0,4
2902261,15.81,65.979,2019-03-03T17:58:00Z,0.0,0.0,0.0,4
2902261,15.81,65.979,2019-03-03T17:58:00Z,0.0,0.0,0.0,4
2902261,15.81,65.979,2019-03-03T17:58:00Z,0.0,0.0,0.0,4
2902261,15.81,65.979,2019-03-03T17:58:00Z,0.0,0.0,0.0,4
2902261,15.81,65.979,2019-03-03T17:58:00Z,0.0,0.0,0.0,4
2902261,15.81,65.979,2019-03-03T17:58:00Z,0.0,0.0,0.0,4
2902261,15.81,65.979,2019-03-03T17:58:00Z,0.0,0.0,0.0,4
2902261,15.81,65.979,2019-03-03T17:58:00Z,0.0,0.0,0.0,4
2902261,15.81,65.979,2019-03-03T17:58:00Z,0.0,0.0,0.0,4
2902261,15.81,65.979,2019-03-03T17:58:00Z,0.0,0.0,0.0,4
2902261,15.81,65.979,2019-03-03T17:58:00Z,0.0,0.0,0.0,4
2902261,15.81,65.979,2019-03-03T17:58:00Z,0.0,0.0,0.0,4
2902261,15.81,65.979,2019-03-03T17:58:00Z,0.0,0.0,0.0,4
2902261,15.81,65.979,2019-03-03T17:58:00Z,0.0,0.0,0.0,4
2902261,15.81,65.979,2019-03-03T17:58:00Z,0.0,0.0,0.0,4
2902261,15.81,65.979,2019-03-03T17:58:00Z,0.0,0.0,0.0,4
2902261,15.81,65.979,2019-03-03T17:58:00Z,0.0,0.0,0.0,4
2902261,15.81,65.979,2019-03-03T17:58:00Z,0.0,0.0,0.0,4
2902261,15.81,65.979,2019-03-03T17:58:00Z,0.0,0.0,0.0,4
2902261,15.81,65.979,2019-03-03T17:58:00Z,0.0,0.0,0.0,4
2902261,15.81,65.979,2019-03-03T17:58:00Z,0.0,0.0,0.0,4
2902261,15.81,65.979,2019-03-03T17:58:00Z,0.0,0.0,0.0,4
2902261,15.81,65.979,2019-03-03T17:58:00Z,0.0,0.0,0.0,4
2902261,15.81,65.979,2019-03-03T17:58:00Z,0.0,0.0,0.0,4
2902261,15.81,65.979,2019-03-03T17:58:00Z,0.0,0.0,0.0,4
2902261,15.81,65.979,2019-03-03T17:58:00Z,0.0,0.0,0.0,4
2902261,15.81,65.979,2019-03-03T17:58:00Z,0.0,0.0,0.0,4
2902261,15.81,65.979,2019-03-03T17:58:00Z,0.0,0.0,0.0,4
2902261,15.81,65.979,2019-03-03T17:58:00Z,0.0,0.0,0.0,4
2902261,15.81,65.979,2019-03-03T17:58:00Z,0.0,0.0,0.0,4
2902261,15.81,65.979,2019-03-03T17:58:00Z,0.0,0.0,0.0,4
2902261,15.81,65.979,2019-03-03T17:58:00Z,0.0,0.0,0.0,4
2902261,15.81,65.979,2019-03-03T17:58:00Z,0.0,0.0,0.0,4
2902261,15.81,65.979,2019-03-03T17:58:00Z,0.0,0.0,0.0,4
2902261,15.81,65.979,2019-03-03T17:58:00Z,0.0,0.0,0.0,4
2902261,15.81,65.979,2019-03-03T17:58:00Z,0.0,0.0,0.0,4
2902261,15.81,65.979,2019-03-03T17:58:00Z,0.0,0.0,0.0,4
2902261,15.81,65.979,2019-03-03T17:58:00Z,0.0,0.0,0.0,4
2902261,15.81,65.979,2019-03-03T17:58:00Z,0.0,0.0,0.0,4
2902261,15.81,65.979,2019-03-03T17:58:00Z,0.0,0.0,0.0,4
2902261,15.81,65.979,2019-03-03T17:58:00Z,0.0,0.0,0.0,4
2902261,15.81,65.979,2019-03-03T17:58:00Z,0.0,0.0,0.0,4
2902261,15.81,65.979,2019-03-03T17:58:00Z,0.0,0.0,0.0,4
2902261,15.81,65.979,2019-03-03T17:58:00Z,0.0,0.0,0.0,4
2902261,15.81,65.979,2019-03-03T17:58:00Z,0.0,0.0,0.0,4
2902261,15.81,65.979,2019-03-03T17:58:00Z,0.0,0.0,0.0,4
2902261,15.81,65.979,2019-03-03T17:58:00Z,0.0,0.0,0.0,4
2902261,15.81,65.979,2019-03-03T17:58:00Z,0.0,0.0,0.0,4
2902261,15.81,65.979,2019-03-03T17:58:00Z,0.0,0.0,0.0,4
2902261,15.81,65.979,2019-03-03T17:58:00Z,0.0,0.0,0.0,4
2902261,15.81,65.979,2019-03-03T17:58:00Z,0.0,0.0,0.0,4
2902261,15.81,65.979,2019-03-03T17:58:00Z,0.0,0.0,0.0,4
2902261,15.81,65.979,2019-03-03T17:58:00Z,0.0,0.0,0.0,4
2902261,15.81,65.979,2019-03-03T17:58:00Z,0.0,0.0,0.0,4
2902261,15.81,65.979,2019-03-03T17:58:00Z,0.0,0.0,0.0,4
2902261,15.81,65.979,2019-03-03T17:58:00Z,0.0,0.0,0.0,4
2902261,15.81,65.979,2019-03-03T17:58:00Z,0.0,0.0,0.0,4
2902261,15.81,65.979,2019-03-03T17:58:00Z,0.0,0.0,0.0,4
2902261,15.81,65.979,2019-03-03T17:58:00Z,0.0,0.0,0.0,4
2902261,15.81,65.979,2019-03-03T17:58:00Z,0.0,0.0,0.0,4
2902261,15.81,65.979,2019-03-03T17:58:00Z,0.0,0.0,0.0,4
2902261,15.81,65.979,2019-03-03T17:58:00Z,0.0,0.0,0.0,4
2902261,15.81,65.979,2019-03-03T17:58:00Z,0.0,0.0,0.0,4
2902261,15.81,65.979,2019-03-03T17:58:00Z,0.0,0.0,0.0,4
2902261,15.81,65.979,2019-03-03T17:58:00Z,0.0,0.0,0.0,4
2902261,15.81,65.979,2019-03-03T17:58:00Z,0.0,0.0,0.0,4
2902261,15.81,65.979,2019-03-03T17:58:00Z,0.0,0.0,0.0,4
2902261,15.81,65.979,2019-03-03T17:58:00Z,0.0,0.0,0.0,4
2902261,15.81,65.979,2019-03-03T17:58:00Z,0.0,0.0,0.0,4
2902261,15.81,65.979,2019-03-03T17:58:00Z,0.0,0.0,0.0,4
2902261,15.81,65.979,2019-03-03T17:58:00Z,0.0,0.0,0.0,4
2902261,15.81,65.979,2019-03-03T17:58:00Z,0.0,0.0,0.0,4
2902261,15.81,65.979,2019-03-03T17:58:00Z,0.0,0.0,0.0,4
2902261,15.81,65.979,2019-03-03T17:58:00Z,0.0,0.0,0.0,4
2902261,15.81,65.979,2019-03-03T17:58:00Z,0.0,0.0,0.0,4
2902261,15.81,65.979,2019-03-03T17:58:00Z,0.0,0.0,0.0,4
2902261,15.81,65.979,2019-03-03T17:58:00Z,0.0,0.0,0.0,4
2902261,15.81,65.979,2019-03-03T17:58:00Z,0.0,0.0,0.0,4
2902261,15.81,65.979,2019-03-03T17:58:00Z,0.0,0.0,0.0,4
2902261,15.81,65.979,2019-03-03T17:58:00Z,0.0,0.0,0.0,4
2902261,15.81,65.979,2019-03-03T17:58:00Z,0.0,0.0,0.0,4
2902261,15.81,65.979,2019-03-03T17:58:00Z,0.0,0.0,0.0,4
2902261,15.81,65.979,2019-03-03T17:58:00Z,0.0,0.0,0.0,4
2902261,15.81,65.979,2019-03-03T17:58:00Z,0.0,0.0,0.0,4
2902261,15.81,65.979,2019-03-03T17:58:00Z,0.0,0.0,0.0,4
2902261,15.81,65.979,2019-03-03T17:58:00Z,0.0,0.0,0.0,4
2902261,15.81,65.979,2019-03-03T17:58:00Z,0.0,0.0,0.0,4
2902261,15.81,65.979,2019-03-03T17:58:00Z,0.0,0.0,0.0,4
2902261,15.81,65.979,2019-03-03T17:58:00Z,0.0,0.0,0.0,4
2902261,15.81,65.979,2019-03-03T17:58:00Z,0.0,0.0,0.0,4
2902261,15.81,65.979,2019-03-03T17:58:00Z,0.0,0.0,0.0,4
2902261,15.81,65.979,2019-03-03T17:58:00Z,0.0,0.0,0.0,4
2902261,15.81,65.979,2019-03-03T17:58:00Z,0.0,0.0,0.0,4
2902261,15.81,65.979,2019-03-03T17:58:00Z,0.0,0.0,0.0,4
2902261,15.81,65.979,2019-03-03T17:58:00Z,0.0,0.0,0.0,4
2902261,15.81,65.979,2019-03-03T17:58:00Z,0.0,0.0,0.0,4
2902261,15.81,65.979,2019-03-03T17:58:00Z,0.0,0.0,0.0,4
2902261,15.81,65.979,2019-03-03T17:58:00Z,0.0,0.0,0.0,4
2902261,15.81,65.979,2019-03-03T17:58:00Z,0.0,0.0,0.0,4
2902261,15.81,65.979,2019-03-03T17:58:00Z,0.0,0.0,0.0,4
2902261,15.81,65.979,2019-03-03T17:58:00Z,0.0,0.0,0.0,4
2902261,15.81,65.979,2019-03-03T17:58:00Z,0.0,0.0,0.0,4
2902261,15.81,65.979,2019-03-03T17:58:00Z,0.0,0.0,0.0,4
2902261,15.81,65.979,2019-03-03T17:58:00Z,0.0,0.0,0.0,4
2902261,15.81,65.979,2019-03-03T17:58:00Z,0.0,0.0,0.0,4
2902261,15.81,65.979,2019-03-03T17:58:00Z,0.0,0.0,0.0,4
2902261,15.81,65.979,2019-03-03T17:58:00Z,0.0,0.0,0.0,4
2902261,15.81,65.979,2019-03-03T17:58:00Z,0.0,0.0,0.0,4
2902261,15.81,65.979,2019-03-03T17:58:00Z,0.0,0.0,0.0,4
2902261,15.81,65.979,2019-03-03T17:58:00Z,0.0,0.0,0.0,4
2902261,15.81,65.979,2019-03-03T17:58:00Z,0.0,0.0,0.0,4
2902261,15.81,65.979,2019-03-03T17:58:00Z,0.0,0.0,0.0,4
2902261,15.81,65.979,2019-03-03T17:58:00Z,0.0,0.0,0.0,4
2902261,15.81,65.979,2019-03-03T17:58:00Z,0.0,0.0,0.0,4
2902261,15.81,65.979,2019-03-03T17:58:00Z,0.0,0.0,0.0,4
2902261,15.81,65.979,2019-03-03T17:58:00Z,0.0,0.0,0.0,4
2902261,15.81,65.979,2019-03-03T17:58:00Z,0.0,0.0,0.0,4
2902261,15.81,65.979,2019-03-03T17:58:00Z,0.0,0.0,0.0,4
2902261,15.81,65.979,2019-03-03T17:58:00Z,0.0,0.0,0.0,4
2902261,15.81,65.979,2019-03-03T17:58:00Z,0.0,0.0,0.0,4
2902261,15.81,65.979,2019-03-03T17:58:00Z,0.0,0.0,0.0,4
2902261,15.81,65.979,2019-03-03T17:58:00Z,0.0,0.0,0.0,4
2902261,15.81,65.979,2019-03-03T17:58:00Z,0.0,0.0,0.0,4
2902261,15.81,65.979,2019-03-03T17:58:00Z,0.0,0.0,0.0,4
2902261,15.81,65.979,2019-03-03T17:58:00Z,0.0,0.0,0.0,4
2902261,15.81,65.979,2019-03-03T17:58:00Z,0.0,0.0,0.0,4
2902261,15.81,65.979,2019-03-03T17:58:00Z,0.0,0.0,0.0,4
2902261,15.81,65.979,2019-03-03T17:58:00Z,0.0,0.0,0.0,4
2902261,15.81,65.979,2019-03-03T17:58:00Z,0.0,0.0,0.0,4
2902261,15.81,65.979,2019-03-03T17:58:00Z,0.0,0.0,0.0,4
2902261,15.81,65.979,2019-03-03T17:58:00Z,0.0,0.0,0.0,4
2902261,15.81,65.979,2019-03-03T17:58:00Z,0.0,0.0,0.0,4
2902261,15.81,65.979,2019-03-03T17:58:00Z,0.0,0.0,0.0,4
2902261,15.81,65.979,2019-03-03T17:58:00Z,0.0,0.0,0.0,4
2902261,15.81,65.979,2019-03-03T17:58:00Z,0.0,0.0,0.0,4
2902261,15.81,65.979,2019-03-03T17:58:00Z,0.0,0.0,0.0,4
2902261,15.81,65.979,2019-03-03T17:58:00Z,0.0,0.0,0.0,4
2902261,15.81,65.979,2019-03-03T17:58:00Z,0.0,0.0,0.0,4
2902261,15.81,65.979,2019-03-03T17:58:00Z,0.0,0.0,0.0,4
2902261,15.81,65.979,2019-03-03T17:58:00Z,0.0,0.0,0.0,4
2902261,15.81,65.979,2019-03-03T17:58:00Z,0.0,0.0,0.0,4
2902261,15.81,65.979,2019-03-03T17:58:00Z,0.0,0.0,0.0,4
2902261,15.81,65.979,2019-03-03T17:58:00Z,0.0,0.0,0.0,4
2902261,15.81,65.979,2019-03-03T17:58:00Z,0.0,0.0,0.0,4
2902261,15.81,65.979,2019-03-03T17:58:00Z,0.0,0.0,0.0,4
2902261,15.81,65.979,2019-03-03T17:58:00Z,0.0,0.0,0.0,4
2902261,15.81,65.979,2019-03-03T17:58:00Z,0.0,0.0,0.0,4
2902261,15.81,65.979,2019-03-03T17:58:00Z,0.0,0.0,0.0,4
2902261,15.81,65.979,2019-03-03T17:58:00Z,0.0,0.0,0.0,4
2902261,15.81,65.979,2019-03-03T17:58:00Z,0.0,0.0,0.0,4
2902261,15.81,65.979,2019-03-03T17:58:00Z,0.0,0.0,0.0,4
2902261,15.81,65.979,2019-03-03T17:58:00Z,0.0,0.0,0.0,4
2902261,15.81,65.979,2019-03-03T17:58:00Z,0.0,0.0,0.0,4
2902261,15.81,65.979,2019-03-03T17:58:00Z,0.0,0.0,0.0,4
2902261,15.81,65.979,2019-03-03T17:58:00Z,0.0,0.0,0.0,4
2902261,15.81,65.979,2019-03-03T17:58:00Z,0.0,0.0,0.0,4
2902261,15.81,65.979,2019-03-03T17:58:00Z,0.0,0.0,0.0,4
2902261,15.81,65.979,2019-03-03T17:58:00Z,0.0,0.0,0.0,4
2902261,15.81,65.979,2019-03-03T17:58:00Z,0.0,0.0,0.0,4
2902261,15.81,65.979,2019-03-03T17:58:00Z,0.0,0.0,0.0,4
2902261,15.81,65.979,2019-03-03T17:58:00Z,0.0,0.0,0.0,4
2902261,15.81,65.979,2019-03-03T17:58:00Z,0.0,0.0,0.0,4
2902261,15.81,65.979,2019-03-03T17:58:00Z,0.0,0.0,0.0,4
2902261,15.81,65.979,2019-03-03T17:58:00Z,0.0,0.0,0.0,4
2902261,15.81,65.979,2019-03-03T17:58:00Z,0.0,0.0,0.0,4
2902261,15.81,65.979,2019-03-03T17:58:00Z,0.0,0.0,0.0,4
2902261,15.81,65.979,2019-03-03T17:58:00Z,0.0,0.0,0.0,4
2902261,15.81,65.979,2019-03-03T17:58:00Z,0.0,0.0,0.0,4
2902261,15.81,65.979,2019-03-03T17:58:00Z,0.0,0.0,0.0,4
2902261,15.81,65.979,2019-03-03T17:58:00Z,0.0,0.0,0.0,4
2902261,15.81,65.979,2019-03-03T17:58:00Z,0.0,0.0,0.0,4
2902261,15.81,65.979,2019-03-03T17:58:00Z,0.0,0.0,0.0,4
2902261,15.81,65.979,2019-03-03T17:58:00Z,0.0,0.0,0.0,4
2902261,15.81,65.979,2019-03-03T17:58:00Z,0.0,0.0,0.0,4
2902261,15.81,65.979,2019-03-03T17:58:00Z,0.0,0.0,0.0,4
2902261,15.81,65.979,2019-03-03T17:58:00Z,0.0,0.0,0.0,4
2902261,15.81,65.979,2019-03-03T17:58:00Z,0.0,0.0,0.0,4
2902261,15.81,65.979,2019-03-03T17:58:00Z,0.0,0.0,0.0,4
2902261,15.81,65.979,2019-03-03T17:58:00Z,0.0,0.0,0.0,4
2902261,15.81,65.979,2019-03-03T17:58:00Z,0.0,0.0,0.0,4
2902261,15.81,65.979,2019-03-03T17:58:00Z,0.0,0.0,0.0,4
2902261,15.81,65.979,2019-03-03T17:58:00Z,0.0,0.0,0.0,4
2902261,15.81,65.979,2019-03-03T17:58:00Z,0.0,0.0,0.0,4
2902261,15.81,65.979,2019-03-03T17:58:00Z,0.0,0.0,0.0,4
2902261,15.81,65.979,2019-03-03T17:58:00Z,0.0,0.0,0.0,4
2902261,15.81,65.979,2019-03-03T17:58:00Z,0.0,0.0,0.0,4
2902261,15.81,65.979,2019-03-03T17:58:00Z,0.0,0.0,0.0,4
2902261,15.81,65.979,2019-03-03T17:58:00Z,0.0,0.0,0.0,4
2902261,15.81,65.979,2019-03-03T17:58:00Z,0.0,0.0,0.0,4
2902261,15.81,65.979,2019-03-03T17:58:00Z,0.0,0.0,0.0,4
2902261,15.81,65.979,2019-03-03T17:58:00Z,0.0,0.0,0.0,4
2902261,15.81,65.979,2019-03-03T17:58:00Z,0.0,0.0,0.0,4
2902261,15.81,65.979,2019-03-03T17:58:00Z,26.352,36.632,1.0,4
2902261,15.81,65.979,2019-03-03T17:58:00Z,26.355,36.619,2.0,1
2902261,15.81,65.979,2019-03-03T17:58:00Z,26.333,36.635,3.0,1
2902261,15.81,65.979,2019-03-03T17:58:00Z,26.336,36.635,4.0,1
2902261,15.81,65.979,2019-03-03T17:58:00Z,26.324,36.638,5.0,1
2902261,15.81,65.979,2019-03-03T17:58:00Z,26.312,36.643,6.0,1
2902230,12.966666666666667,83.58333333333333,2019-03-04T04:05:22Z,27.512,32.724,0.1,1
2902230,12.966666666666667,83.58333333333333,2019-03-04T04:05:22Z,27.509,32.714,0.8,1
2902230,12.966666666666667,83.58333333333333,2019-03-04T04:05:22Z,27.481,32.723,1.8,1
2902230,12.966666666666667,83.58333333333333,2019-03-04T04:05:22Z,27.467,32.729,2.8,1
2902230,12.966666666666667,83.58333333333333,2019-03-04T04:05:22Z,27.459,32.732,3.8,1
2902230,12.966666666666667,83.58333333333333,2019-03-04T04:05:22Z,27.447,32.737,4.9,1
2902120,17.49412,64.51463833333334,2019-03-04T11:22:00Z,25.646,36.357,5.9,1
2902123,11.95918,62.15002666666667,2019-03-04T11:32:00Z,27.386,36.181,5.1,1
2902123,11.95918,62.15002666666667,2019-03-04T11:32:00Z,27.351,36.18,5.8,1
2902269,15.828,63.962,2019-03-04T13:46:00Z,0.0,0.0,0.0,4
2902269,15.828,63.962,2019-03-04T13:46:00Z,0.0,0.0,0.0,4
2902269,15.828,63.962,2019-03-04T13:46:00Z,0.0,0.0,0.0,4
2902269,15.828,63.962,2019-03-04T13:46:00Z,0.0,0.0,0.0,4
2902269,15.828,63.962,2019-03-04T13:46:00Z,0.0,0.0,0.0,4
2902269,15.828,63.962,2019-03-04T13:46:00Z,0.0,0.0,0.0,4
2902269,15.828,63.962,2019-03-04T13:46:00Z,0.0,0.0,0.0,4
2902269,15.828,63.962,2019-03-04T13:46:00Z,0.0,0.0,0.0,4
2902269,15.828,63.962,2019-03-04T13:46:00Z,0.0,0.0,0.0,4
2902269,15.828,63.962,2019-03-04T13:46:00Z,0.0,0.0,0.0,4
2902269,15.828,63.962,2019-03-04T13:46:00Z,0.0,0.0,0.0,4
2902269,15.828,63.962,2019-03-04T13:46:00Z,0.0,0.0,0.0,4
2902269,15.828,63.962,2019-03-04T13:46:00Z,0.0,0.0,0.0,4
2902269,15.828,63.962,2019-03-04T13:46:00Z,0.0,0.0,0.0,4
2902269,15.828,63.962,2019-03-04T13:46:00Z,0.0,0.0,0.0,4
2902269,15.828,63.962,2019-03-04T13:46:00Z,0.0,0.0,0.0,4
2902269,15.828,63.962,2019-03-04T13:46:00Z,0.0,0.0,0.0,4
2902269,15.828,63.962,2019-03-04T13:46:00Z,0.0,0.0,0.0,4
2902269,15.828,63.962,2019-03-04T13:46:00Z,0.0,0.0,0.0,4
2902269,15.828,63.962,2019-03-04T13:46:00Z,0.0,0.0,0.0,4
2902269,15.828,63.962,2019-03-04T13:46:00Z,0.0,0.0,0.0,4
2902269,15.828,63.962,2019-03-04T13:46:00Z,0.0,0.0,0.0,4
2902269,15.828,63.962,2019-03-04T13:46:00Z,0.0,0.0,0.0,4
2902269,15.828,63.962,2019-03-04T13:46:00Z,0.0,0.0,0.0,4
2902269,15.828,63.962,2019-03-04T13:46:00Z,0.0,0.0,0.0,4
2902269,15.828,63.962,2019-03-04T13:46:00Z,0.0,0.0,0.0,4
2902269,15.828,63.962,2019-03-04T13:46:00Z,0.0,0.0,0.0,4
2902269,15.828,63.962,2019-03-04T13:46:00Z,0.0,0.0,0.0,4
2902269,15.828,63.962,2019-03-04T13:46:00Z,0.0,0.0,0.0,4
2902269,15.828,63.962,2019-03-04T13:46:00Z,0.0,0.0,0.0,4
2902269,15.828,63.962,2019-03-04T13:46:00Z,0.0,0.0,0.0,4
2902269,15.828,63.962,2019-03-04T13:46:00Z,0.0,0.0,0.0,4
2902269,15.828,63.962,2019-03-04T13:46:00Z,0.0,0.0,0.0,4
2902269,15.828,63.962,2019-03-04T13:46:00Z,0.0,0.0,0.0,4
2902269,15.828,63.962,2019-03-04T13:46:00Z,0.0,0.0,0.0,4
2902269,15.828,63.962,2019-03-04T13:46:00Z,0.0,0.0,0.0,4
2902269,15.828,63.962,2019-03-04T13:46:00Z,0.0,0.0,0.0,4
2902269,15.828,63.962,2019-03-04T13:46:00Z,0.0,0.0,0.0,4
2902269,15.828,63.962,2019-03-04T13:46:00Z,0.0,0.0,0.0,4
2902269,15.828,63.962,2019-03-04T13:46:00Z,0.0,0.0,0.0,4
2902269,15.828,63.962,2019-03-04T13:46:00Z,0.0,0.0,0.0,4
2902269,15.828,63.962,2019-03-04T13:46:00Z,0.0,0.0,0.0,4
2902269,15.828,63.962,2019-03-04T13:46:00Z,0.0,0.0,0.0,4
2902269,15.828,63.962,2019-03-04T13:46:00Z,0.0,0.0,0.0,4
2902269,15.828,63.962,2019-03-04T13:46:00Z,0.0,0.0,0.0,4
2902269,15.828,63.962,2019-03-04T13:46:00Z,0.0,0.0,0.0,4
2902269,15.828,63.962,2019-03-04T13:46:00Z,0.0,0.0,0.0,4
2902269,15.828,63.962,2019-03-04T13:46:00Z,0.0,0.0,0.0,4
2902269,15.828,63.962,2019-03-04T13:46:00Z,0.0,0.0,0.0,4
2902269,15.828,63.962,2019-03-04T13:46:00Z,0.0,0.0,0.0,4
2902269,15.828,63.962,2019-03-04T13:46:00Z,0.0,0.0,0.0,4
2902269,15.828,63.962,2019-03-04T13:46:00Z,0.0,0.0,0.0,4
2902269,15.828,63.962,2019-03-04T13:46:00Z,0.0,0.0,0.0,4
2902269,15.828,63.962,2019-03-04T13:46:00Z,0.0,0.0,0.0,4
2902269,15.828,63.962,2019-03-04T13:46:00Z,0.0,0.0,0.0,4
2902269,15.828,63.962,2019-03-04T13:46:00Z,0.0,0.0,0.0,4
2902269,15.828,63.962,2019-03-04T13:46:00Z,0.0,0.0,0.0,4
2902269,15.828,63.962,2019-03-04T13:46:00Z,0.0,0.0,0.0,4
2902269,15.828,63.962,2019-03-04T13:46:00Z,0.0,0.0,0.0,4
2902269,15.828,63.962,2019-03-04T13:46:00Z,0.0,0.0,0.0,4
2902269,15.828,63.962,2019-03-04T13:46:00Z,0.0,0.0,0.0,4
2902269,15.828,63.962,2019-03-04T13:46:00Z,0.0,0.0,0.0,4
2902269,15.828,63.962,2019-03-04T13:46:00Z,0.0,0.0,0.0,4
2902269,15.828,63.962,2019-03-04T13:46:00Z,0.0,0.0,0.0,4
2902269,15.828,63.962,2019-03-04T13:46:00Z,0.0,0.0,0.0,4
2902269,15.828,63.962,2019-03-04T13:46:00Z,0.0,0.0,0.0,4
2902269,15.828,63.962,2019-03-04T13:46:00Z,0.0,0.0,0.0,4
2902269,15.828,63.962,2019-03-04T13:46:00Z,0.0,0.0,0.0,4
2902269,15.828,63.962,2019-03-04T13:46:00Z,0.0,0.0,0.0,4
2902269,15.828,63.962,2019-03-04T13:46:00Z,0.0,0.0,0.0,4
2902269,15.828,63.962,2019-03-04T13:46:00Z,0.0,0.0,0.0,4
2902269,15.828,63.962,2019-03-04T13:46:00Z,0.0,0.0,0.0,4
2902269,15.828,63.962,2019-03-04T13:46:00Z,0.0,0.0,0.0,4
2902269,15.828,63.962,2019-03-04T13:46:00Z,0.0,0.0,0.0,4
2902269,15.828,63.962,2019-03-04T13:46:00Z,0.0,0.0,0.0,4
2902269,15.828,63.962,2019-03-04T13:46:00Z,0.0,0.0,0.0,4
2902269,15.828,63.962,2019-03-04T13:46:00Z,0.0,0.0,0.0,4
2902269,15.828,63.962,2019-03-04T13:46:00Z,0.0,0.0,0.0,4
2902269,15.828,63.962,2019-03-04T13:46:00Z,0.0,0.0,0.0,4
2902269,15.828,63.962,2019-03-04T13:46:00Z,0.0,0.0,0.0,4
2902269,15.828,63.962,2019-03-04T13:46:00Z,0.0,0.0,0.0,4
2902269,15.828,63.962,2019-03-04T13:46:00Z,0.0,0.0,0.0,4
2902269,15.828,63.962,2019-03-04T13:46:00Z,0.0,0.0,0.0,4
2902269,15.828,63.962,2019-03-04T13:46:00Z,0.0,0.0,0.0,4
2902269,15.828,63.962,2019-03-04T13:46:00Z,0.0,0.0,0.0,4
2902269,15.828,63.962,2019-03-04T13:46:00Z,0.0,0.0,0.0,4
2902269,15.828,63.962,2019-03-04T13:46:00Z,0.0,0.0,0.0,4
2902269,15.828,63.962,2019-03-04T13:46:00Z,0.0,0.0,0.0,4
2902269,15.828,63.962,2019-03-04T13:46:00Z,0.0,0.0,0.0,4
2902269,15.828,63.962,2019-03-04T13:46:00Z,0.0,0.0,0.0,4
2902269,15.828,63.962,2019-03-04T13:46:00Z,0.0,0.0,0.0,4
2902269,15.828,63.962,2019-03-04T13:46:00Z,0.0,0.0,0.0,4
2902269,15.828,63.962,2019-03-04T13:46:00Z,0.0,0.0,0.0,4
2902269,15.828,63.962,2019-03-04T13:46:00Z,0.0,0.0,0.0,4
2902269,15.828,63.962,2019-03-04T13:46:00Z,0.0,0.0,0.0,4
2902269,15.828,63.962,2019-03-04T13:46:00Z,0.0,0.0,0.0,4
2902269,15.828,63.962,2019-03-04T13:46:00Z,0.0,0.0,0.0,4
2902269,15.828,63.962,2019-03-04T13:46:00Z,0.0,0.0,0.0,4
2902269,15.828,63.962,2019-03-04T13:46:00Z,0.0,0.0,0.0,4
2902269,15.828,63.962,2019-03-04T13:46:00Z,0.0,0.0,0.0,4
2902269,15.828,63.962,2019-03-04T13:46:00Z,0.0,0.0,0.0,4
2902269,15.828,63.962,2019-03-04T13:46:00Z,0.0,0.0,0.0,4
2902269,15.828,63.962,2019-03-04T13:46:00Z,0.0,0.0,0.0,4
2902269,15.828,63.962,2019-03-04T13:46:00Z,0.0,0.0,0.0,4
2902269,15.828,63.962,2019-03-04T13:46:00Z,0.0,0.0,0.0,4
2902269,15.828,63.962,2019-03-04T13:46:00Z,0.0,0.0,0.0,4
2902269,15.828,63.962,2019-03-04T13:46:00Z,0.0,0.0,0.0,4
2902269,15.828,63.962,2019-03-04T13:46:00Z,0.0,0.0,0.0,4
2902269,15.828,63.962,2019-03-04T13:46:00Z,0.0,0.0,0.0,4
2902269,15.828,63.962,2019-03-04T13:46:00Z,0.0,0.0,0.0,4
2902269,15.828,63.962,2019-03-04T13:46:00Z,0.0,0.0,0.0,4
2902269,15.828,63.962,2019-03-04T13:46:00Z,0.0,0.0,0.0,4
2902269,15.828,63.962,2019-03-04T13:46:00Z,0.0,0.0,0.0,4
2902269,15.828,63.962,2019-03-04T13:46:00Z,0.0,0.0,0.0,4
2902269,15.828,63.962,2019-03-04T13:46:00Z,0.0,0.0,0.0,4
2902269,15.828,63.962,2019-03-04T13:46:00Z,0.0,0.0,0.0,4
2902269,15.828,63.962,2019-03-04T13:46:00Z,0.0,0.0,0.0,4
2902269,15.828,63.962,2019-03-04T13:46:00Z,0.0,0.0,0.0,4
2902269,15.828,63.962,2019-03-04T13:46:00Z,0.0,0.0,0.0,4
2902269,15.828,63.962,2019-03-04T13:46:00Z,0.0,0.0,0.0,4
2902269,15.828,63.962,2019-03-04T13:46:00Z,0.0,0.0,0.0,4
2902269,15.828,63.962,2019-03-04T13:46:00Z,0.0,0.0,0.0,4
2902269,15.828,63.962,2019-03-04T13:46:00Z,0.0,0.0,0.0,4
2902269,15.828,63.962,2019-03-04T13:46:00Z,0.0,0.0,0.0,4
2902269,15.828,63.962,2019-03-04T13:46:00Z,0.0,0.0,0.0,4
2902269,15.828,63.962,2019-03-04T13:46:00Z,0.0,0.0,0.0,4
2902269,15.828,63.962,2019-03-04T13:46:00Z,0.0,0.0,0.0,4
2902269,15.828,63.962,2019-03-04T13:46:00Z,0.0,0.0,0.0,4
2902269,15.828,63.962,2019-03-04T13:46:00Z,0.0,0.0,0.0,4
2902269,15.828,63.962,2019-03-04T13:46:00Z,0.0,0.0,0.0,4
2902269,15.828,63.962,2019-03-04T13:46:00Z,0.0,0.0,0.0,4
2902269,15.828,63.962,2019-03-04T13:46:00Z,0.0,0.0,0.0,4
2902269,15.828,63.962,2019-03-04T13:46:00Z,0.0,0.0,0.0,4
2902269,15.828,63.962,2019-03-04T13:46:00Z,0.0,0.0,0.0,4
2902269,15.828,63.962,2019-03-04T13:46:00Z,0.0,0.0,0.0,4
2902269,15.828,63.962,2019-03-04T13:46:00Z,0.0,0.0,0.0,4
2902269,15.828,63.962,2019-03-04T13:46:00Z,0.0,0.0,0.0,4
2902269,15.828,63.962,2019-03-04T13:46:00Z,0.0,0.0,0.0,4
2902269,15.828,63.962,2019-03-04T13:46:00Z,0.0,0.0,0.0,4
2902269,15.828,63.962,2019-03-04T13:46:00Z,0.0,0.0,0.0,4
2902269,15.828,63.962,2019-03-04T13:46:00Z,0.0,0.0,0.0,4
2902269,15.828,63.962,2019-03-04T13:46:00Z,0.0,0.0,0.0,4
2902269,15.828,63.962,2019-03-04T13:46:00Z,0.0,0.0,0.0,4
2902269,15.828,63.962,2019-03-04T13:46:00Z,0.0,0.0,0.0,4
2902269,15.828,63.962,2019-03-04T13:46:00Z,0.0,0.0,0.0,4
2902269,15.828,63.962,2019-03-04T13:46:00Z,0.0,0.0,0.0,4
2902269,15.828,63.962,2019-03-04T13:46:00Z,0.0,0.0,0.0,4
2902269,15.828,63.962,2019-03-04T13:46:00Z,0.0,0.0,0.0,4
2902269,15.828,63.962,2019-03-04T13:46:00Z,0.0,0.0,0.0,4
2902269,15.828,63.962,2019-03-04T13:46:00Z,0.0,0.0,0.0,4
2902269,15.828,63.962,2019-03-04T13:46:00Z,0.0,0.0,0.0,4
2902269,15.828,63.962,2019-03-04T13:46:00Z,0.0,0.0,0.0,4
2902269,15.828,63.962,2019-03-04T13:46:00Z,0.0,0.0,0.0,4
2902269,15.828,63.962,2019-03-04T13:46:00Z,0.0,0.0,0.0,4
2902269,15.828,63.962,2019-03-04T13:46:00Z,0.0,0.0,0.0,4
2902269,15.828,63.962,2019-03-04T13:46:00Z,0.0,0.0,0.0,4
2902269,15.828,63.962,2019-03-04T13:46:00Z,0.0,0.0,0.0,4
2902269,15.828,63.962,2019-03-04T13:46:00Z,0.0,0.0,0.0,4
2902269,15.828,63.962,2019-03-04T13:46:00Z,0.0,0.0,0.0,4
2902269,15.828,63.962,2019-03-04T13:46:00Z,0.0,0.0,0.0,4
2902269,15.828,63.962,2019-03-04T13:46:00Z,0.0,0.0,0.0,4
2902269,15.828,63.962,2019-03-04T13:46:00Z,0.0,0.0,0.0,4
2902269,15.828,63.962,2019-03-04T13:46:00Z,0.0,0.0,0.0,4
2902269,15.828,63.962,2019-03-04T13:46:00Z,0.0,0.0,0.0,4
2902269,15.828,63.962,2019-03-04T13:46:00Z,0.0,0.0,0.0,4
2902269,15.828,63.962,2019-03-04T13:46:00Z,0.0,0.0,0.0,4
2902269,15.828,63.962,2019-03-04T13:46:00Z,0.0,0.0,0.0,4
2902269,15.828,63.962,2019-03-04T13:46:00Z,0.0,0.0,0.0,4
2902269,15.828,63.962,2019-03-04T13:46:00Z,0.0,0.0,0.0,4
2902269,15.828,63.962,2019-03-04T13:46:00Z,0.0,0.0,0.0,4
2902269,15.828,63.962,2019-03-04T13:46:00Z,0.0,0.0,0.0,4
2902269,15.828,63.962,2019-03-04T13:46:00Z,0.0,0.0,0.0,4
2902269,15.828,63.962,2019-03-04T13:46:00Z,0.0,0.0,0.0,4
2902269,15.828,63.962,2019-03-04T13:46:00Z,0.0,0.0,0.0,4
2902269,15.828,63.962,2019-03-04T13:46:00Z,0.0,0.0,0.0,4
2902269,15.828,63.962,2019-03-04T13:46:00Z,0.0,0.0,0.0,4
2902269,15.828,63.962,2019-03-04T13:46:00Z,0.0,0.0,0.0,4
2902269,15.828,63.962,2019-03-04T13:46:00Z,0.0,0.0,0.0,4
2902269,15.828,63.962,2019-03-04T13:46:00Z,0.0,0.0,0.0,4
2902269,15.828,63.962,2019-03-04T13:46:00Z,0.0,0.0,0.0,4
2902269,15.828,63.962,2019-03-04T13:46:00Z,0.0,0.0,0.0,4
2902269,15.828,63.962,2019-03-04T13:46:00Z,0.0,0.0,0.0,4
2902269,15.828,63.962,2019-03-04T13:46:00Z,0.0,0.0,0.0,4
2902269,15.828,63.962,2019-03-04T13:46:00Z,0.0,0.0,0.0,4
2902269,15.828,63.962,2019-03-04T13:46:00Z,0.0,0.0,0.0,4
2902269,15.828,63.962,2019-03-04T13:46:00Z,0.0,0.0,0.0,4
2902269,15.828,63.962,2019-03-04T13:46:00Z,0.0,0.0,0.0,4
2902269,15.828,63.962,2019-03-04T13:46:00Z,0.0,0.0,0.0,4
2902269,15.828,63.962,2019-03-04T13:46:00Z,0.0,0.0,0.0,4
2902269,15.828,63.962,2019-03-04T13:46:00Z,0.0,0.0,0.0,4
2902269,15.828,63.962,2019-03-04T13:46:00Z,0.0,0.0,0.0,4
2902269,15.828,63.962,2019-03-04T13:46:00Z,0.0,0.0,0.0,4
2902269,15.828,63.962,2019-03-04T13:46:00Z,0.0,0.0,0.0,4
2902269,15.828,63.962,2019-03-04T13:46:00Z,0.0,0.0,0.0,4
2902269,15.828,63.962,2019-03-04T13:46:00Z,0.0,0.0,0.0,4
2902269,15.828,63.962,2019-03-04T13:46:00Z,0.0,0.0,0.0,4
2902269,15.828,63.962,2019-03-04T13:46:00Z,0.0,0.0,0.0,4
2902269,15.828,63.962,2019-03-04T13:46:00Z,0.0,0.0,0.0,4
2902269,15.828,63.962,2019-03-04T13:46:00Z,0.0,0.0,0.0,4
2902269,15.828,63.962,2019-03-04T13:46:00Z,0.0,0.0,0.0,4
2902269,15.828,63.962,2019-03-04T13:46:00Z,0.0,0.0,0.0,4
2902269,15.828,63.962,2019-03-04T13:46:00Z,0.0,0.0,0.0,4
2902269,15.828,63.962,2019-03-04T13:46:00Z,0.0,0.0,0.0,4
2902269,15.828,63.962,2019-03-04T13:46:00Z,0.0,0.0,0.0,4
2902269,15.828,63.962,2019-03-04T13:46:00Z,0.0,0.0,0.0,4
2902269,15.828,63.962,2019-03-04T13:46:00Z,0.0,0.0,0.0,4
2902269,15.828,63.962,2019-03-04T13:46:00Z,0.0,0.0,0.0,4
2902269,15.828,63.962,2019-03-04T13:46:00Z,0.0,0.0,0.0,4
2902269,15.828,63.962,2019-03-04T13:46:00Z,0.0,0.0,0.0,4
2902269,15.828,63.962,2019-03-04T13:46:00Z,0.0,0.0,0.0,4
2902269,15.828,63.962,2019-03-04T13:46:00Z,0.0,0.0,0.0,4
2902269,15.828,63.962,2019-03-04T13:46:00Z,0.0,0.0,0.0,4
2902269,15.828,63.962,2019-03-04T13:46:00Z,0.0,0.0,0.0,4
2902269,15.828,63.962,2019-03-04T13:46:00Z,0.0,0.0,0.0,4
2902269,15.828,63.962,2019-03-04T13:46:00Z,0.0,0.0,0.0,4
2902269,15.828,63.962,2019-03-04T13:46:00Z,0.0,0.0,0.0,4
2902269,15.828,63.962,2019-03-04T13:46:00Z,0.0,0.0,0.0,4
2902269,15.828,63.962,2019-03-04T13:46:00Z,0.0,0.0,0.0,4
2902269,15.828,63.962,2019-03-04T13:46:00Z,0.0,0.0,0.0,4
2902269,15.828,63.962,2019-03-04T13:46:00Z,0.0,0.0,0.0,4
2902269,15.828,63.962,2019-03-04T13:46:00Z,0.0,0.0,0.0,4
2902269,15.828,63.962,2019-03-04T13:46:00Z,0.0,0.0,0.0,4
2902269,15.828,63.962,2019-03-04T13:46:00Z,0.0,0.0,0.0,4
2902269,15.828,63.962,2019-03-04T13:46:00Z,0.0,0.0,0.0,4
2902269,15.828,63.962,2019-03-04T13:46:00Z,0.0,0.0,0.0,4
2902269,15.828,63.962,2019-03-04T13:46:00Z,0.0,0.0,0.0,4
2902269,15.828,63.962,2019-03-04T13:46:00Z,0.0,0.0,0.0,4
2902269,15.828,63.962,2019-03-04T13:46:00Z,0.0,0.0,0.0,4
2902269,15.828,63.962,2019-03-04T13:46:00Z,0.0,0.0,0.0,4
2902269,15.828,63.962,2019-03-04T13:46:00Z,0.0,0.0,0.0,4
2902269,15.828,63.962,2019-03-04T13:46:00Z,0.0,0.0,0.0,4
2902269,15.828,63.962,2019-03-04T13:46:00Z,0.0,0.0,0.0,4
2902269,15.828,63.962,2019-03-04T13:46:00Z,0.0,0.0,0.0,4
2902269,15.828,63.962,2019-03-04T13:46:00Z,0.0,0.0,0.0,4
2902269,15.828,63.962,2019-03-04T13:46:00Z,0.0,0.0,0.0,4
2902269,15.828,63.962,2019-03-04T13:46:00Z,26.219,36.456,1.0,4
2902269,15.828,63.962,2019-03-04T13:46:00Z,26.241,36.445,2.0,4
2902269,15.828,63.962,2019-03-04T13:46:00Z,26.25,36.439,3.0,4
2902269,15.828,63.962,2019-03-04T13:46:00Z,26.248,36.441,4.0,1
2902269,15.828,63.962,2019-03-04T13:46:00Z,26.247,36.445,5.0,1
2902269,15.828,63.962,2019-03-04T13:46:00Z,26.241,36.448,6.0,1
2902238,0.6201383333333333,83.496515,2019-03-04T17:26:00Z,29.575,34.778,5.5,1
2902262,13.823,60.241,2019-03-04T17:30:33Z,0.0,0.0,0.0,4
2902262,13.823,60.241,2019-03-04T17:30:33Z,0.0,0.0,0.0,4
2902262,13.823,60.241,2019-03-04T17:30:33Z,0.0,0.0,0.0,4
2902262,13.823,60.241,2019-03-04T17:30:33Z,0.0,0.0,0.0,4
2902262,13.823,60.241,2019-03-04T17:30:33Z,0.0,0.0,0.0,4
2902262,13.823,60.241,2019-03-04T17:30:33Z,0.0,0.0,0.0,4
2902262,13.823,60.241,2019-03-04T17:30:33Z,0.0,0.0,0.0,4
2902262,13.823,60.241,2019-03-04T17:30:33Z,0.0,0.0,0.0,4
2902262,13.823,60.241,2019-03-04T17:30:33Z,0.0,0.0,0.0,4
2902262,13.823,60.241,2019-03-04T17:30:33Z,0.0,0.0,0.0,4
2902262,13.823,60.241,2019-03-04T17:30:33Z,0.0,0.0,0.0,4
2902262,13.823,60.241,2019-03-04T17:30:33Z,0.0,0.0,0.0,4
2902262,13.823,60.241,2019-03-04T17:30:33Z,0.0,0.0,0.0,4
2902262,13.823,60.241,2019-03-04T17:30:33Z,0.0,0.0,0.0,4
2902262,13.823,60.241,2019-03-04T17:30:33Z,0.0,0.0,0.0,4
2902262,13.823,60.241,2019-03-04T17:30:33Z,0.0,0.0,0.0,4
2902262,13.823,60.241,2019-03-04T17:30:33Z,0.0,0.0,0.0,4
2902262,13.823,60.241,2019-03-04T17:30:33Z,0.0,0.0,0.0,4
2902262,13.823,60.241,2019-03-04T17:30:33Z,0.0,0.0,0.0,4
2902262,13.823,60.241,2019-03-04T17:30:33Z,0.0,0.0,0.0,4
2902262,13.823,60.241,2019-03-04T17:30:33Z,0.0,0.0,0.0,4
2902262,13.823,60.241,2019-03-04T17:30:33Z,0.0,0.0,0.0,4
2902262,13.823,60.241,2019-03-04T17:30:33Z,0.0,0.0,0.0,4
2902262,13.823,60.241,2019-03-04T17:30:33Z,0.0,0.0,0.0,4
2902262,13.823,60.241,2019-03-04T17:30:33Z,0.0,0.0,0.0,4
2902262,13.823,60.241,2019-03-04T17:30:33Z,0.0,0.0,0.0,4
2902262,13.823,60.241,2019-03-04T17:30:33Z,0.0,0.0,0.0,4
2902262,13.823,60.241,2019-03-04T17:30:33Z,0.0,0.0,0.0,4
2902262,13.823,60.241,2019-03-04T17:30:33Z,0.0,0.0,0.0,4
2902262,13.823,60.241,2019-03-04T17:30:33Z,0.0,0.0,0.0,4
2902262,13.823,60.241,2019-03-04T17:30:33Z,0.0,0.0,0.0,4
2902262,13.823,60.241,2019-03-04T17:30:33Z,0.0,0.0,0.0,4
2902262,13.823,60.241,2019-03-04T17:30:33Z,0.0,0.0,0.0,4
2902262,13.823,60.241,2019-03-04T17:30:33Z,0.0,0.0,0.0,4
2902262,13.823,60.241,2019-03-04T17:30:33Z,0.0,0.0,0.0,4
2902262,13.823,60.241,2019-03-04T17:30:33Z,0.0,0.0,0.0,4
2902262,13.823,60.241,2019-03-04T17:30:33Z,0.0,0.0,0.0,4
2902262,13.823,60.241,2019-03-04T17:30:33Z,0.0,0.0,0.0,4
2902262,13.823,60.241,2019-03-04T17:30:33Z,0.0,0.0,0.0,4
2902262,13.823,60.241,2019-03-04T17:30:33Z,0.0,0.0,0.0,4
2902262,13.823,60.241,2019-03-04T17:30:33Z,0.0,0.0,0.0,4
2902262,13.823,60.241,2019-03-04T17:30:33Z,0.0,0.0,0.0,4
2902262,13.823,60.241,2019-03-04T17:30:33Z,0.0,0.0,0.0,4
2902262,13.823,60.241,2019-03-04T17:30:33Z,0.0,0.0,0.0,4
2902262,13.823,60.241,2019-03-04T17:30:33Z,0.0,0.0,0.0,4
2902262,13.823,60.241,2019-03-04T17:30:33Z,0.0,0.0,0.0,4
2902262,13.823,60.241,2019-03-04T17:30:33Z,0.0,0.0,0.0,4
2902262,13.823,60.241,2019-03-04T17:30:33Z,0.0,0.0,0.0,4
2902262,13.823,60.241,2019-03-04T17:30:33Z,0.0,0.0,0.0,4
2902262,13.823,60.241,2019-03-04T17:30:33Z,0.0,0.0,0.0,4
2902262,13.823,60.241,2019-03-04T17:30:33Z,0.0,0.0,0.0,4
2902262,13.823,60.241,2019-03-04T17:30:33Z,0.0,0.0,0.0,4
2902262,13.823,60.241,2019-03-04T17:30:33Z,0.0,0.0,0.0,4
2902262,13.823,60.241,2019-03-04T17:30:33Z,0.0,0.0,0.0,4
2902262,13.823,60.241,2019-03-04T17:30:33Z,0.0,0.0,0.0,4
2902262,13.823,60.241,2019-03-04T17:30:33Z,0.0,0.0,0.0,4
2902262,13.823,60.241,2019-03-04T17:30:33Z,0.0,0.0,0.0,4
2902262,13.823,60.241,2019-03-04T17:30:33Z,0.0,0.0,0.0,4
2902262,13.823,60.241,2019-03-04T17:30:33Z,0.0,0.0,0.0,4
2902262,13.823,60.241,2019-03-04T17:30:33Z,0.0,0.0,0.0,4
2902262,13.823,60.241,2019-03-04T17:30:33Z,0.0,0.0,0.0,4
2902262,13.823,60.241,2019-03-04T17:30:33Z,0.0,0.0,0.0,4
2902262,13.823,60.241,2019-03-04T17:30:33Z,0.0,0.0,0.0,4
2902262,13.823,60.241,2019-03-04T17:30:33Z,0.0,0.0,0.0,4
2902262,13.823,60.241,2019-03-04T17:30:33Z,0.0,0.0,0.0,4
2902262,13.823,60.241,2019-03-04T17:30:33Z,0.0,0.0,0.0,4
2902262,13.823,60.241,2019-03-04T17:30:33Z,0.0,0.0,0.0,4
2902262,13.823,60.241,2019-03-04T17:30:33Z,0.0,0.0,0.0,4
2902262,13.823,60.241,2019-03-04T17:30:33Z,0.0,0.0,0.0,4
2902262,13.823,60.241,2019-03-04T17:30:33Z,0.0,0.0,0.0,4
2902262,13.823,60.241,2019-03-04T17:30:33Z,0.0,0.0,0.0,4
2902262,13.823,60.241,2019-03-04T17:30:33Z,0.0,0.0,0.0,4
2902262,13.823,60.241,2019-03-04T17:30:33Z,0.0,0.0,0.0,4
2902262,13.823,60.241,2019-03-04T17:30:33Z,0.0,0.0,0.0,4
2902262,13.823,60.241,2019-03-04T17:30:33Z,0.0,0.0,0.0,4
2902262,13.823,60.241,2019-03-04T17:30:33Z,0.0,0.0,0.0,4
2902262,13.823,60.241,2019-03-04T17:30:33Z,0.0,0.0,0.0,4
2902262,13.823,60.241,2019-03-04T17:30:33Z,0.0,0.0,0.0,4
2902262,13.823,60.241,2019-03-04T17:30:33Z,0.0,0.0,0.0,4
2902262,13.823,60.241,2019-03-04T17:30:33Z,0.0,0.0,0.0,4
2902262,13.823,60.241,2019-03-04T17:30:33Z,0.0,0.0,0.0,4
2902262,13.823,60.241,2019-03-04T17:30:33Z,0.0,0.0,0.0,4
2902262,13.823,60.241,2019-03-04T17:30:33Z,0.0,0.0,0.0,4
2902262,13.823,60.241,2019-03-04T17:30:33Z,0.0,0.0,0.0,4
2902262,13.823,60.241,2019-03-04T17:30:33Z,0.0,0.0,0.0,4
2902262,13.823,60.241,2019-03-04T17:30:33Z,0.0,0.0,0.0,4
2902262,13.823,60.241,2019-03-04T17:30:33Z,0.0,0.0,0.0,4
2902262,13.823,60.241,2019-03-04T17:30:33Z,0.0,0.0,0.0,4
2902262,13.823,60.241,2019-03-04T17:30:33Z,0.0,0.0,0.0,4
2902262,13.823,60.241,2019-03-04T17:30:33Z,0.0,0.0,0.0,4
2902262,13.823,60.241,2019-03-04T17:30:33Z,0.0,0.0,0.0,4
2902262,13.823,60.241,2019-03-04T17:30:33Z,0.0,0.0,0.0,4
2902262,13.823,60.241,2019-03-04T17:30:33Z,0.0,0.0,0.0,4
2902262,13.823,60.241,2019-03-04T17:30:33Z,0.0,0.0,0.0,4
2902262,13.823,60.241,2019-03-04T17:30:33Z,0.0,0.0,0.0,4
2902262,13.823,60.241,2019-03-04T17:30:33Z,0.0,0.0,0.0,4
2902262,13.823,60.241,2019-03-04T17:30:33Z,0.0,0.0,0.0,4
2902262,13.823,60.241,2019-03-04T17:30:33Z,0.0,0.0,0.0,4
2902262,13.823,60.241,2019-03-04T17:30:33Z,0.0,0.0,0.0,4
2902262,13.823,60.241,2019-03-04T17:30:33Z,0.0,0.0,0.0,4
2902262,13.823,60.241,2019-03-04T17:30:33Z,0.0,0.0,0.0,4
2902262,13.823,60.241,2019-03-04T17:30:33Z,0.0,0.0,0.0,4
2902262,13.823,60.241,2019-03-04T17:30:33Z,0.0,0.0,0.0,4
2902262,13.823,60.241,2019-03-04T17:30:33Z,0.0,0.0,0.0,4
2902262,13.823,60.241,2019-03-04T17:30:33Z,0.0,0.0,0.0,4
2902262,13.823,60.241,2019-03-04T17:30:33Z,0.0,0.0,0.0,4
2902262,13.823,60.241,2019-03-04T17:30:33Z,0.0,0.0,0.0,4
2902262,13.823,60.241,2019-03-04T17:30:33Z,0.0,0.0,0.0,4
2902262,13.823,60.241,2019-03-04T17:30:33Z,0.0,0.0,0.0,4
2902262,13.823,60.241,2019-03-04T17:30:33Z,0.0,0.0,0.0,4
2902262,13.823,60.241,2019-03-04T17:30:33Z,0.0,0.0,0.0,4
2902262,13.823,60.241,2019-03-04T17:30:33Z,0.0,0.0,0.0,4
2902262,13.823,60.241,2019-03-04T17:30:33Z,0.0,0.0,0.0,4
2902262,13.823,60.241,2019-03-04T17:30:33Z,0.0,0.0,0.0,4
2902262,13.823,60.241,2019-03-04T17:30:33Z,0.0,0.0,0.0,4
2902262,13.823,60.241,2019-03-04T17:30:33Z,0.0,0.0,0.0,4
2902262,13.823,60.241,2019-03-04T17:30:33Z,0.0,0.0,0.0,4
2902262,13.823,60.241,2019-03-04T17:30:33Z,0.0,0.0,0.0,4
2902262,13.823,60.241,2019-03-04T17:30:33Z,0.0,0.0,0.0,4
2902262,13.823,60.241,2019-03-04T17:30:33Z,0.0,0.0,0.0,4
2902262,13.823,60.241,2019-03-04T17:30:33Z,0.0,0.0,0.0,4
2902262,13.823,60.241,2019-03-04T17:30:33Z,0.0,0.0,0.0,4
2902262,13.823,60.241,2019-03-04T17:30:33Z,0.0,0.0,0.0,4
2902262,13.823,60.241,2019-03-04T17:30:33Z,0.0,0.0,0.0,4
2902262,13.823,60.241,2019-03-04T17:30:33Z,0.0,0.0,0.0,4
2902262,13.823,60.241,2019-03-04T17:30:33Z,0.0,0.0,0.0,4
2902262,13.823,60.241,2019-03-04T17:30:33Z,0.0,0.0,0.0,4
2902262,13.823,60.241,2019-03-04T17:30:33Z,0.0,0.0,0.0,4
2902262,13.823,60.241,2019-03-04T17:30:33Z,0.0,0.0,0.0,4
2902262,13.823,60.241,2019-03-04T17:30:33Z,0.0,0.0,0.0,4
2902262,13.823,60.241,2019-03-04T17:30:33Z,0.0,0.0,0.0,4
2902262,13.823,60.241,2019-03-04T17:30:33Z,0.0,0.0,0.0,4
2902262,13.823,60.241,2019-03-04T17:30:33Z,0.0,0.0,0.0,4
2902262,13.823,60.241,2019-03-04T17:30:33Z,0.0,0.0,0.0,4
2902262,13.823,60.241,2019-03-04T17:30:33Z,0.0,0.0,0.0,4
2902262,13.823,60.241,2019-03-04T17:30:33Z,0.0,0.0,0.0,4
2902262,13.823,60.241,2019-03-04T17:30:33Z,0.0,0.0,0.0,4
2902262,13.823,60.241,2019-03-04T17:30:33Z,0.0,0.0,0.0,4
2902262,13.823,60.241,2019-03-04T17:30:33Z,0.0,0.0,0.0,4
2902262,13.823,60.241,2019-03-04T17:30:33Z,0.0,0.0,0.0,4
2902262,13.823,60.241,2019-03-04T17:30:33Z,0.0,0.0,0.0,4
2902262,13.823,60.241,2019-03-04T17:30:33Z,0.0,0.0,0.0,4
2902262,13.823,60.241,2019-03-04T17:30:33Z,0.0,0.0,0.0,4
2902262,13.823,60.241,2019-03-04T17:30:33Z,0.0,0.0,0.0,4
2902262,13.823,60.241,2019-03-04T17:30:33Z,0.0,0.0,0.0,4
2902262,13.823,60.241,2019-03-04T17:30:33Z,0.0,0.0,0.0,4
2902262,13.823,60.241,2019-03-04T17:30:33Z,0.0,0.0,0.0,4
2902262,13.823,60.241,2019-03-04T17:30:33Z,0.0,0.0,0.0,4
2902262,13.823,60.241,2019-03-04T17:30:33Z,0.0,0.0,0.0,4
2902262,13.823,60.241,2019-03-04T17:30:33Z,0.0,0.0,0.0,4
2902262,13.823,60.241,2019-03-04T17:30:33Z,0.0,0.0,0.0,4
2902262,13.823,60.241,2019-03-04T17:30:33Z,0.0,0.0,0.0,4
2902262,13.823,60.241,2019-03-04T17:30:33Z,0.0,0.0,0.0,4
2902262,13.823,60.241,2019-03-04T17:30:33Z,0.0,0.0,0.0,4
2902262,13.823,60.241,2019-03-04T17:30:33Z,0.0,0.0,0.0,4
2902262,13.823,60.241,2019-03-04T17:30:33Z,0.0,0.0,0.0,4
2902262,13.823,60.241,2019-03-04T17:30:33Z,0.0,0.0,0.0,4
2902262,13.823,60.241,2019-03-04T17:30:33Z,0.0,0.0,0.0,4
2902262,13.823,60.241,2019-03-04T17:30:33Z,0.0,0.0,0.0,4
2902262,13.823,60.241,2019-03-04T17:30:33Z,0.0,0.0,0.0,4
2902262,13.823,60.241,2019-03-04T17:30:33Z,0.0,0.0,0.0,4
2902262,13.823,60.241,2019-03-04T17:30:33Z,0.0,0.0,0.0,4
2902262,13.823,60.241,2019-03-04T17:30:33Z,0.0,0.0,0.0,4
2902262,13.823,60.241,2019-03-04T17:30:33Z,0.0,0.0,0.0,4
2902262,13.823,60.241,2019-03-04T17:30:33Z,0.0,0.0,0.0,4
2902262,13.823,60.241,2019-03-04T17:30:33Z,0.0,0.0,0.0,4
2902262,13.823,60.241,2019-03-04T17:30:33Z,0.0,0.0,0.0,4
2902262,13.823,60.241,2019-03-04T17:30:33Z,0.0,0.0,0.0,4
2902262,13.823,60.241,2019-03-04T17:30:33Z,0.0,0.0,0.0,4
2902262,13.823,60.241,2019-03-04T17:30:33Z,0.0,0.0,0.0,4
2902262,13.823,60.241,2019-03-04T17:30:33Z,0.0,0.0,0.0,4
2902262,13.823,60.241,2019-03-04T17:30:33Z,0.0,0.0,0.0,4
2902262,13.823,60.241,2019-03-04T17:30:33Z,0.0,0.0,0.0,4
2902262,13.823,60.241,2019-03-04T17:30:33Z,0.0,0.0,0.0,4
2902262,13.823,60.241,2019-03-04T17:30:33Z,0.0,0.0,0.0,4
2902262,13.823,60.241,2019-03-04T17:30:33Z,0.0,0.0,0.0,4
2902262,13.823,60.241,2019-03-04T17:30:33Z,0.0,0.0,0.0,4
2902262,13.823,60.241,2019-03-04T17:30:33Z,0.0,0.0,0.0,4
2902262,13.823,60.241,2019-03-04T17:30:33Z,0.0,0.0,0.0,4
2902262,13.823,60.241,2019-03-04T17:30:33Z,0.0,0.0,0.0,4
2902262,13.823,60.241,2019-03-04T17:30:33Z,0.0,0.0,0.0,4
2902262,13.823,60.241,2019-03-04T17:30:33Z,0.0,0.0,0.0,4
2902262,13.823,60.241,2019-03-04T17:30:33Z,0.0,0.0,0.0,4
2902262,13.823,60.241,2019-03-04T17:30:33Z,0.0,0.0,0.0,4
2902262,13.823,60.241,2019-03-04T17:30:33Z,0.0,0.0,0.0,4
2902262,13.823,60.241,2019-03-04T17:30:33Z,0.0,0.0,0.0,4
2902262,13.823,60.241,2019-03-04T17:30:33Z,0.0,0.0,0.0,4
2902262,13.823,60.241,2019-03-04T17:30:33Z,0.0,0.0,0.0,4
2902262,13.823,60.241,2019-03-04T17:30:33Z,0.0,0.0,0.0,4
2902262,13.823,60.241,2019-03-04T17:30:33Z,0.0,0.0,0.0,4
2902262,13.823,60.241,2019-03-04T17:30:33Z,0.0,0.0,0.0,4
2902262,13.823,60.241,2019-03-04T17:30:33Z,0.0,0.0,0.0,4
2902262,13.823,60.241,2019-03-04T17:30:33Z,0.0,0.0,0.0,4
2902262,13.823,60.241,2019-03-04T17:30:33Z,0.0,0.0,0.0,4
2902262,13.823,60.241,2019-03-04T17:30:33Z,0.0,0.0,0.0,4
2902262,13.823,60.241,2019-03-04T17:30:33Z,0.0,0.0,0.0,4
2902262,13.823,60.241,2019-03-04T17:30:33Z,0.0,0.0,0.0,4
2902262,13.823,60.241,2019-03-04T17:30:33Z,0.0,0.0,0.0,4
2902262,13.823,60.241,2019-03-04T17:30:33Z,0.0,0.0,0.0,4
2902262,13.823,60.241,2019-03-04T17:30:33Z,0.0,0.0,0.0,4
2902262,13.823,60.241,2019-03-04T17:30:33Z,0.0,0.0,0.0,4
2902262,13.823,60.241,2019-03-04T17:30:33Z,0.0,0.0,0.0,4
2902262,13.823,60.241,2019-03-04T17:30:33Z,0.0,0.0,0.0,4
2902262,13.823,60.241,2019-03-04T17:30:33Z,0.0,0.0,0.0,4
2902262,13.823,60.241,2019-03-04T17:30:33Z,0.0,0.0,0.0,4
2902262,13.823,60.241,2019-03-04T17:30:33Z,0.0,0.0,0.0,4
2902262,13.823,60.241,2019-03-04T17:30:33Z,0.0,0.0,0.0,4
2902262,13.823,60.241,2019-03-04T17:30:33Z,0.0,0.0,0.0,4
2902262,13.823,60.241,2019-03-04T17:30:33Z,0.0,0.0,0.0,4
2902262,13.823,60.241,2019-03-04T17:30:33Z,0.0,0.0,0.0,4
2902262,13.823,60.241,2019-03-04T17:30:33Z,0.0,0.0,0.0,4
2902262,13.823,60.241,2019-03-04T17:30:33Z,0.0,0.0,0.0,4
2902262,13.823,60.241,2019-03-04T17:30:33Z,0.0,0.0,0.0,4
2902262,13.823,60.241,2019-03-04T17:30:33Z,0.0,0.0,0.0,4
2902262,13.823,60.241,2019-03-04T17:30:33Z,0.0,0.0,0.0,4
2902262,13.823,60.241,2019-03-04T17:30:33Z,0.0,0.0,0.0,4
2902262,13.823,60.241,2019-03-04T17:30:33Z,0.0,0.0,0.0,4
2902262,13.823,60.241,2019-03-04T17:30:33Z,0.0,0.0,0.0,4
2902262,13.823,60.241,2019-03-04T17:30:33Z,0.0,0.0,0.0,4
2902262,13.823,60.241,2019-03-04T17:30:33Z,0.0,0.0,0.0,4
2902262,13.823,60.241,2019-03-04T17:30:33Z,0.0,0.0,0.0,4
2902262,13.823,60.241,2019-03-04T17:30:33Z,0.0,0.0,0.0,4
2902262,13.823,60.241,2019-03-04T17:30:33Z,0.0,0.0,0.0,4
2902262,13.823,60.241,2019-03-04T17:30:33Z,0.0,0.0,0.0,4
2902262,13.823,60.241,2019-03-04T17:30:33Z,0.0,0.0,0.0,4
2902262,13.823,60.241,2019-03-04T17:30:33Z,0.0,0.0,0.0,4
2902262,13.823,60.241,2019-03-04T17:30:33Z,0.0,0.0,0.0,4
2902262,13.823,60.241,2019-03-04T17:30:33Z,0.0,0.0,0.0,4
2902262,13.823,60.241,2019-03-04T17:30:33Z,0.0,0.0,0.0,4
2902262,13.823,60.241,2019-03-04T17:30:33Z,0.0,0.0,0.0,4
2902262,13.823,60.241,2019-03-04T17:30:33Z,0.0,0.0,0.0,4
2902262,13.823,60.241,2019-03-04T17:30:33Z,0.0,0.0,0.0,4
2902262,13.823,60.241,2019-03-04T17:30:33Z,26.223,36.23,1.0,4
2902262,13.823,60.241,2019-03-04T17:30:33Z,26.218,36.235,2.0,1
2902262,13.823,60.241,2019-03-04T17:30:33Z,26.218,36.236,3.0,1
2902262,13.823,60.241,2019-03-04T17:30:33Z,26.224,36.234,4.0,1
2902262,13.823,60.241,2019-03-04T17:30:33Z,26.224,36.234,5.0,1
2902262,13.823,60.241,2019-03-04T17:30:33Z,26.228,36.233,6.0,1
2902232,12.233333333333333,87.25,2019-03-05T04:07:02Z,28.642,35.34,0.1,4
2902232,12.233333333333333,87.25,2019-03-05T04:07:02Z,28.634,35.34,0.9,4
2902232,12.233333333333333,87.25,2019-03-05T04:07:02Z,28.632,35.336,1.9,4
2902232,12.233333333333333,87.25,2019-03-05T04:07:02Z,28.615,35.342,2.9,4
2902232,12.233333333333333,87.25,2019-03-05T04:07:02Z,28.602,35.35,3.9,4
2902232,12.233333333333333,87.25,2019-03-05T04:07:02Z,28.598,35.352,5.0,4
2902232,12.233333333333333,87.25,2019-03-05T04:07:02Z,28.599,35.351,6.0,4
2902235,14.2,91.65,2019-03-05T04:07:25Z,27.123,32.145,0.2,1
2902235,14.2,91.65,2019-03-05T04:07:25Z,27.123,32.141,0.8,1
2902235,14.2,91.65,2019-03-05T04:07:25Z,27.114,32.143,1.8,1
2902235,14.2,91.65,2019-03-05T04:07:25Z,27.109,32.144,3.1,1
2902235,14.2,91.65,2019-03-05T04:07:25Z,27.103,32.147,4.1,1
2902235,14.2,91.65,2019-03-05T04:07:25Z,27.096,32.147,5.0,1
2902235,14.2,91.65,2019-03-05T04:07:25Z,27.098,32.148,6.0,1
2902234,12.316666666666666,88.3,2019-03-05T04:08:27Z,27.845,32.849,0.2,1
2902234,12.316666666666666,88.3,2019-03-05T04:08:27Z,27.836,32.846,1.0,1
2902234,12.316666666666666,88.3,2019-03-05T04:08:27Z,27.83,32.844,1.7,1
2902234,12.316666666666666,88.3,2019-03-05T04:08:27Z,27.805,32.845,3.0,1
2902234,12.316666666666666,88.3,2019-03-05T04:08:27Z,27.782,32.857,4.3,1
2902234,12.316666666666666,88.3,2019-03-05T04:08:27Z,27.781,32.863,5.2,1
2902233,14.6,85.63333333333334,2019-03-05T04:10:32Z,28.114,34.235,0.3,1
2902233,14.6,85.63333333333334,2019-03-05T04:10:32Z,28.124,34.234,0.9,1
2902233,14.6,85.63333333333334,2019-03-05T04:10:32Z,28.133,34.255,1.8,1
2902233,14.6,85.63333333333334,2019-03-05T04:10:32Z,28.127,34.257,2.8,1
2902233,14.6,85.63333333333334,2019-03-05T04:10:32Z,28.122,34.257,4.0,1
2902233,14.6,85.63333333333334,2019-03-05T04:10:32Z,28.122,34.259,4.8,1
2902233,14.6,85.63333333333334,2019-03-05T04:10:32Z,28.122,34.256,5.9,1
2902122,16.568263333333334,68.14235833333333,2019-03-06T05:54:00Z,26.139,36.647,6.0,1
2902254,15.161,66.848,2019-03-06T07:44:00Z,0.0,0.0,0.0,4
2902254,15.161,66.848,2019-03-06T07:44:00Z,0.0,0.0,0.0,4
2902254,15.161,66.848,2019-03-06T07:44:00Z,0.0,0.0,0.0,4
2902254,15.161,66.848,2019-03-06T07:44:00Z,0.0,0.0,0.0,4
2902254,15.161,66.848,2019-03-06T07:44:00Z,0.0,0.0,0.0,4
2902254,15.161,66.848,2019-03-06T07:44:00Z,0.0,0.0,0.0,4
2902254,15.161,66.848,2019-03-06T07:44:00Z,0.0,0.0,0.0,4
2902254,15.161,66.848,2019-03-06T07:44:00Z,0.0,0.0,0.0,4
2902254,15.161,66.848,2019-03-06T07:44:00Z,0.0,0.0,0.0,4
2902254,15.161,66.848,2019-03-06T07:44:00Z,0.0,0.0,0.0,4
2902254,15.161,66.848,2019-03-06T07:44:00Z,0.0,0.0,0.0,4
2902254,15.161,66.848,2019-03-06T07:44:00Z,0.0,0.0,0.0,4
2902254,15.161,66.848,2019-03-06T07:44:00Z,0.0,0.0,0.0,4
2902254,15.161,66.848,2019-03-06T07:44:00Z,0.0,0.0,0.0,4
2902254,15.161,66.848,2019-03-06T07:44:00Z,0.0,0.0,0.0,4
2902254,15.161,66.848,2019-03-06T07:44:00Z,0.0,0.0,0.0,4
2902254,15.161,66.848,2019-03-06T07:44:00Z,0.0,0.0,0.0,4
2902254,15.161,66.848,2019-03-06T07:44:00Z,0.0,0.0,0.0,4
2902254,15.161,66.848,2019-03-06T07:44:00Z,0.0,0.0,0.0,4
2902254,15.161,66.848,2019-03-06T07:44:00Z,0.0,0.0,0.0,4
2902254,15.161,66.848,2019-03-06T07:44:00Z,0.0,0.0,0.0,4
2902254,15.161,66.848,2019-03-06T07:44:00Z,0.0,0.0,0.0,4
2902254,15.161,66.848,2019-03-06T07:44:00Z,0.0,0.0,0.0,4
2902254,15.161,66.848,2019-03-06T07:44:00Z,0.0,0.0,0.0,4
2902254,15.161,66.848,2019-03-06T07:44:00Z,0.0,0.0,0.0,4
2902254,15.161,66.848,2019-03-06T07:44:00Z,0.0,0.0,0.0,4
2902254,15.161,66.848,2019-03-06T07:44:00Z,0.0,0.0,0.0,4
2902254,15.161,66.848,2019-03-06T07:44:00Z,0.0,0.0,0.0,4
2902254,15.161,66.848,2019-03-06T07:44:00Z,0.0,0.0,0.0,4
2902254,15.161,66.848,2019-03-06T07:44:00Z,0.0,0.0,0.0,4
2902254,15.161,66.848,2019-03-06T07:44:00Z,0.0,0.0,0.0,4
2902254,15.161,66.848,2019-03-06T07:44:00Z,0.0,0.0,0.0,4
2902254,15.161,66.848,2019-03-06T07:44:00Z,0.0,0.0,0.0,4
2902254,15.161,66.848,2019-03-06T07:44:00Z,0.0,0.0,0.0,4
2902254,15.161,66.848,2019-03-06T07:44:00Z,0.0,0.0,0.0,4
2902254,15.161,66.848,2019-03-06T07:44:00Z,0.0,0.0,0.0,4
2902254,15.161,66.848,2019-03-06T07:44:00Z,0.0,0.0,0.0,4
2902254,15.161,66.848,2019-03-06T07:44:00Z,0.0,0.0,0.0,4
2902254,15.161,66.848,2019-03-06T07:44:00Z,0.0,0.0,0.0,4
2902254,15.161,66.848,2019-03-06T07:44:00Z,0.0,0.0,0.0,4
2902254,15.161,66.848,2019-03-06T07:44:00Z,0.0,0.0,0.0,4
2902254,15.161,66.848,2019-03-06T07:44:00Z,0.0,0.0,0.0,4
2902254,15.161,66.848,2019-03-06T07:44:00Z,0.0,0.0,0.0,4
2902254,15.161,66.848,2019-03-06T07:44:00Z,0.0,0.0,0.0,4
2902254,15.161,66.848,2019-03-06T07:44:00Z,0.0,0.0,0.0,4
2902254,15.161,66.848,2019-03-06T07:44:00Z,0.0,0.0,0.0,4
2902254,15.161,66.848,2019-03-06T07:44:00Z,0.0,0.0,0.0,4
2902254,15.161,66.848,2019-03-06T07:44:00Z,0.0,0.0,0.0,4
2902254,15.161,66.848,2019-03-06T07:44:00Z,0.0,0.0,0.0,4
2902254,15.161,66.848,2019-03-06T07:44:00Z,0.0,0.0,0.0,4
2902254,15.161,66.848,2019-03-06T07:44:00Z,0.0,0.0,0.0,4
2902254,15.161,66.848,2019-03-06T07:44:00Z,0.0,0.0,0.0,4
2902254,15.161,66.848,2019-03-06T07:44:00Z,0.0,0.0,0.0,4
2902254,15.161,66.848,2019-03-06T07:44:00Z,0.0,0.0,0.0,4
2902254,15.161,66.848,2019-03-06T07:44:00Z,0.0,0.0,0.0,4
2902254,15.161,66.848,2019-03-06T07:44:00Z,0.0,0.0,0.0,4
2902254,15.161,66.848,2019-03-06T07:44:00Z,0.0,0.0,0.0,4
2902254,15.161,66.848,2019-03-06T07:44:00Z,0.0,0.0,0.0,4
2902254,15.161,66.848,2019-03-06T07:44:00Z,0.0,0.0,0.0,4
2902254,15.161,66.848,2019-03-06T07:44:00Z,0.0,0.0,0.0,4
2902254,15.161,66.848,2019-03-06T07:44:00Z,0.0,0.0,0.0,4
2902254,15.161,66.848,2019-03-06T07:44:00Z,0.0,0.0,0.0,4
2902254,15.161,66.848,2019-03-06T07:44:00Z,0.0,0.0,0.0,4
2902254,15.161,66.848,2019-03-06T07:44:00Z,0.0,0.0,0.0,4
2902254,15.161,66.848,2019-03-06T07:44:00Z,0.0,0.0,0.0,4
2902254,15.161,66.848,2019-03-06T07:44:00Z,0.0,0.0,0.0,4
2902254,15.161,66.848,2019-03-06T07:44:00Z,0.0,0.0,0.0,4
2902254,15.161,66.848,2019-03-06T07:44:00Z,0.0,0.0,0.0,4
2902254,15.161,66.848,2019-03-06T07:44:00Z,0.0,0.0,0.0,4
2902254,15.161,66.848,2019-03-06T07:44:00Z,0.0,0.0,0.0,4
2902254,15.161,66.848,2019-03-06T07:44:00Z,0.0,0.0,0.0,4
2902254,15.161,66.848,2019-03-06T07:44:00Z,0.0,0.0,0.0,4
2902254,15.161,66.848,2019-03-06T07:44:00Z,0.0,0.0,0.0,4
2902254,15.161,66.848,2019-03-06T07:44:00Z,0.0,0.0,0.0,4
2902254,15.161,66.848,2019-03-06T07:44:00Z,0.0,0.0,0.0,4
2902254,15.161,66.848,2019-03-06T07:44:00Z,0.0,0.0,0.0,4
2902254,15.161,66.848,2019-03-06T07:44:00Z,0.0,0.0,0.0,4
2902254,15.161,66.848,2019-03-06T07:44:00Z,0.0,0.0,0.0,4
2902254,15.161,66.848,2019-03-06T07:44:00Z,0.0,0.0,0.0,4
2902254,15.161,66.848,2019-03-06T07:44:00Z,0.0,0.0,0.0,4
2902254,15.161,66.848,2019-03-06T07:44:00Z,0.0,0.0,0.0,4
2902254,15.161,66.848,2019-03-06T07:44:00Z,0.0,0.0,0.0,4
2902254,15.161,66.848,2019-03-06T07:44:00Z,0.0,0.0,0.0,4
2902254,15.161,66.848,2019-03-06T07:44:00Z,0.0,0.0,0.0,4
2902254,15.161,66.848,2019-03-06T07:44:00Z,0.0,0.0,0.0,4
2902254,15.161,66.848,2019-03-06T07:44:00Z,0.0,0.0,0.0,4
2902254,15.161,66.848,2019-03-06T07:44:00Z,0.0,0.0,0.0,4
2902254,15.161,66.848,2019-03-06T07:44:00Z,0.0,0.0,0.0,4
2902254,15.161,66.848,2019-03-06T07:44:00Z,0.0,0.0,0.0,4
2902254,15.161,66.848,2019-03-06T07:44:00Z,0.0,0.0,0.0,4
2902254,15.161,66.848,2019-03-06T07:44:00Z,0.0,0.0,0.0,4
2902254,15.161,66.848,2019-03-06T07:44:00Z,0.0,0.0,0.0,4
2902254,15.161,66.848,2019-03-06T07:44:00Z,0.0,0.0,0.0,4
2902254,15.161,66.848,2019-03-06T07:44:00Z,0.0,0.0,0.0,4
2902254,15.161,66.848,2019-03-06T07:44:00Z,0.0,0.0,0.0,4
2902254,15.161,66.848,2019-03-06T07:44:00Z,0.0,0.0,0.0,4
2902254,15.161,66.848,2019-03-06T07:44:00Z,0.0,0.0,0.0,4
2902254,15.161,66.848,2019-03-06T07:44:00Z,0.0,0.0,0.0,4
2902254,15.161,66.848,2019-03-06T07:44:00Z,0.0,0.0,0.0,4
2902254,15.161,66.848,2019-03-06T07:44:00Z,0.0,0.0,0.0,4
2902254,15.161,66.848,2019-03-06T07:44:00Z,0.0,0.0,0.0,4
2902254,15.161,66.848,2019-03-06T07:44:00Z,0.0,0.0,0.0,4
2902254,15.161,66.848,2019-03-06T07:44:00Z,0.0,0.0,0.0,4
2902254,15.161,66.848,2019-03-06T07:44:00Z,0.0,0.0,0.0,4
2902254,15.161,66.848,2019-03-06T07:44:00Z,0.0,0.0,0.0,4
2902254,15.161,66.848,2019-03-06T07:44:00Z,0.0,0.0,0.0,4
2902254,15.161,66.848,2019-03-06T07:44:00Z,0.0,0.0,0.0,4
2902254,15.161,66.848,2019-03-06T07:44:00Z,0.0,0.0,0.0,4
2902254,15.161,66.848,2019-03-06T07:44:00Z,0.0,0.0,0.0,4
2902254,15.161,66.848,2019-03-06T07:44:00Z,0.0,0.0,0.0,4
2902254,15.161,66.848,2019-03-06T07:44:00Z,0.0,0.0,0.0,4
2902254,15.161,66.848,2019-03-06T07:44:00Z,0.0,0.0,0.0,4
2902254,15.161,66.848,2019-03-06T07:44:00Z,0.0,0.0,0.0,4
2902254,15.161,66.848,2019-03-06T07:44:00Z,0.0,0.0,0.0,4
2902254,15.161,66.848,2019-03-06T07:44:00Z,0.0,0.0,0.0,4
2902254,15.161,66.848,2019-03-06T07:44:00Z,0.0,0.0,0.0,4
2902254,15.161,66.848,2019-03-06T07:44:00Z,0.0,0.0,0.0,4
2902254,15.161,66.848,2019-03-06T07:44:00Z,0.0,0.0,0.0,4
2902254,15.161,66.848,2019-03-06T07:44:00Z,0.0,0.0,0.0,4
2902254,15.161,66.848,2019-03-06T07:44:00Z,0.0,0.0,0.0,4
2902254,15.161,66.848,2019-03-06T07:44:00Z,0.0,0.0,0.0,4
2902254,15.161,66.848,2019-03-06T07:44:00Z,0.0,0.0,0.0,4
2902254,15.161,66.848,2019-03-06T07:44:00Z,0.0,0.0,0.0,4
2902254,15.161,66.848,2019-03-06T07:44:00Z,0.0,0.0,0.0,4
2902254,15.161,66.848,2019-03-06T07:44:00Z,0.0,0.0,0.0,4
2902254,15.161,66.848,2019-03-06T07:44:00Z,0.0,0.0,0.0,4
2902254,15.161,66.848,2019-03-06T07:44:00Z,0.0,0.0,0.0,4
2902254,15.161,66.848,2019-03-06T07:44:00Z,0.0,0.0,0.0,4
2902254,15.161,66.848,2019-03-06T07:44:00Z,0.0,0.0,0.0,4
2902254,15.161,66.848,2019-03-06T07:44:00Z,0.0,0.0,0.0,4
2902254,15.161,66.848,2019-03-06T07:44:00Z,0.0,0.0,0.0,4
2902254,15.161,66.848,2019-03-06T07:44:00Z,0.0,0.0,0.0,4
2902254,15.161,66.848,2019-03-06T07:44:00Z,0.0,0.0,0.0,4
2902254,15.161,66.848,2019-03-06T07:44:00Z,0.0,0.0,0.0,4
2902254,15.161,66.848,2019-03-06T07:44:00Z,0.0,0.0,0.0,4
2902254,15.161,66.848,2019-03-06T07:44:00Z,0.0,0.0,0.0,4
2902254,15.161,66.848,2019-03-06T07:44:00Z,0.0,0.0,0.0,4
2902254,15.161,66.848,2019-03-06T07:44:00Z,0.0,0.0,0.0,4
2902254,15.161,66.848,2019-03-06T07:44:00Z,0.0,0.0,0.0,4
2902254,15.161,66.848,2019-03-06T07:44:00Z,0.0,0.0,0.0,4
2902254,15.161,66.848,2019-03-06T07:44:00Z,0.0,0.0,0.0,4
2902254,15.161,66.848,2019-03-06T07:44:00Z,0.0,0.0,0.0,4
2902254,15.161,66.848,2019-03-06T07:44:00Z,0.0,0.0,0.0,4
2902254,15.161,66.848,2019-03-06T07:44:00Z,0.0,0.0,0.0,4
2902254,15.161,66.848,2019-03-06T07:44:00Z,0.0,0.0,0.0,4
2902254,15.161,66.848,2019-03-06T07:44:00Z,0.0,0.0,0.0,4
2902254,15.161,66.848,2019-03-06T07:44:00Z,0.0,0.0,0.0,4
2902254,15.161,66.848,2019-03-06T07:44:00Z,0.0,0.0,0.0,4
2902254,15.161,66.848,2019-03-06T07:44:00Z,0.0,0.0,0.0,4
2902254,15.161,66.848,2019-03-06T07:44:00Z,0.0,0.0,0.0,4
2902254,15.161,66.848,2019-03-06T07:44:00Z,0.0,0.0,0.0,4
2902254,15.161,66.848,2019-03-06T07:44:00Z,0.0,0.0,0.0,4
2902254,15.161,66.848,2019-03-06T07:44:00Z,0.0,0.0,0.0,4
2902254,15.161,66.848,2019-03-06T07:44:00Z,0.0,0.0,0.0,4
2902254,15.161,66.848,2019-03-06T07:44:00Z,0.0,0.0,0.0,4
2902254,15.161,66.848,2019-03-06T07:44:00Z,0.0,0.0,0.0,4
2902254,15.161,66.848,2019-03-06T07:44:00Z,0.0,0.0,0.0,4
2902254,15.161,66.848,2019-03-06T07:44:00Z,0.0,0.0,0.0,4
2902254,15.161,66.848,2019-03-06T07:44:00Z,0.0,0.0,0.0,4
2902254,15.161,66.848,2019-03-06T07:44:00Z,0.0,0.0,0.0,4
2902254,15.161,66.848,2019-03-06T07:44:00Z,0.0,0.0,0.0,4
2902254,15.161,66.848,2019-03-06T07:44:00Z,0.0,0.0,0.0,4
2902254,15.161,66.848,2019-03-06T07:44:00Z,0.0,0.0,0.0,4
2902254,15.161,66.848,2019-03-06T07:44:00Z,0.0,0.0,0.0,4
2902254,15.161,66.848,2019-03-06T07:44:00Z,0.0,0.0,0.0,4
2902254,15.161,66.848,2019-03-06T07:44:00Z,0.0,0.0,0.0,4
2902254,15.161,66.848,2019-03-06T07:44:00Z,0.0,0.0,0.0,4
2902254,15.161,66.848,2019-03-06T07:44:00Z,0.0,0.0,0.0,4
2902254,15.161,66.848,2019-03-06T07:44:00Z,0.0,0.0,0.0,4
2902254,15.161,66.848,2019-03-06T07:44:00Z,0.0,0.0,0.0,4
2902254,15.161,66.848,2019-03-06T07:44:00Z,0.0,0.0,0.0,4
2902254,15.161,66.848,2019-03-06T07:44:00Z,0.0,0.0,0.0,4
2902254,15.161,66.848,2019-03-06T07:44:00Z,0.0,0.0,0.0,4
2902254,15.161,66.848,2019-03-06T07:44:00Z,0.0,0.0,0.0,4
2902254,15.161,66.848,2019-03-06T07:44:00Z,0.0,0.0,0.0,4
2902254,15.161,66.848,2019-03-06T07:44:00Z,0.0,0.0,0.0,4
2902254,15.161,66.848,2019-03-06T07:44:00Z,0.0,0.0,0.0,4
2902254,15.161,66.848,2019-03-06T07:44:00Z,0.0,0.0,0.0,4
2902254,15.161,66.848,2019-03-06T07:44:00Z,0.0,0.0,0.0,4
2902254,15.161,66.848,2019-03-06T07:44:00Z,0.0,0.0,0.0,4
2902254,15.161,66.848,2019-03-06T07:44:00Z,0.0,0.0,0.0,4
2902254,15.161,66.848,2019-03-06T07:44:00Z,0.0,0.0,0.0,4
2902254,15.161,66.848,2019-03-06T07:44:00Z,0.0,0.0,0.0,4
2902254,15.161,66.848,2019-03-06T07:44:00Z,0.0,0.0,0.0,4
2902254,15.161,66.848,2019-03-06T07:44:00Z,0.0,0.0,0.0,4
2902254,15.161,66.848,2019-03-06T07:44:00Z,0.0,0.0,0.0,4
2902254,15.161,66.848,2019-03-06T07:44:00Z,0.0,0.0,0.0,4
2902254,15.161,66.848,2019-03-06T07:44:00Z,0.0,0.0,0.0,4
2902254,15.161,66.848,2019-03-06T07:44:00Z,0.0,0.0,0.0,4
2902254,15.161,66.848,2019-03-06T07:44:00Z,0.0,0.0,0.0,4
2902254,15.161,66.848,2019-03-06T07:44:00Z,0.0,0.0,0.0,4
2902254,15.161,66.848,2019-03-06T07:44:00Z,0.0,0.0,0.0,4
2902254,15.161,66.848,2019-03-06T07:44:00Z,0.0,0.0,0.0,4
2902254,15.161,66.848,2019-03-06T07:44:00Z,0.0,0.0,0.0,4
2902254,15.161,66.848,2019-03-06T07:44:00Z,0.0,0.0,0.0,4
2902254,15.161,66.848,2019-03-06T07:44:00Z,0.0,0.0,0.0,4
2902254,15.161,66.848,2019-03-06T07:44:00Z,0.0,0.0,0.0,4
2902254,15.161,66.848,2019-03-06T07:44:00Z,0.0,0.0,0.0,4
2902254,15.161,66.848,2019-03-06T07:44:00Z,0.0,0.0,0.0,4
2902254,15.161,66.848,2019-03-06T07:44:00Z,0.0,0.0,0.0,4
2902254,15.161,66.848,2019-03-06T07:44:00Z,0.0,0.0,0.0,4
2902254,15.161,66.848,2019-03-06T07:44:00Z,0.0,0.0,0.0,4
2902254,15.161,66.848,2019-03-06T07:44:00Z,0.0,0.0,0.0,4
2902254,15.161,66.848,2019-03-06T07:44:00Z,0.0,0.0,0.0,4
2902254,15.161,66.848,2019-03-06T07:44:00Z,0.0,0.0,0.0,4
2902254,15.161,66.848,2019-03-06T07:44:00Z,0.0,0.0,0.0,4
2902254,15.161,66.848,2019-03-06T07:44:00Z,0.0,0.0,0.0,4
2902254,15.161,66.848,2019-03-06T07:44:00Z,0.0,0.0,0.0,4
2902254,15.161,66.848,2019-03-06T07:44:00Z,0.0,0.0,0.0,4
2902254,15.161,66.848,2019-03-06T07:44:00Z,0.0,0.0,0.0,4
2902254,15.161,66.848,2019-03-06T07:44:00Z,0.0,0.0,0.0,4
2902254,15.161,66.848,2019-03-06T07:44:00Z,0.0,0.0,0.0,4
2902254,15.161,66.848,2019-03-06T07:44:00Z,0.0,0.0,0.0,4
2902254,15.161,66.848,2019-03-06T07:44:00Z,0.0,0.0,0.0,4
2902254,15.161,66.848,2019-03-06T07:44:00Z,0.0,0.0,0.0,4
2902254,15.161,66.848,2019-03-06T07:44:00Z,0.0,0.0,0.0,4
2902254,15.161,66.848,2019-03-06T07:44:00Z,0.0,0.0,0.0,4
2902254,15.161,66.848,2019-03-06T07:44:00Z,0.0,0.0,0.0,4
2902254,15.161,66.848,2019-03-06T07:44:00Z,0.0,0.0,0.0,4
2902254,15.161,66.848,2019-03-06T07:44:00Z,0.0,0.0,0.0,4
2902254,15.161,66.848,2019-03-06T07:44:00Z,0.0,0.0,0.0,4
2902254,15.161,66.848,2019-03-06T07:44:00Z,0.0,0.0,0.0,4
2902254,15.161,66.848,2019-03-06T07:44:00Z,0.0,0.0,0.0,4
2902254,15.161,66.848,2019-03-06T07:44:00Z,0.0,0.0,0.0,4
2902254,15.161,66.848,2019-03-06T07:44:00Z,0.0,0.0,0.0,4
2902254,15.161,66.848,2019-03-06T07:44:00Z,0.0,0.0,0.0,4
2902254,15.161,66.848,2019-03-06T07:44:00Z,0.0,0.0,0.0,4
2902254,15.161,66.848,2019-03-06T07:44:00Z,0.0,0.0,0.0,4
2902254,15.161,66.848,2019-03-06T07:44:00Z,0.0,0.0,0.0,4
2902254,15.161,66.848,2019-03-06T07:44:00Z,0.0,0.0,0.0,4
2902254,15.161,66.848,2019-03-06T07:44:00Z,0.0,0.0,0.0,4
2902254,15.161,66.848,2019-03-06T07:44:00Z,0.0,0.0,0.0,4
2902254,15.161,66.848,2019-03-06T07:44:00Z,0.0,0.0,0.0,4
2902254,15.161,66.848,2019-03-06T07:44:00Z,0.0,0.0,0.0,4
2902254,15.161,66.848,2019-03-06T07:44:00Z,0.0,0.0,0.0,4
2902254,15.161,66.848,2019-03-06T07:44:00Z,27.56,36.311,1.0,4
2902254,15.161,66.848,2019-03-06T07:44:00Z,27.545,36.306,2.0,1
2902254,15.161,66.848,2019-03-06T07:44:00Z,27.503,36.325,3.0,1
2902254,15.161,66.848,2019-03-06T07:44:00Z,27.484,36.339,4.0,1
2902254,15.161,66.848,2019-03-06T07:44:00Z,27.444,36.36,5.0,1
2902254,15.161,66.848,2019-03-06T07:44:00Z,27.426,36.361,6.0,1
2902199,15.964,66.861,2019-03-06T17:22:36Z,26.37,36.639,4.1,1
2902199,15.964,66.861,2019-03-06T17:22:36Z,26.372,36.639,6.0,1
2902199,15.964,66.861,2019-03-06T17:22:36Z,0.0,0.0,0.0,4
2902239,0.9192400000000001,83.11886166666666,2019-03-06T17:26:00Z,30.354,34.319,5.5,1
2902264,15.390571666666666,85.66053833333334,2019-03-06T17:33:00Z,27.735,33.199,5.5,1
2902188,0.53,62.024,2019-03-07T07:19:37Z,28.596,35.358,4.0,4
2902188,0.53,62.024,2019-03-07T07:19:37Z,28.557,35.359,6.0,4
2902188,0.53,62.024,2019-03-07T07:19:37Z,0.0,0.0,0.0,4
2901307,8.524,66.494,2019-03-07T11:04:39Z,29.396,35.796,4.6,1
2902266,14.564,67.291,2019-03-07T13:50:00Z,0.0,0.0,0.0,4
2902266,14.564,67.291,2019-03-07T13:50:00Z,0.0,0.0,0.0,4
2902266,14.564,67.291,2019-03-07T13:50:00Z,0.0,0.0,0.0,4
2902266,14.564,67.291,2019-03-07T13:50:00Z,0.0,0.0,0.0,4
2902266,14.564,67.291,2019-03-07T13:50:00Z,0.0,0.0,0.0,4
2902266,14.564,67.291,2019-03-07T13:50:00Z,0.0,0.0,0.0,4
2902266,14.564,67.291,2019-03-07T13:50:00Z,0.0,0.0,0.0,4
2902266,14.564,67.291,2019-03-07T13:50:00Z,0.0,0.0,0.0,4
2902266,14.564,67.291,2019-03-07T13:50:00Z,0.0,0.0,0.0,4
2902266,14.564,67.291,2019-03-07T13:50:00Z,0.0,0.0,0.0,4
2902266,14.564,67.291,2019-03-07T13:50:00Z,0.0,0.0,0.0,4
2902266,14.564,67.291,2019-03-07T13:50:00Z,0.0,0.0,0.0,4
2902266,14.564,67.291,2019-03-07T13:50:00Z,0.0,0.0,0.0,4
2902266,14.564,67.291,2019-03-07T13:50:00Z,0.0,0.0,0.0,4
2902266,14.564,67.291,2019-03-07T13:50:00Z,0.0,0.0,0.0,4
2902266,14.564,67.291,2019-03-07T13:50:00Z,0.0,0.0,0.0,4
2902266,14.564,67.291,2019-03-07T13:50:00Z,0.0,0.0,0.0,4
2902266,14.564,67.291,2019-03-07T13:50:00Z,0.0,0.0,0.0,4
2902266,14.564,67.291,2019-03-07T13:50:00Z,0.0,0.0,0.0,4
2902266,14.564,67.291,2019-03-07T13:50:00Z,0.0,0.0,0.0,4
2902266,14.564,67.291,2019-03-07T13:50:00Z,0.0,0.0,0.0,4
2902266,14.564,67.291,2019-03-07T13:50:00Z,0.0,0.0,0.0,4
2902266,14.564,67.291,2019-03-07T13:50:00Z,0.0,0.0,0.0,4
2902266,14.564,67.291,2019-03-07T13:50:00Z,0.0,0.0,0.0,4
2902266,14.564,67.291,2019-03-07T13:50:00Z,0.0,0.0,0.0,4
2902266,14.564,67.291,2019-03-07T13:50:00Z,0.0,0.0,0.0,4
2902266,14.564,67.291,2019-03-07T13:50:00Z,0.0,0.0,0.0,4
2902266,14.564,67.291,2019-03-07T13:50:00Z,0.0,0.0,0.0,4
2902266,14.564,67.291,2019-03-07T13:50:00Z,0.0,0.0,0.0,4
2902266,14.564,67.291,2019-03-07T13:50:00Z,0.0,0.0,0.0,4
2902266,14.564,67.291,2019-03-07T13:50:00Z,0.0,0.0,0.0,4
2902266,14.564,67.291,2019-03-07T13:50:00Z,0.0,0.0,0.0,4
2902266,14.564,67.291,2019-03-07T13:50:00Z,0.0,0.0,0.0,4
2902266,14.564,67.291,2019-03-07T13:50:00Z,0.0,0.0,0.0,4
2902266,14.564,67.291,2019-03-07T13:50:00Z,0.0,0.0,0.0,4
2902266,14.564,67.291,2019-03-07T13:50:00Z,0.0,0.0,0.0,4
2902266,14.564,67.291,2019-03-07T13:50:00Z,0.0,0.0,0.0,4
2902266,14.564,67.291,2019-03-07T13:50:00Z,0.0,0.0,0.0,4
2902266,14.564,67.291,2019-03-07T13:50:00Z,0.0,0.0,0.0,4
2902266,14.564,67.291,2019-03-07T13:50:00Z,0.0,0.0,0.0,4
2902266,14.564,67.291,2019-03-07T13:50:00Z,0.0,0.0,0.0,4
2902266,14.564,67.291,2019-03-07T13:50:00Z,0.0,0.0,0.0,4
2902266,14.564,67.291,2019-03-07T13:50:00Z,0.0,0.0,0.0,4
2902266,14.564,67.291,2019-03-07T13:50:00Z,0.0,0.0,0.0,4
2902266,14.564,67.291,2019-03-07T13:50:00Z,0.0,0.0,0.0,4
2902266,14.564,67.291,2019-03-07T13:50:00Z,0.0,0.0,0.0,4
2902266,14.564,67.291,2019-03-07T13:50:00Z,0.0,0.0,0.0,4
2902266,14.564,67.291,2019-03-07T13:50:00Z,0.0,0.0,0.0,4
2902266,14.564,67.291,2019-03-07T13:50:00Z,0.0,0.0,0.0,4
2902266,14.564,67.291,2019-03-07T13:50:00Z,0.0,0.0,0.0,4
2902266,14.564,67.291,2019-03-07T13:50:00Z,0.0,0.0,0.0,4
2902266,14.564,67.291,2019-03-07T13:50:00Z,0.0,0.0,0.0,4
2902266,14.564,67.291,2019-03-07T13:50:00Z,0.0,0.0,0.0,4
2902266,14.564,67.291,2019-03-07T13:50:00Z,0.0,0.0,0.0,4
2902266,14.564,67.291,2019-03-07T13:50:00Z,0.0,0.0,0.0,4
2902266,14.564,67.291,2019-03-07T13:50:00Z,0.0,0.0,0.0,4
2902266,14.564,67.291,2019-03-07T13:50:00Z,0.0,0.0,0.0,4
2902266,14.564,67.291,2019-03-07T13:50:00Z,0.0,0.0,0.0,4
2902266,14.564,67.291,2019-03-07T13:50:00Z,0.0,0.0,0.0,4
2902266,14.564,67.291,2019-03-07T13:50:00Z,0.0,0.0,0.0,4
2902266,14.564,67.291,2019-03-07T13:50:00Z,0.0,0.0,0.0,4
2902266,14.564,67.291,2019-03-07T13:50:00Z,0.0,0.0,0.0,4
2902266,14.564,67.291,2019-03-07T13:50:00Z,0.0,0.0,0.0,4
2902266,14.564,67.291,2019-03-07T13:50:00Z,0.0,0.0,0.0,4
2902266,14.564,67.291,2019-03-07T13:50:00Z,0.0,0.0,0.0,4
2902266,14.564,67.291,2019-03-07T13:50:00Z,0.0,0.0,0.0,4
2902266,14.564,67.291,2019-03-07T13:50:00Z,0.0,0.0,0.0,4
2902266,14.564,67.291,2019-03-07T13:50:00Z,0.0,0.0,0.0,4
2902266,14.564,67.291,2019-03-07T13:50:00Z,0.0,0.0,0.0,4
2902266,14.564,67.291,2019-03-07T13:50:00Z,0.0,0.0,0.0,4
2902266,14.564,67.291,2019-03-07T13:50:00Z,0.0,0.0,0.0,4
2902266,14.564,67.291,2019-03-07T13:50:00Z,0.0,0.0,0.0,4
2902266,14.564,67.291,2019-03-07T13:50:00Z,0.0,0.0,0.0,4
2902266,14.564,67.291,2019-03-07T13:50:00Z,0.0,0.0,0.0,4
2902266,14.564,67.291,2019-03-07T13:50:00Z,0.0,0.0,0.0,4
2902266,14.564,67.291,2019-03-07T13:50:00Z,0.0,0.0,0.0,4
2902266,14.564,67.291,2019-03-07T13:50:00Z,0.0,0.0,0.0,4
2902266,14.564,67.291,2019-03-07T13:50:00Z,0.0,0.0,0.0,4
2902266,14.564,67.291,2019-03-07T13:50:00Z,0.0,0.0,0.0,4
2902266,14.564,67.291,2019-03-07T13:50:00Z,0.0,0.0,0.0,4
2902266,14.564,67.291,2019-03-07T13:50:00Z,0.0,0.0,0.0,4
2902266,14.564,67.291,2019-03-07T13:50:00Z,0.0,0.0,0.0,4
2902266,14.564,67.291,2019-03-07T13:50:00Z,0.0,0.0,0.0,4
2902266,14.564,67.291,2019-03-07T13:50:00Z,0.0,0.0,0.0,4
2902266,14.564,67.291,2019-03-07T13:50:00Z,0.0,0.0,0.0,4
2902266,14.564,67.291,2019-03-07T13:50:00Z,0.0,0.0,0.0,4
2902266,14.564,67.291,2019-03-07T13:50:00Z,0.0,0.0,0.0,4
2902266,14.564,67.291,2019-03-07T13:50:00Z,0.0,0.0,0.0,4
2902266,14.564,67.291,2019-03-07T13:50:00Z,0.0,0.0,0.0,4
2902266,14.564,67.291,2019-03-07T13:50:00Z,0.0,0.0,0.0,4
2902266,14.564,67.291,2019-03-07T13:50:00Z,0.0,0.0,0.0,4
2902266,14.564,67.291,2019-03-07T13:50:00Z,0.0,0.0,0.0,4
2902266,14.564,67.291,2019-03-07T13:50:00Z,0.0,0.0,0.0,4
2902266,14.564,67.291,2019-03-07T13:50:00Z,0.0,0.0,0.0,4
2902266,14.564,67.291,2019-03-07T13:50:00Z,0.0,0.0,0.0,4
2902266,14.564,67.291,2019-03-07T13:50:00Z,0.0,0.0,0.0,4
2902266,14.564,67.291,2019-03-07T13:50:00Z,0.0,0.0,0.0,4
2902266,14.564,67.291,2019-03-07T13:50:00Z,0.0,0.0,0.0,4
2902266,14.564,67.291,2019-03-07T13:50:00Z,0.0,0.0,0.0,4
2902266,14.564,67.291,2019-03-07T13:50:00Z,0.0,0.0,0.0,4
2902266,14.564,67.291,2019-03-07T13:50:00Z,0.0,0.0,0.0,4
2902266,14.564,67.291,2019-03-07T13:50:00Z,0.0,0.0,0.0,4
2902266,14.564,67.291,2019-03-07T13:50:00Z,0.0,0.0,0.0,4
2902266,14.564,67.291,2019-03-07T13:50:00Z,0.0,0.0,0.0,4
2902266,14.564,67.291,2019-03-07T13:50:00Z,0.0,0.0,0.0,4
2902266,14.564,67.291,2019-03-07T13:50:00Z,0.0,0.0,0.0,4
2902266,14.564,67.291,2019-03-07T13:50:00Z,0.0,0.0,0.0,4
2902266,14.564,67.291,2019-03-07T13:50:00Z,0.0,0.0,0.0,4
2902266,14.564,67.291,2019-03-07T13:50:00Z,0.0,0.0,0.0,4
2902266,14.564,67.291,2019-03-07T13:50:00Z,0.0,0.0,0.0,4
2902266,14.564,67.291,2019-03-07T13:50:00Z,0.0,0.0,0.0,4
2902266,14.564,67.291,2019-03-07T13:50:00Z,0.0,0.0,0.0,4
2902266,14.564,67.291,2019-03-07T13:50:00Z,0.0,0.0,0.0,4
2902266,14.564,67.291,2019-03-07T13:50:00Z,0.0,0.0,0.0,4
2902266,14.564,67.291,2019-03-07T13:50:00Z,0.0,0.0,0.0,4
2902266,14.564,67.291,2019-03-07T13:50:00Z,0.0,0.0,0.0,4
2902266,14.564,67.291,2019-03-07T13:50:00Z,0.0,0.0,0.0,4
2902266,14.564,67.291,2019-03-07T13:50:00Z,0.0,0.0,0.0,4
2902266,14.564,67.291,2019-03-07T13:50:00Z,0.0,0.0,0.0,4
2902266,14.564,67.291,2019-03-07T13:50:00Z,0.0,0.0,0.0,4
2902266,14.564,67.291,2019-03-07T13:50:00Z,0.0,0.0,0.0,4
2902266,14.564,67.291,2019-03-07T13:50:00Z,0.0,0.0,0.0,4
2902266,14.564,67.291,2019-03-07T13:50:00Z,0.0,0.0,0.0,4
2902266,14.564,67.291,2019-03-07T13:50:00Z,0.0,0.0,0.0,4
2902266,14.564,67.291,2019-03-07T13:50:00Z,0.0,0.0,0.0,4
2902266,14.564,67.291,2019-03-07T13:50:00Z,0.0,0.0,0.0,4
2902266,14.564,67.291,2019-03-07T13:50:00Z,0.0,0.0,0.0,4
2902266,14.564,67.291,2019-03-07T13:50:00Z,0.0,0.0,0.0,4
2902266,14.564,67.291,2019-03-07T13:50:00Z,0.0,0.0,0.0,4
2902266,14.564,67.291,2019-03-07T13:50:00Z,0.0,0.0,0.0,4
2902266,14.564,67.291,2019-03-07T13:50:00Z,0.0,0.0,0.0,4
2902266,14.564,67.291,2019-03-07T13:50:00Z,0.0,0.0,0.0,4
2902266,14.564,67.291,2019-03-07T13:50:00Z,0.0,0.0,0.0,4
2902266,14.564,67.291,2019-03-07T13:50:00Z,0.0,0.0,0.0,4
2902266,14.564,67.291,2019-03-07T13:50:00Z,0.0,0.0,0.0,4
2902266,14.564,67.291,2019-03-07T13:50:00Z,0.0,0.0,0.0,4
2902266,14.564,67.291,2019-03-07T13:50:00Z,0.0,0.0,0.0,4
2902266,14.564,67.291,2019-03-07T13:50:00Z,0.0,0.0,0.0,4
2902266,14.564,67.291,2019-03-07T13:50:00Z,0.0,0.0,0.0,4
2902266,14.564,67.291,2019-03-07T13:50:00Z,0.0,0.0,0.0,4
2902266,14.564,67.291,2019-03-07T13:50:00Z,0.0,0.0,0.0,4
2902266,14.564,67.291,2019-03-07T13:50:00Z,0.0,0.0,0.0,4
2902266,14.564,67.291,2019-03-07T13:50:00Z,0.0,0.0,0.0,4
2902266,14.564,67.291,2019-03-07T13:50:00Z,0.0,0.0,0.0,4
2902266,14.564,67.291,2019-03-07T13:50:00Z,0.0,0.0,0.0,4
2902266,14.564,67.291,2019-03-07T13:50:00Z,0.0,0.0,0.0,4
2902266,14.564,67.291,2019-03-07T13:50:00Z,0.0,0.0,0.0,4
2902266,14.564,67.291,2019-03-07T13:50:00Z,0.0,0.0,0.0,4
2902266,14.564,67.291,2019-03-07T13:50:00Z,0.0,0.0,0.0,4
2902266,14.564,67.291,2019-03-07T13:50:00Z,0.0,0.0,0.0,4
2902266,14.564,67.291,2019-03-07T13:50:00Z,0.0,0.0,0.0,4
2902266,14.564,67.291,2019-03-07T13:50:00Z,0.0,0.0,0.0,4
2902266,14.564,67.291,2019-03-07T13:50:00Z,0.0,0.0,0.0,4
2902266,14.564,67.291,2019-03-07T13:50:00Z,0.0,0.0,0.0,4
2902266,14.564,67.291,2019-03-07T13:50:00Z,0.0,0.0,0.0,4
2902266,14.564,67.291,2019-03-07T13:50:00Z,0.0,0.0,0.0,4
2902266,14.564,67.291,2019-03-07T13:50:00Z,0.0,0.0,0.0,4
2902266,14.564,67.291,2019-03-07T13:50:00Z,0.0,0.0,0.0,4
2902266,14.564,67.291,2019-03-07T13:50:00Z,0.0,0.0,0.0,4
2902266,14.564,67.291,2019-03-07T13:50:00Z,0.0,0.0,0.0,4
2902266,14.564,67.291,2019-03-07T13:50:00Z,0.0,0.0,0.0,4
2902266,14.564,67.291,2019-03-07T13:50:00Z,0.0,0.0,0.0,4
2902266,14.564,67.291,2019-03-07T13:50:00Z,0.0,0.0,0.0,4
2902266,14.564,67.291,2019-03-07T13:50:00Z,0.0,0.0,0.0,4
2902266,14.564,67.291,2019-03-07T13:50:00Z,0.0,0.0,0.0,4
2902266,14.564,67.291,2019-03-07T13:50:00Z,0.0,0.0,0.0,4
2902266,14.564,67.291,2019-03-07T13:50:00Z,0.0,0.0,0.0,4
2902266,14.564,67.291,2019-03-07T13:50:00Z,0.0,0.0,0.0,4
2902266,14.564,67.291,2019-03-07T13:50:00Z,0.0,0.0,0.0,4
2902266,14.564,67.291,2019-03-07T13:50:00Z,0.0,0.0,0.0,4
2902266,14.564,67.291,2019-03-07T13:50:00Z,0.0,0.0,0.0,4
2902266,14.564,67.291,2019-03-07T13:50:00Z,0.0,0.0,0.0,4
2902266,14.564,67.291,2019-03-07T13:50:00Z,0.0,0.0,0.0,4
2902266,14.564,67.291,2019-03-07T13:50:00Z,0.0,0.0,0.0,4
2902266,14.564,67.291,2019-03-07T13:50:00Z,0.0,0.0,0.0,4
2902266,14.564,67.291,2019-03-07T13:50:00Z,0.0,0.0,0.0,4
2902266,14.564,67.291,2019-03-07T13:50:00Z,0.0,0.0,0.0,4
2902266,14.564,67.291,2019-03-07T13:50:00Z,0.0,0.0,0.0,4
2902266,14.564,67.291,2019-03-07T13:50:00Z,0.0,0.0,0.0,4
2902266,14.564,67.291,2019-03-07T13:50:00Z,0.0,0.0,0.0,4
2902266,14.564,67.291,2019-03-07T13:50:00Z,0.0,0.0,0.0,4
2902266,14.564,67.291,2019-03-07T13:50:00Z,0.0,0.0,0.0,4
2902266,14.564,67.291,2019-03-07T13:50:00Z,0.0,0.0,0.0,4
2902266,14.564,67.291,2019-03-07T13:50:00Z,0.0,0.0,0.0,4
2902266,14.564,67.291,2019-03-07T13:50:00Z,0.0,0.0,0.0,4
2902266,14.564,67.291,2019-03-07T13:50:00Z,0.0,0.0,0.0,4
2902266,14.564,67.291,2019-03-07T13:50:00Z,0.0,0.0,0.0,4
2902266,14.564,67.291,2019-03-07T13:50:00Z,0.0,0.0,0.0,4
2902266,14.564,67.291,2019-03-07T13:50:00Z,0.0,0.0,0.0,4
2902266,14.564,67.291,2019-03-07T13:50:00Z,0.0,0.0,0.0,4
2902266,14.564,67.291,2019-03-07T13:50:00Z,0.0,0.0,0.0,4
2902266,14.564,67.291,2019-03-07T13:50:00Z,0.0,0.0,0.0,4
2902266,14.564,67.291,2019-03-07T13:50:00Z,0.0,0.0,0.0,4
2902266,14.564,67.291,2019-03-07T13:50:00Z,0.0,0.0,0.0,4
2902266,14.564,67.291,2019-03-07T13:50:00Z,0.0,0.0,0.0,4
2902266,14.564,67.291,2019-03-07T13:50:00Z,0.0,0.0,0.0,4
2902266,14.564,67.291,2019-03-07T13:50:00Z,0.0,0.0,0.0,4
2902266,14.564,67.291,2019-03-07T13:50:00Z,0.0,0.0,0.0,4
2902266,14.564,67.291,2019-03-07T13:50:00Z,0.0,0.0,0.0,4
2902266,14.564,67.291,2019-03-07T13:50:00Z,0.0,0.0,0.0,4
2902266,14.564,67.291,2019-03-07T13:50:00Z,0.0,0.0,0.0,4
2902266,14.564,67.291,2019-03-07T13:50:00Z,0.0,0.0,0.0,4
2902266,14.564,67.291,2019-03-07T13:50:00Z,0.0,0.0,0.0,4
2902266,14.564,67.291,2019-03-07T13:50:00Z,0.0,0.0,0.0,4
2902266,14.564,67.291,2019-03-07T13:50:00Z,0.0,0.0,0.0,4
2902266,14.564,67.291,2019-03-07T13:50:00Z,0.0,0.0,0.0,4
2902266,14.564,67.291,2019-03-07T13:50:00Z,0.0,0.0,0.0,4
2902266,14.564,67.291,2019-03-07T13:50:00Z,0.0,0.0,0.0,4
2902266,14.564,67.291,2019-03-07T13:50:00Z,0.0,0.0,0.0,4
2902266,14.564,67.291,2019-03-07T13:50:00Z,0.0,0.0,0.0,4
2902266,14.564,67.291,2019-03-07T13:50:00Z,0.0,0.0,0.0,4
2902266,14.564,67.291,2019-03-07T13:50:00Z,0.0,0.0,0.0,4
2902266,14.564,67.291,2019-03-07T13:50:00Z,0.0,0.0,0.0,4
2902266,14.564,67.291,2019-03-07T13:50:00Z,0.0,0.0,0.0,4
2902266,14.564,67.291,2019-03-07T13:50:00Z,0.0,0.0,0.0,4
2902266,14.564,67.291,2019-03-07T13:50:00Z,0.0,0.0,0.0,4
2902266,14.564,67.291,2019-03-07T13:50:00Z,0.0,0.0,0.0,4
2902266,14.564,67.291,2019-03-07T13:50:00Z,0.0,0.0,0.0,4
2902266,14.564,67.291,2019-03-07T13:50:00Z,0.0,0.0,0.0,4
2902266,14.564,67.291,2019-03-07T13:50:00Z,0.0,0.0,0.0,4
2902266,14.564,67.291,2019-03-07T13:50:00Z,0.0,0.0,0.0,4
2902266,14.564,67.291,2019-03-07T13:50:00Z,0.0,0.0,0.0,4
2902266,14.564,67.291,2019-03-07T13:50:00Z,0.0,0.0,0.0,4
2902266,14.564,67.291,2019-03-07T13:50:00Z,0.0,0.0,0.0,4
2902266,14.564,67.291,2019-03-07T13:50:00Z,0.0,0.0,0.0,4
2902266,14.564,67.291,2019-03-07T13:50:00Z,0.0,0.0,0.0,4
2902266,14.564,67.291,2019-03-07T13:50:00Z,0.0,0.0,0.0,4
2902266,14.564,67.291,2019-03-07T13:50:00Z,0.0,0.0,0.0,4
2902266,14.564,67.291,2019-03-07T13:50:00Z,0.0,0.0,0.0,4
2902266,14.564,67.291,2019-03-07T13:50:00Z,0.0,0.0,0.0,4
2902266,14.564,67.291,2019-03-07T13:50:00Z,0.0,0.0,0.0,4
2902266,14.564,67.291,2019-03-07T13:50:00Z,0.0,0.0,0.0,4
2902266,14.564,67.291,2019-03-07T13:50:00Z,28.184,35.963,1.0,4
2902266,14.564,67.291,2019-03-07T13:50:00Z,28.185,35.944,2.0,4
2902266,14.564,67.291,2019-03-07T13:50:00Z,28.188,35.933,3.0,4
2902266,14.564,67.291,2019-03-07T13:50:00Z,28.188,35.893,4.0,1
2902266,14.564,67.291,2019-03-07T13:50:00Z,28.187,35.859,5.0,1
2902266,14.564,67.291,2019-03-07T13:50:00Z,28.188,35.877,6.0,1
2902127,11.707881666666667,65.16573666666666,2019-03-08T05:51:00Z,27.939,35.975,5.9,1
2902206,15.945,68.939,2019-03-08T11:15:19Z,27.444,0.0,4.0,4
2902265,15.056,70.37,2019-03-08T13:53:00Z,0.0,0.0,0.0,4
2902265,15.056,70.37,2019-03-08T13:53:00Z,0.0,0.0,0.0,4
2902265,15.056,70.37,2019-03-08T13:53:00Z,0.0,0.0,0.0,4
2902265,15.056,70.37,2019-03-08T13:53:00Z,0.0,0.0,0.0,4
2902265,15.056,70.37,2019-03-08T13:53:00Z,0.0,0.0,0.0,4
2902265,15.056,70.37,2019-03-08T13:53:00Z,0.0,0.0,0.0,4
2902265,15.056,70.37,2019-03-08T13:53:00Z,0.0,0.0,0.0,4
2902265,15.056,70.37,2019-03-08T13:53:00Z,0.0,0.0,0.0,4
2902265,15.056,70.37,2019-03-08T13:53:00Z,0.0,0.0,0.0,4
2902265,15.056,70.37,2019-03-08T13:53:00Z,0.0,0.0,0.0,4
2902265,15.056,70.37,2019-03-08T13:53:00Z,0.0,0.0,0.0,4
2902265,15.056,70.37,2019-03-08T13:53:00Z,0.0,0.0,0.0,4
2902265,15.056,70.37,2019-03-08T13:53:00Z,0.0,0.0,0.0,4
2902265,15.056,70.37,2019-03-08T13:53:00Z,0.0,0.0,0.0,4
2902265,15.056,70.37,2019-03-08T13:53:00Z,0.0,0.0,0.0,4
2902265,15.056,70.37,2019-03-08T13:53:00Z,0.0,0.0,0.0,4
2902265,15.056,70.37,2019-03-08T13:53:00Z,0.0,0.0,0.0,4
2902265,15.056,70.37,2019-03-08T13:53:00Z,0.0,0.0,0.0,4
2902265,15.056,70.37,2019-03-08T13:53:00Z,0.0,0.0,0.0,4
2902265,15.056,70.37,2019-03-08T13:53:00Z,0.0,0.0,0.0,4
2902265,15.056,70.37,2019-03-08T13:53:00Z,0.0,0.0,0.0,4
2902265,15.056,70.37,2019-03-08T13:53:00Z,0.0,0.0,0.0,4
2902265,15.056,70.37,2019-03-08T13:53:00Z,0.0,0.0,0.0,4
2902265,15.056,70.37,2019-03-08T13:53:00Z,0.0,0.0,0.0,4
2902265,15.056,70.37,2019-03-08T13:53:00Z,0.0,0.0,0.0,4
2902265,15.056,70.37,2019-03-08T13:53:00Z,0.0,0.0,0.0,4
2902265,15.056,70.37,2019-03-08T13:53:00Z,0.0,0.0,0.0,4
2902265,15.056,70.37,2019-03-08T13:53:00Z,0.0,0.0,0.0,4
2902265,15.056,70.37,2019-03-08T13:53:00Z,0.0,0.0,0.0,4
2902265,15.056,70.37,2019-03-08T13:53:00Z,0.0,0.0,0.0,4
2902265,15.056,70.37,2019-03-08T13:53:00Z,0.0,0.0,0.0,4
2902265,15.056,70.37,2019-03-08T13:53:00Z,0.0,0.0,0.0,4
2902265,15.056,70.37,2019-03-08T13:53:00Z,0.0,0.0,0.0,4
2902265,15.056,70.37,2019-03-08T13:53:00Z,0.0,0.0,0.0,4
2902265,15.056,70.37,2019-03-08T13:53:00Z,0.0,0.0,0.0,4
2902265,15.056,70.37,2019-03-08T13:53:00Z,0.0,0.0,0.0,4
2902265,15.056,70.37,2019-03-08T13:53:00Z,0.0,0.0,0.0,4
2902265,15.056,70.37,2019-03-08T13:53:00Z,0.0,0.0,0.0,4
2902265,15.056,70.37,2019-03-08T13:53:00Z,0.0,0.0,0.0,4
2902265,15.056,70.37,2019-03-08T13:53:00Z,0.0,0.0,0.0,4
2902265,15.056,70.37,2019-03-08T13:53:00Z,0.0,0.0,0.0,4
2902265,15.056,70.37,2019-03-08T13:53:00Z,0.0,0.0,0.0,4
2902265,15.056,70.37,2019-03-08T13:53:00Z,0.0,0.0,0.0,4
2902265,15.056,70.37,2019-03-08T13:53:00Z,0.0,0.0,0.0,4
2902265,15.056,70.37,2019-03-08T13:53:00Z,0.0,0.0,0.0,4
2902265,15.056,70.37,2019-03-08T13:53:00Z,0.0,0.0,0.0,4
2902265,15.056,70.37,2019-03-08T13:53:00Z,0.0,0.0,0.0,4
2902265,15.056,70.37,2019-03-08T13:53:00Z,0.0,0.0,0.0,4
2902265,15.056,70.37,2019-03-08T13:53:00Z,0.0,0.0,0.0,4
2902265,15.056,70.37,2019-03-08T13:53:00Z,0.0,0.0,0.0,4
2902265,15.056,70.37,2019-03-08T13:53:00Z,0.0,0.0,0.0,4
2902265,15.056,70.37,2019-03-08T13:53:00Z,0.0,0.0,0.0,4
2902265,15.056,70.37,2019-03-08T13:53:00Z,0.0,0.0,0.0,4
2902265,15.056,70.37,2019-03-08T13:53:00Z,0.0,0.0,0.0,4
2902265,15.056,70.37,2019-03-08T13:53:00Z,0.0,0.0,0.0,4
2902265,15.056,70.37,2019-03-08T13:53:00Z,0.0,0.0,0.0,4
2902265,15.056,70.37,2019-03-08T13:53:00Z,0.0,0.0,0.0,4
2902265,15.056,70.37,2019-03-08T13:53:00Z,0.0,0.0,0.0,4
2902265,15.056,70.37,2019-03-08T13:53:00Z,0.0,0.0,0.0,4
2902265,15.056,70.37,2019-03-08T13:53:00Z,0.0,0.0,0.0,4
2902265,15.056,70.37,2019-03-08T13:53:00Z,0.0,0.0,0.0,4
2902265,15.056,70.37,2019-03-08T13:53:00Z,0.0,0.0,0.0,4
2902265,15.056,70.37,2019-03-08T13:53:00Z,0.0,0.0,0.0,4
2902265,15.056,70.37,2019-03-08T13:53:00Z,0.0,0.0,0.0,4
2902265,15.056,70.37,2019-03-08T13:53:00Z,0.0,0.0,0.0,4
2902265,15.056,70.37,2019-03-08T13:53:00Z,0.0,0.0,0.0,4
2902265,15.056,70.37,2019-03-08T13:53:00Z,0.0,0.0,0.0,4
2902265,15.056,70.37,2019-03-08T13:53:00Z,0.0,0.0,0.0,4
2902265,15.056,70.37,2019-03-08T13:53:00Z,0.0,0.0,0.0,4
2902265,15.056,70.37,2019-03-08T13:53:00Z,0.0,0.0,0.0,4
2902265,15.056,70.37,2019-03-08T13:53:00Z,0.0,0.0,0.0,4
2902265,15.056,70.37,2019-03-08T13:53:00Z,0.0,0.0,0.0,4
2902265,15.056,70.37,2019-03-08T13:53:00Z,0.0,0.0,0.0,4
2902265,15.056,70.37,2019-03-08T13:53:00Z,0.0,0.0,0.0,4
2902265,15.056,70.37,2019-03-08T13:53:00Z,0.0,0.0,0.0,4
2902265,15.056,70.37,2019-03-08T13:53:00Z,0.0,0.0,0.0,4
2902265,15.056,70.37,2019-03-08T13:53:00Z,0.0,0.0,0.0,4
2902265,15.056,70.37,2019-03-08T13:53:00Z,0.0,0.0,0.0,4
2902265,15.056,70.37,2019-03-08T13:53:00Z,0.0,0.0,0.0,4
2902265,15.056,70.37,2019-03-08T13:53:00Z,0.0,0.0,0.0,4
2902265,15.056,70.37,2019-03-08T13:53:00Z,0.0,0.0,0.0,4
2902265,15.056,70.37,2019-03-08T13:53:00Z,0.0,0.0,0.0,4
2902265,15.056,70.37,2019-03-08T13:53:00Z,0.0,0.0,0.0,4
2902265,15.056,70.37,2019-03-08T13:53:00Z,0.0,0.0,0.0,4
2902265,15.056,70.37,2019-03-08T13:53:00Z,0.0,0.0,0.0,4
2902265,15.056,70.37,2019-03-08T13:53:00Z,0.0,0.0,0.0,4
2902265,15.056,70.37,2019-03-08T13:53:00Z,0.0,0.0,0.0,4
2902265,15.056,70.37,2019-03-08T13:53:00Z,0.0,0.0,0.0,4
2902265,15.056,70.37,2019-03-08T13:53:00Z,0.0,0.0,0.0,4
2902265,15.056,70.37,2019-03-08T13:53:00Z,0.0,0.0,0.0,4
2902265,15.056,70.37,2019-03-08T13:53:00Z,0.0,0.0,0.0,4
2902265,15.056,70.37,2019-03-08T13:53:00Z,0.0,0.0,0.0,4
2902265,15.056,70.37,2019-03-08T13:53:00Z,0.0,0.0,0.0,4
2902265,15.056,70.37,2019-03-08T13:53:00Z,0.0,0.0,0.0,4
2902265,15.056,70.37,2019-03-08T13:53:00Z,0.0,0.0,0.0,4
2902265,15.056,70.37,2019-03-08T13:53:00Z,0.0,0.0,0.0,4
2902265,15.056,70.37,2019-03-08T13:53:00Z,0.0,0.0,0.0,4
2902265,15.056,70.37,2019-03-08T13:53:00Z,0.0,0.0,0.0,4
2902265,15.056,70.37,2019-03-08T13:53:00Z,0.0,0.0,0.0,4
2902265,15.056,70.37,2019-03-08T13:53:00Z,0.0,0.0,0.0,4
2902265,15.056,70.37,2019-03-08T13:53:00Z,0.0,0.0,0.0,4
2902265,15.056,70.37,2019-03-08T13:53:00Z,0.0,0.0,0.0,4
2902265,15.056,70.37,2019-03-08T13:53:00Z,0.0,0.0,0.0,4
2902265,15.056,70.37,2019-03-08T13:53:00Z,0.0,0.0,0.0,4
2902265,15.056,70.37,2019-03-08T13:53:00Z,0.0,0.0,0.0,4
2902265,15.056,70.37,2019-03-08T13:53:00Z,0.0,0.0,0.0,4
2902265,15.056,70.37,2019-03-08T13:53:00Z,0.0,0.0,0.0,4
2902265,15.056,70.37,2019-03-08T13:53:00Z,0.0,0.0,0.0,4
2902265,15.056,70.37,2019-03-08T13:53:00Z,0.0,0.0,0.0,4
2902265,15.056,70.37,2019-03-08T13:53:00Z,0.0,0.0,0.0,4
2902265,15.056,70.37,2019-03-08T13:53:00Z,0.0,0.0,0.0,4
2902265,15.056,70.37,2019-03-08T13:53:00Z,0.0,0.0,0.0,4
2902265,15.056,70.37,2019-03-08T13:53:00Z,0.0,0.0,0.0,4
2902265,15.056,70.37,2019-03-08T13:53:00Z,0.0,0.0,0.0,4
2902265,15.056,70.37,2019-03-08T13:53:00Z,0.0,0.0,0.0,4
2902265,15.056,70.37,2019-03-08T13:53:00Z,0.0,0.0,0.0,4
2902265,15.056,70.37,2019-03-08T13:53:00Z,0.0,0.0,0.0,4
2902265,15.056,70.37,2019-03-08T13:53:00Z,0.0,0.0,0.0,4
2902265,15.056,70.37,2019-03-08T13:53:00Z,0.0,0.0,0.0,4
2902265,15.056,70.37,2019-03-08T13:53:00Z,0.0,0.0,0.0,4
2902265,15.056,70.37,2019-03-08T13:53:00Z,0.0,0.0,0.0,4
2902265,15.056,70.37,2019-03-08T13:53:00Z,0.0,0.0,0.0,4
2902265,15.056,70.37,2019-03-08T13:53:00Z,0.0,0.0,0.0,4
2902265,15.056,70.37,2019-03-08T13:53:00Z,0.0,0.0,0.0,4
2902265,15.056,70.37,2019-03-08T13:53:00Z,0.0,0.0,0.0,4
2902265,15.056,70.37,2019-03-08T13:53:00Z,0.0,0.0,0.0,4
2902265,15.056,70.37,2019-03-08T13:53:00Z,0.0,0.0,0.0,4
2902265,15.056,70.37,2019-03-08T13:53:00Z,0.0,0.0,0.0,4
2902265,15.056,70.37,2019-03-08T13:53:00Z,0.0,0.0,0.0,4
2902265,15.056,70.37,2019-03-08T13:53:00Z,0.0,0.0,0.0,4
2902265,15.056,70.37,2019-03-08T13:53:00Z,0.0,0.0,0.0,4
2902265,15.056,70.37,2019-03-08T13:53:00Z,0.0,0.0,0.0,4
2902265,15.056,70.37,2019-03-08T13:53:00Z,0.0,0.0,0.0,4
2902265,15.056,70.37,2019-03-08T13:53:00Z,0.0,0.0,0.0,4
2902265,15.056,70.37,2019-03-08T13:53:00Z,0.0,0.0,0.0,4
2902265,15.056,70.37,2019-03-08T13:53:00Z,0.0,0.0,0.0,4
2902265,15.056,70.37,2019-03-08T13:53:00Z,0.0,0.0,0.0,4
2902265,15.056,70.37,2019-03-08T13:53:00Z,0.0,0.0,0.0,4
2902265,15.056,70.37,2019-03-08T13:53:00Z,0.0,0.0,0.0,4
2902265,15.056,70.37,2019-03-08T13:53:00Z,0.0,0.0,0.0,4
2902265,15.056,70.37,2019-03-08T13:53:00Z,0.0,0.0,0.0,4
2902265,15.056,70.37,2019-03-08T13:53:00Z,0.0,0.0,0.0,4
2902265,15.056,70.37,2019-03-08T13:53:00Z,0.0,0.0,0.0,4
2902265,15.056,70.37,2019-03-08T13:53:00Z,0.0,0.0,0.0,4
2902265,15.056,70.37,2019-03-08T13:53:00Z,0.0,0.0,0.0,4
2902265,15.056,70.37,2019-03-08T13:53:00Z,0.0,0.0,0.0,4
2902265,15.056,70.37,2019-03-08T13:53:00Z,0.0,0.0,0.0,4
2902265,15.056,70.37,2019-03-08T13:53:00Z,0.0,0.0,0.0,4
2902265,15.056,70.37,2019-03-08T13:53:00Z,0.0,0.0,0.0,4
2902265,15.056,70.37,2019-03-08T13:53:00Z,0.0,0.0,0.0,4
2902265,15.056,70.37,2019-03-08T13:53:00Z,0.0,0.0,0.0,4
2902265,15.056,70.37,2019-03-08T13:53:00Z,0.0,0.0,0.0,4
2902265,15.056,70.37,2019-03-08T13:53:00Z,0.0,0.0,0.0,4
2902265,15.056,70.37,2019-03-08T13:53:00Z,0.0,0.0,0.0,4
2902265,15.056,70.37,2019-03-08T13:53:00Z,0.0,0.0,0.0,4
2902265,15.056,70.37,2019-03-08T13:53:00Z,0.0,0.0,0.0,4
2902265,15.056,70.37,2019-03-08T13:53:00Z,0.0,0.0,0.0,4
2902265,15.056,70.37,2019-03-08T13:53:00Z,0.0,0.0,0.0,4
2902265,15.056,70.37,2019-03-08T13:53:00Z,0.0,0.0,0.0,4
2902265,15.056,70.37,2019-03-08T13:53:00Z,0.0,0.0,0.0,4
2902265,15.056,70.37,2019-03-08T13:53:00Z,0.0,0.0,0.0,4
2902265,15.056,70.37,2019-03-08T13:53:00Z,0.0,0.0,0.0,4
2902265,15.056,70.37,2019-03-08T13:53:00Z,0.0,0.0,0.0,4
2902265,15.056,70.37,2019-03-08T13:53:00Z,0.0,0.0,0.0,4
2902265,15.056,70.37,2019-03-08T13:53:00Z,0.0,0.0,0.0,4
2902265,15.056,70.37,2019-03-08T13:53:00Z,0.0,0.0,0.0,4
2902265,15.056,70.37,2019-03-08T13:53:00Z,0.0,0.0,0.0,4
2902265,15.056,70.37,2019-03-08T13:53:00Z,0.0,0.0,0.0,4
2902265,15.056,70.37,2019-03-08T13:53:00Z,0.0,0.0,0.0,4
2902265,15.056,70.37,2019-03-08T13:53:00Z,0.0,0.0,0.0,4
2902265,15.056,70.37,2019-03-08T13:53:00Z,0.0,0.0,0.0,4
2902265,15.056,70.37,2019-03-08T13:53:00Z,0.0,0.0,0.0,4
2902265,15.056,70.37,2019-03-08T13:53:00Z,0.0,0.0,0.0,4
2902265,15.056,70.37,2019-03-08T13:53:00Z,0.0,0.0,0.0,4
2902265,15.056,70.37,2019-03-08T13:53:00Z,0.0,0.0,0.0,4
2902265,15.056,70.37,2019-03-08T13:53:00Z,0.0,0.0,0.0,4
2902265,15.056,70.37,2019-03-08T13:53:00Z,0.0,0.0,0.0,4
2902265,15.056,70.37,2019-03-08T13:53:00Z,0.0,0.0,0.0,4
2902265,15.056,70.37,2019-03-08T13:53:00Z,0.0,0.0,0.0,4
2902265,15.056,70.37,2019-03-08T13:53:00Z,0.0,0.0,0.0,4
2902265,15.056,70.37,2019-03-08T13:53:00Z,0.0,0.0,0.0,4
2902265,15.056,70.37,2019-03-08T13:53:00Z,0.0,0.0,0.0,4
2902265,15.056,70.37,2019-03-08T13:53:00Z,0.0,0.0,0.0,4
2902265,15.056,70.37,2019-03-08T13:53:00Z,0.0,0.0,0.0,4
2902265,15.056,70.37,2019-03-08T13:53:00Z,0.0,0.0,0.0,4
2902265,15.056,70.37,2019-03-08T13:53:00Z,0.0,0.0,0.0,4
2902265,15.056,70.37,2019-03-08T13:53:00Z,0.0,0.0,0.0,4
2902265,15.056,70.37,2019-03-08T13:53:00Z,0.0,0.0,0.0,4
2902265,15.056,70.37,2019-03-08T13:53:00Z,0.0,0.0,0.0,4
2902265,15.056,70.37,2019-03-08T13:53:00Z,0.0,0.0,0.0,4
2902265,15.056,70.37,2019-03-08T13:53:00Z,0.0,0.0,0.0,4
2902265,15.056,70.37,2019-03-08T13:53:00Z,0.0,0.0,0.0,4
2902265,15.056,70.37,2019-03-08T13:53:00Z,0.0,0.0,0.0,4
2902265,15.056,70.37,2019-03-08T13:53:00Z,0.0,0.0,0.0,4
2902265,15.056,70.37,2019-03-08T13:53:00Z,0.0,0.0,0.0,4
2902265,15.056,70.37,2019-03-08T13:53:00Z,0.0,0.0,0.0,4
2902265,15.056,70.37,2019-03-08T13:53:00Z,0.0,0.0,0.0,4
2902265,15.056,70.37,2019-03-08T13:53:00Z,0.0,0.0,0.0,4
2902265,15.056,70.37,2019-03-08T13:53:00Z,0.0,0.0,0.0,4
2902265,15.056,70.37,2019-03-08T13:53:00Z,0.0,0.0,0.0,4
2902265,15.056,70.37,2019-03-08T13:53:00Z,0.0,0.0,0.0,4
2902265,15.056,70.37,2019-03-08T13:53:00Z,0.0,0.0,0.0,4
2902265,15.056,70.37,2019-03-08T13:53:00Z,0.0,0.0,0.0,4
2902265,15.056,70.37,2019-03-08T13:53:00Z,0.0,0.0,0.0,4
2902265,15.056,70.37,2019-03-08T13:53:00Z,0.0,0.0,0.0,4
2902265,15.056,70.37,2019-03-08T13:53:00Z,0.0,0.0,0.0,4
2902265,15.056,70.37,2019-03-08T13:53:00Z,0.0,0.0,0.0,4
2902265,15.056,70.37,2019-03-08T13:53:00Z,0.0,0.0,0.0,4
2902265,15.056,70.37,2019-03-08T13:53:00Z,0.0,0.0,0.0,4
2902265,15.056,70.37,2019-03-08T13:53:00Z,0.0,0.0,0.0,4
2902265,15.056,70.37,2019-03-08T13:53:00Z,0.0,0.0,0.0,4
2902265,15.056,70.37,2019-03-08T13:53:00Z,0.0,0.0,0.0,4
2902265,15.056,70.37,2019-03-08T13:53:00Z,0.0,0.0,0.0,4
2902265,15.056,70.37,2019-03-08T13:53:00Z,0.0,0.0,0.0,4
2902265,15.056,70.37,2019-03-08T13:53:00Z,0.0,0.0,0.0,4
2902265,15.056,70.37,2019-03-08T13:53:00Z,0.0,0.0,0.0,4
2902265,15.056,70.37,2019-03-08T13:53:00Z,0.0,0.0,0.0,4
2902265,15.056,70.37,2019-03-08T13:53:00Z,0.0,0.0,0.0,4
2902265,15.056,70.37,2019-03-08T13:53:00Z,0.0,0.0,0.0,4
2902265,15.056,70.37,2019-03-08T13:53:00Z,0.0,0.0,0.0,4
2902265,15.056,70.37,2019-03-08T13:53:00Z,0.0,0.0,0.0,4
2902265,15.056,70.37,2019-03-08T13:53:00Z,0.0,0.0,0.0,4
2902265,15.056,70.37,2019-03-08T13:53:00Z,0.0,0.0,0.0,4
2902265,15.056,70.37,2019-03-08T13:53:00Z,0.0,0.0,0.0,4
2902265,15.056,70.37,2019-03-08T13:53:00Z,0.0,0.0,0.0,4
2902265,15.056,70.37,2019-03-08T13:53:00Z,0.0,0.0,0.0,4
2902265,15.056,70.37,2019-03-08T13:53:00Z,0.0,0.0,0.0,4
2902265,15.056,70.37,2019-03-08T13:53:00Z,0.0,0.0,0.0,4
2902265,15.056,70.37,2019-03-08T13:53:00Z,0.0,0.0,0.0,4
2902265,15.056,70.37,2019-03-08T13:53:00Z,0.0,0.0,0.0,4
2902265,15.056,70.37,2019-03-08T13:53:00Z,0.0,0.0,0.0,4
2902265,15.056,70.37,2019-03-08T13:53:00Z,0.0,0.0,0.0,4
2902265,15.056,70.37,2019-03-08T13:53:00Z,0.0,0.0,0.0,4
2902265,15.056,70.37,2019-03-08T13:53:00Z,0.0,0.0,0.0,4
2902265,15.056,70.37,2019-03-08T13:53:00Z,0.0,0.0,0.0,4
2902265,15.056,70.37,2019-03-08T13:53:00Z,27.642,36.389,1.0,4
2902265,15.056,70.37,2019-03-08T13:53:00Z,27.642,36.389,2.0,1
2902265,15.056,70.37,2019-03-08T13:53:00Z,27.643,36.39,3.0,1
2902265,15.056,70.37,2019-03-08T13:53:00Z,27.647,36.389,4.0,1
2902265,15.056,70.37,2019-03-08T13:53:00Z,27.646,36.39,5.0,1
2902265,15.056,70.37,2019-03-08T13:53:00Z,27.643,36.393,6.0,1
2901340,14.65,66.779,2019-03-08T15:45:18Z,27.924,35.974,4.4,1
2902245,2.3843283333333334,91.13617333333333,2019-03-08T17:23:00Z,30.063,34.844,5.5,1
2902244,1.3222633333333333,75.54862833333334,2019-03-08T17:31:00Z,29.335,34.699,5.5,1
2902230,12.9,83.65,2019-03-09T04:03:21Z,28.486,33.315,0.1,1
2902230,12.9,83.65,2019-03-09T04:03:21Z,28.333,33.402,0.8,1
2902230,12.9,83.65,2019-03-09T04:03:21Z,28.289,33.431,1.8,1
2902230,12.9,83.65,2019-03-09T04:03:21Z,28.278,33.434,3.0,1
2902230,12.9,83.65,2019-03-09T04:03:21Z,28.27,33.438,3.9,1
2902230,12.9,83.65,2019-03-09T04:03:21Z,28.265,33.442,4.8,1
2902230,12.9,83.65,2019-03-09T04:03:21Z,28.266,33.441,5.7,1
2902128,11.286438333333333,65.74168333333333,2019-03-09T06:28:00Z,28.679,34.985,6.0,1
2901337,16.697,70.779,2019-03-09T10:54:12Z,27.074,36.439,4.7,1
2902238,0.7710016666666667,83.52056666666667,2019-03-09T17:37:00Z,29.721,34.793,5.5,1
2902174,14.877,72.127,2019-03-09T21:09:40Z,28.063,35.695,2.6,1
2902174,14.877,72.127,2019-03-09T21:09:40Z,28.063,35.696,4.0,1
2902174,14.877,72.127,2019-03-09T21:09:40Z,28.065,35.696,6.0,1
2902211,17.243,65.627,2019-03-09T22:03:17Z,26.773,36.67,2.9,1
2902211,17.243,65.627,2019-03-09T22:03:17Z,26.774,36.671,4.0,1
2902211,17.243,65.627,2019-03-09T22:03:17Z,26.782,36.671,6.0,1
2902211,17.243,65.627,2019-03-09T22:03:17Z,0.0,0.0,0.0,4
2902211,17.243,65.627,2019-03-09T22:03:17Z,0.0,0.0,0.0,4
2902204,20.045,62.807,2019-03-09T22:05:10Z,25.582,36.332,2.9,1
2902204,20.045,62.807,2019-03-09T22:05:10Z,25.582,36.333,4.0,1
2902204,20.045,62.807,2019-03-09T22:05:10Z,25.583,36.333,6.0,1
2902210,17.404,66.331,2019-03-09T22:14:46Z,26.924,36.593,2.9,1
2902210,17.404,66.331,2019-03-09T22:14:46Z,26.92,36.594,4.0,1
2902210,17.404,66.331,2019-03-09T22:14:46Z,26.922,36.594,6.0,1
2902210,17.404,66.331,2019-03-09T22:14:46Z,0.0,0.0,0.0,4
2902210,17.404,66.331,2019-03-09T22:14:46Z,0.0,0.0,0.0,4
2902210,17.404,66.331,2019-03-09T22:14:46Z,0.0,0.0,0.0,4
2902202,17.418,69.806,2019-03-09T22:54:36Z,26.509,36.494,3.0,1
2902202,17.418,69.806,2019-03-09T22:54:36Z,26.513,36.494,4.0,1
2902202,17.418,69.806,2019-03-09T22:54:36Z,26.516,36.494,6.0,1
2902205,17.734,70.103,2019-03-09T22:59:17Z,26.252,36.543,4.0,1
2902205,17.734,70.103,2019-03-09T22:59:17Z,26.252,36.543,6.0,1
2902205,17.734,70.103,2019-03-09T22:59:17Z,0.0,0.0,0.0,4
2902175,14.402,69.117,2019-03-09T23:07:37Z,27.764,34.585,4.2,4
2902175,14.402,69.117,2019-03-09T23:07:37Z,27.759,34.585,5.9,4
2902175,14.402,69.117,2019-03-09T23:07:37Z,0.0,0.0,0.0,4
2902233,14.6,85.58333333333333,2019-03-10T04:03:34Z,28.652,34.292,0.4,1
2902233,14.6,85.58333333333333,2019-03-10T04:03:34Z,28.596,34.322,1.2,1
2902233,14.6,85.58333333333333,2019-03-10T04:03:34Z,28.577,34.329,2.1,1
2902233,14.6,85.58333333333333,2019-03-10T04:03:34Z,28.564,34.335,2.9,1
2902233,14.6,85.58333333333333,2019-03-10T04:03:34Z,28.548,34.348,3.9,1
2902233,14.6,85.58333333333333,2019-03-10T04:03:34Z,28.524,34.357,4.8,1
2902233,14.6,85.58333333333333,2019-03-10T04:03:34Z,28.514,34.353,5.8,1
2902234,12.216666666666667,88.31666666666666,2019-03-10T04:06:10Z,28.278,32.715,0.3,1
2902234,12.216666666666667,88.31666666666666,2019-03-10T04:06:10Z,28.245,32.72,0.9,1
2902234,12.216666666666667,88.31666666666666,2019-03-10T04:06:10Z,28.212,32.736,2.0,1
2902234,12.216666666666667,88.31666666666666,2019-03-10T04:06:10Z,28.206,32.732,2.8,1
2902234,12.216666666666667,88.31666666666666,2019-03-10T04:06:10Z,28.185,32.741,3.6,1
2902234,12.216666666666667,88.31666666666666,2019-03-10T04:06:10Z,28.174,32.748,4.9,1
2902232,12.016666666666667,87.05,2019-03-10T04:08:49Z,29.1,35.244,0.3,4
2902232,12.016666666666667,87.05,2019-03-10T04:08:49Z,29.091,35.244,1.1,4
2902232,12.016666666666667,87.05,2019-03-10T04:08:49Z,29.085,35.233,1.9,4
2902232,12.016666666666667,87.05,2019-03-10T04:08:49Z,29.052,35.253,2.7,4
2902232,12.016666666666667,87.05,2019-03-10T04:08:49Z,29.045,35.256,3.6,4
2902232,12.016666666666667,87.05,2019-03-10T04:08:49Z,29.024,35.264,4.9,4
2902235,14.366666666666667,91.71666666666667,2019-03-10T04:10:26Z,27.58,31.763,0.1,1
2902235,14.366666666666667,91.71666666666667,2019-03-10T04:10:26Z,27.413,31.86,0.9,1
2902235,14.366666666666667,91.71666666666667,2019-03-10T04:10:26Z,27.37,31.876,1.9,1
2902235,14.366666666666667,91.71666666666667,2019-03-10T04:10:26Z,27.358,31.88,2.9,1
2902235,14.366666666666667,91.71666666666667,2019-03-10T04:10:26Z,27.345,31.888,4.0,1
2902235,14.366666666666667,91.71666666666667,2019-03-10T04:10:26Z,27.337,31.889,5.1,1
2901338,16.757,65.604,2019-03-10T13:46:43Z,27.099,36.617,4.5,1
2902152,3.044,83.72,2019-03-10T15:21:46Z,29.679,34.965,4.4,1
2902263,18.018438333333332,65.42710166666667,2019-03-10T17:18:00Z,25.945,36.684,5.5,1
2901339,13.685,68.605,2019-03-10T23:02:06Z,27.867,35.958,4.2,1
2902239,0.9220383333333333,82.92063166666667,2019-03-11T17:27:00Z,29.728,34.707,5.4,1
2902264,15.309208333333334,85.69236833333333,2019-03-11T17:38:00Z,28.316,32.088,5.5,1
2902200,12.675,65.302,2019-03-11T23:13:45Z,27.912,36.108,4.7,1
2902255,14.501,61.802,2019-03-12T08:02:00Z,26.895,36.195,0.0,4
2902255,14.501,61.802,2019-03-12T08:02:00Z,0.0,0.0,0.0,4
2902255,14.501,61.802,2019-03-12T08:02:00Z,0.0,0.0,0.0,4
2902255,14.501,61.802,2019-03-12T08:02:00Z,0.0,0.0,0.0,4
2902255,14.501,61.802,2019-03-12T08:02:00Z,0.0,0.0,0.0,4
2902255,14.501,61.802,2019-03-12T08:02:00Z,0.0,0.0,0.0,4
2902255,14.501,61.802,2019-03-12T08:02:00Z,0.0,0.0,0.0,4
2902255,14.501,61.802,2019-03-12T08:02:00Z,0.0,0.0,0.0,4
2902255,14.501,61.802,2019-03-12T08:02:00Z,0.0,0.0,0.0,4
2902255,14.501,61.802,2019-03-12T08:02:00Z,0.0,0.0,0.0,4
2902255,14.501,61.802,2019-03-12T08:02:00Z,0.0,0.0,0.0,4
2902255,14.501,61.802,2019-03-12T08:02:00Z,0.0,0.0,0.0,4
2902255,14.501,61.802,2019-03-12T08:02:00Z,0.0,0.0,0.0,4
2902255,14.501,61.802,2019-03-12T08:02:00Z,0.0,0.0,0.0,4
2902255,14.501,61.802,2019-03-12T08:02:00Z,0.0,0.0,0.0,4
2902255,14.501,61.802,2019-03-12T08:02:00Z,0.0,0.0,0.0,4
2902255,14.501,61.802,2019-03-12T08:02:00Z,0.0,0.0,0.0,4
2902255,14.501,61.802,2019-03-12T08:02:00Z,0.0,0.0,0.0,4
2902255,14.501,61.802,2019-03-12T08:02:00Z,0.0,0.0,0.0,4
2902255,14.501,61.802,2019-03-12T08:02:00Z,0.0,0.0,0.0,4
2902255,14.501,61.802,2019-03-12T08:02:00Z,0.0,0.0,0.0,4
2902255,14.501,61.802,2019-03-12T08:02:00Z,0.0,0.0,0.0,4
2902255,14.501,61.802,2019-03-12T08:02:00Z,0.0,0.0,0.0,4
2902255,14.501,61.802,2019-03-12T08:02:00Z,0.0,0.0,0.0,4
2902255,14.501,61.802,2019-03-12T08:02:00Z,0.0,0.0,0.0,4
2902255,14.501,61.802,2019-03-12T08:02:00Z,0.0,0.0,0.0,4
2902255,14.501,61.802,2019-03-12T08:02:00Z,0.0,0.0,0.0,4
2902255,14.501,61.802,2019-03-12T08:02:00Z,0.0,0.0,0.0,4
2902255,14.501,61.802,2019-03-12T08:02:00Z,0.0,0.0,0.0,4
2902255,14.501,61.802,2019-03-12T08:02:00Z,0.0,0.0,0.0,4
2902255,14.501,61.802,2019-03-12T08:02:00Z,0.0,0.0,0.0,4
2902255,14.501,61.802,2019-03-12T08:02:00Z,0.0,0.0,0.0,4
2902255,14.501,61.802,2019-03-12T08:02:00Z,0.0,0.0,0.0,4
2902255,14.501,61.802,2019-03-12T08:02:00Z,0.0,0.0,0.0,4
2902255,14.501,61.802,2019-03-12T08:02:00Z,0.0,0.0,0.0,4
2902255,14.501,61.802,2019-03-12T08:02:00Z,0.0,0.0,0.0,4
2902255,14.501,61.802,2019-03-12T08:02:00Z,0.0,0.0,0.0,4
2902255,14.501,61.802,2019-03-12T08:02:00Z,0.0,0.0,0.0,4
2902255,14.501,61.802,2019-03-12T08:02:00Z,0.0,0.0,0.0,4
2902255,14.501,61.802,2019-03-12T08:02:00Z,0.0,0.0,0.0,4
2902255,14.501,61.802,2019-03-12T08:02:00Z,0.0,0.0,0.0,4
2902255,14.501,61.802,2019-03-12T08:02:00Z,0.0,0.0,0.0,4
2902255,14.501,61.802,2019-03-12T08:02:00Z,0.0,0.0,0.0,4
2902255,14.501,61.802,2019-03-12T08:02:00Z,0.0,0.0,0.0,4
2902255,14.501,61.802,2019-03-12T08:02:00Z,0.0,0.0,0.0,4
2902255,14.501,61.802,2019-03-12T08:02:00Z,0.0,0.0,0.0,4
2902255,14.501,61.802,2019-03-12T08:02:00Z,0.0,0.0,0.0,4
2902255,14.501,61.802,2019-03-12T08:02:00Z,0.0,0.0,0.0,4
2902255,14.501,61.802,2019-03-12T08:02:00Z,0.0,0.0,0.0,4
2902255,14.501,61.802,2019-03-12T08:02:00Z,0.0,0.0,0.0,4
2902255,14.501,61.802,2019-03-12T08:02:00Z,0.0,0.0,0.0,4
2902255,14.501,61.802,2019-03-12T08:02:00Z,0.0,0.0,0.0,4
2902255,14.501,61.802,2019-03-12T08:02:00Z,0.0,0.0,0.0,4
2902255,14.501,61.802,2019-03-12T08:02:00Z,0.0,0.0,0.0,4
2902255,14.501,61.802,2019-03-12T08:02:00Z,0.0,0.0,0.0,4
2902255,14.501,61.802,2019-03-12T08:02:00Z,0.0,0.0,0.0,4
2902255,14.501,61.802,2019-03-12T08:02:00Z,0.0,0.0,0.0,4
2902255,14.501,61.802,2019-03-12T08:02:00Z,0.0,0.0,0.0,4
2902255,14.501,61.802,2019-03-12T08:02:00Z,0.0,0.0,0.0,4
2902255,14.501,61.802,2019-03-12T08:02:00Z,0.0,0.0,0.0,4
2902255,14.501,61.802,2019-03-12T08:02:00Z,0.0,0.0,0.0,4
2902255,14.501,61.802,2019-03-12T08:02:00Z,0.0,0.0,0.0,4
2902255,14.501,61.802,2019-03-12T08:02:00Z,0.0,0.0,0.0,4
2902255,14.501,61.802,2019-03-12T08:02:00Z,0.0,0.0,0.0,4
2902255,14.501,61.802,2019-03-12T08:02:00Z,0.0,0.0,0.0,4
2902255,14.501,61.802,2019-03-12T08:02:00Z,0.0,0.0,0.0,4
2902255,14.501,61.802,2019-03-12T08:02:00Z,0.0,0.0,0.0,4
2902255,14.501,61.802,2019-03-12T08:02:00Z,0.0,0.0,0.0,4
2902255,14.501,61.802,2019-03-12T08:02:00Z,0.0,0.0,0.0,4
2902255,14.501,61.802,2019-03-12T08:02:00Z,0.0,0.0,0.0,4
2902255,14.501,61.802,2019-03-12T08:02:00Z,0.0,0.0,0.0,4
2902255,14.501,61.802,2019-03-12T08:02:00Z,0.0,0.0,0.0,4
2902255,14.501,61.802,2019-03-12T08:02:00Z,0.0,0.0,0.0,4
2902255,14.501,61.802,2019-03-12T08:02:00Z,0.0,0.0,0.0,4
2902255,14.501,61.802,2019-03-12T08:02:00Z,0.0,0.0,0.0,4
2902255,14.501,61.802,2019-03-12T08:02:00Z,0.0,0.0,0.0,4
2902255,14.501,61.802,2019-03-12T08:02:00Z,0.0,0.0,0.0,4
2902255,14.501,61.802,2019-03-12T08:02:00Z,0.0,0.0,0.0,4
2902255,14.501,61.802,2019-03-12T08:02:00Z,0.0,0.0,0.0,4
2902255,14.501,61.802,2019-03-12T08:02:00Z,0.0,0.0,0.0,4
2902255,14.501,61.802,2019-03-12T08:02:00Z,0.0,0.0,0.0,4
2902255,14.501,61.802,2019-03-12T08:02:00Z,0.0,0.0,0.0,4
2902255,14.501,61.802,2019-03-12T08:02:00Z,0.0,0.0,0.0,4
2902255,14.501,61.802,2019-03-12T08:02:00Z,0.0,0.0,0.0,4
2902255,14.501,61.802,2019-03-12T08:02:00Z,0.0,0.0,0.0,4
2902255,14.501,61.802,2019-03-12T08:02:00Z,0.0,0.0,0.0,4
2902255,14.501,61.802,2019-03-12T08:02:00Z,0.0,0.0,0.0,4
2902255,14.501,61.802,2019-03-12T08:02:00Z,0.0,0.0,0.0,4
2902255,14.501,61.802,2019-03-12T08:02:00Z,0.0,0.0,0.0,4
2902255,14.501,61.802,2019-03-12T08:02:00Z,0.0,0.0,0.0,4
2902255,14.501,61.802,2019-03-12T08:02:00Z,0.0,0.0,0.0,4
2902255,14.501,61.802,2019-03-12T08:02:00Z,0.0,0.0,0.0,4
2902255,14.501,61.802,2019-03-12T08:02:00Z,0.0,0.0,0.0,4
2902255,14.501,61.802,2019-03-12T08:02:00Z,0.0,0.0,0.0,4
2902255,14.501,61.802,2019-03-12T08:02:00Z,0.0,0.0,0.0,4
2902255,14.501,61.802,2019-03-12T08:02:00Z,0.0,0.0,0.0,4
2902255,14.501,61.802,2019-03-12T08:02:00Z,0.0,0.0,0.0,4
2902255,14.501,61.802,2019-03-12T08:02:00Z,0.0,0.0,0.0,4
2902255,14.501,61.802,2019-03-12T08:02:00Z,0.0,0.0,0.0,4
2902255,14.501,61.802,2019-03-12T08:02:00Z,0.0,0.0,0.0,4
2902255,14.501,61.802,2019-03-12T08:02:00Z,0.0,0.0,0.0,4
2902255,14.501,61.802,2019-03-12T08:02:00Z,0.0,0.0,0.0,4
2902255,14.501,61.802,2019-03-12T08:02:00Z,0.0,0.0,0.0,4
2902255,14.501,61.802,2019-03-12T08:02:00Z,0.0,0.0,0.0,4
2902255,14.501,61.802,2019-03-12T08:02:00Z,0.0,0.0,0.0,4
2902255,14.501,61.802,2019-03-12T08:02:00Z,0.0,0.0,0.0,4
2902255,14.501,61.802,2019-03-12T08:02:00Z,0.0,0.0,0.0,4
2902255,14.501,61.802,2019-03-12T08:02:00Z,0.0,0.0,0.0,4
2902255,14.501,61.802,2019-03-12T08:02:00Z,0.0,0.0,0.0,4
2902255,14.501,61.802,2019-03-12T08:02:00Z,0.0,0.0,0.0,4
2902255,14.501,61.802,2019-03-12T08:02:00Z,0.0,0.0,0.0,4
2902255,14.501,61.802,2019-03-12T08:02:00Z,0.0,0.0,0.0,4
2902255,14.501,61.802,2019-03-12T08:02:00Z,0.0,0.0,0.0,4
2902255,14.501,61.802,2019-03-12T08:02:00Z,0.0,0.0,0.0,4
2902255,14.501,61.802,2019-03-12T08:02:00Z,0.0,0.0,0.0,4
2902255,14.501,61.802,2019-03-12T08:02:00Z,0.0,0.0,0.0,4
2902255,14.501,61.802,2019-03-12T08:02:00Z,0.0,0.0,0.0,4
2902255,14.501,61.802,2019-03-12T08:02:00Z,0.0,0.0,0.0,4
2902255,14.501,61.802,2019-03-12T08:02:00Z,0.0,0.0,0.0,4
2902255,14.501,61.802,2019-03-12T08:02:00Z,0.0,0.0,0.0,4
2902255,14.501,61.802,2019-03-12T08:02:00Z,0.0,0.0,0.0,4
2902255,14.501,61.802,2019-03-12T08:02:00Z,0.0,0.0,0.0,4
2902255,14.501,61.802,2019-03-12T08:02:00Z,0.0,0.0,0.0,4
2902255,14.501,61.802,2019-03-12T08:02:00Z,0.0,0.0,0.0,4
2902255,14.501,61.802,2019-03-12T08:02:00Z,0.0,0.0,0.0,4
2902255,14.501,61.802,2019-03-12T08:02:00Z,0.0,0.0,0.0,4
2902255,14.501,61.802,2019-03-12T08:02:00Z,0.0,0.0,0.0,4
2902255,14.501,61.802,2019-03-12T08:02:00Z,0.0,0.0,0.0,4
2902255,14.501,61.802,2019-03-12T08:02:00Z,0.0,0.0,0.0,4
2902255,14.501,61.802,2019-03-12T08:02:00Z,0.0,0.0,0.0,4
2902255,14.501,61.802,2019-03-12T08:02:00Z,0.0,0.0,0.0,4
2902255,14.501,61.802,2019-03-12T08:02:00Z,0.0,0.0,0.0,4
2902255,14.501,61.802,2019-03-12T08:02:00Z,0.0,0.0,0.0,4
2902255,14.501,61.802,2019-03-12T08:02:00Z,0.0,0.0,0.0,4
2902255,14.501,61.802,2019-03-12T08:02:00Z,0.0,0.0,0.0,4
2902255,14.501,61.802,2019-03-12T08:02:00Z,0.0,0.0,0.0,4
2902255,14.501,61.802,2019-03-12T08:02:00Z,0.0,0.0,0.0,4
2902255,14.501,61.802,2019-03-12T08:02:00Z,0.0,0.0,0.0,4
2902255,14.501,61.802,2019-03-12T08:02:00Z,0.0,0.0,0.0,4
2902255,14.501,61.802,2019-03-12T08:02:00Z,0.0,0.0,0.0,4
2902255,14.501,61.802,2019-03-12T08:02:00Z,0.0,0.0,0.0,4
2902255,14.501,61.802,2019-03-12T08:02:00Z,0.0,0.0,0.0,4
2902255,14.501,61.802,2019-03-12T08:02:00Z,0.0,0.0,0.0,4
2902255,14.501,61.802,2019-03-12T08:02:00Z,0.0,0.0,0.0,4
2902255,14.501,61.802,2019-03-12T08:02:00Z,0.0,0.0,0.0,4
2902255,14.501,61.802,2019-03-12T08:02:00Z,0.0,0.0,0.0,4
2902255,14.501,61.802,2019-03-12T08:02:00Z,0.0,0.0,0.0,4
2902255,14.501,61.802,2019-03-12T08:02:00Z,0.0,0.0,0.0,4
2902255,14.501,61.802,2019-03-12T08:02:00Z,0.0,0.0,0.0,4
2902255,14.501,61.802,2019-03-12T08:02:00Z,0.0,0.0,0.0,4
2902255,14.501,61.802,2019-03-12T08:02:00Z,0.0,0.0,0.0,4
2902255,14.501,61.802,2019-03-12T08:02:00Z,0.0,0.0,0.0,4
2902255,14.501,61.802,2019-03-12T08:02:00Z,0.0,0.0,0.0,4
2902255,14.501,61.802,2019-03-12T08:02:00Z,0.0,0.0,0.0,4
2902255,14.501,61.802,2019-03-12T08:02:00Z,0.0,0.0,0.0,4
2902255,14.501,61.802,2019-03-12T08:02:00Z,0.0,0.0,0.0,4
2902255,14.501,61.802,2019-03-12T08:02:00Z,0.0,0.0,0.0,4
2902255,14.501,61.802,2019-03-12T08:02:00Z,0.0,0.0,0.0,4
2902255,14.501,61.802,2019-03-12T08:02:00Z,0.0,0.0,0.0,4
2902255,14.501,61.802,2019-03-12T08:02:00Z,0.0,0.0,0.0,4
2902255,14.501,61.802,2019-03-12T08:02:00Z,0.0,0.0,0.0,4
2902255,14.501,61.802,2019-03-12T08:02:00Z,0.0,0.0,0.0,4
2902255,14.501,61.802,2019-03-12T08:02:00Z,0.0,0.0,0.0,4
2902255,14.501,61.802,2019-03-12T08:02:00Z,0.0,0.0,0.0,4
2902255,14.501,61.802,2019-03-12T08:02:00Z,0.0,0.0,0.0,4
2902255,14.501,61.802,2019-03-12T08:02:00Z,0.0,0.0,0.0,4
2902255,14.501,61.802,2019-03-12T08:02:00Z,0.0,0.0,0.0,4
2902255,14.501,61.802,2019-03-12T08:02:00Z,0.0,0.0,0.0,4
2902255,14.501,61.802,2019-03-12T08:02:00Z,0.0,0.0,0.0,4
2902255,14.501,61.802,2019-03-12T08:02:00Z,0.0,0.0,0.0,4
2902255,14.501,61.802,2019-03-12T08:02:00Z,0.0,0.0,0.0,4
2902255,14.501,61.802,2019-03-12T08:02:00Z,0.0,0.0,0.0,4
2902255,14.501,61.802,2019-03-12T08:02:00Z,0.0,0.0,0.0,4
2902255,14.501,61.802,2019-03-12T08:02:00Z,0.0,0.0,0.0,4
2902255,14.501,61.802,2019-03-12T08:02:00Z,0.0,0.0,0.0,4
2902255,14.501,61.802,2019-03-12T08:02:00Z,0.0,0.0,0.0,4
2902255,14.501,61.802,2019-03-12T08:02:00Z,0.0,0.0,0.0,4
2902255,14.501,61.802,2019-03-12T08:02:00Z,0.0,0.0,0.0,4
2902255,14.501,61.802,2019-03-12T08:02:00Z,0.0,0.0,0.0,4
2902255,14.501,61.802,2019-03-12T08:02:00Z,0.0,0.0,0.0,4
2902255,14.501,61.802,2019-03-12T08:02:00Z,0.0,0.0,0.0,4
2902255,14.501,61.802,2019-03-12T08:02:00Z,0.0,0.0,0.0,4
2902255,14.501,61.802,2019-03-12T08:02:00Z,0.0,0.0,0.0,4
2902255,14.501,61.802,2019-03-12T08:02:00Z,0.0,0.0,0.0,4
2902255,14.501,61.802,2019-03-12T08:02:00Z,0.0,0.0,0.0,4
2902255,14.501,61.802,2019-03-12T08:02:00Z,0.0,0.0,0.0,4
2902255,14.501,61.802,2019-03-12T08:02:00Z,0.0,0.0,0.0,4
2902255,14.501,61.802,2019-03-12T08:02:00Z,0.0,0.0,0.0,4
2902255,14.501,61.802,2019-03-12T08:02:00Z,0.0,0.0,0.0,4
2902255,14.501,61.802,2019-03-12T08:02:00Z,0.0,0.0,0.0,4
2902255,14.501,61.802,2019-03-12T08:02:00Z,0.0,0.0,0.0,4
2902255,14.501,61.802,2019-03-12T08:02:00Z,0.0,0.0,0.0,4
2902255,14.501,61.802,2019-03-12T08:02:00Z,0.0,0.0,0.0,4
2902255,14.501,61.802,2019-03-12T08:02:00Z,0.0,0.0,0.0,4
2902255,14.501,61.802,2019-03-12T08:02:00Z,0.0,0.0,0.0,4
2902255,14.501,61.802,2019-03-12T08:02:00Z,0.0,0.0,0.0,4
2902255,14.501,61.802,2019-03-12T08:02:00Z,0.0,0.0,0.0,4
2902255,14.501,61.802,2019-03-12T08:02:00Z,0.0,0.0,0.0,4
2902255,14.501,61.802,2019-03-12T08:02:00Z,0.0,0.0,0.0,4
2902255,14.501,61.802,2019-03-12T08:02:00Z,0.0,0.0,0.0,4
2902255,14.501,61.802,2019-03-12T08:02:00Z,0.0,0.0,0.0,4
2902255,14.501,61.802,2019-03-12T08:02:00Z,0.0,0.0,0.0,4
2902255,14.501,61.802,2019-03-12T08:02:00Z,0.0,0.0,0.0,4
2902255,14.501,61.802,2019-03-12T08:02:00Z,0.0,0.0,0.0,4
2902255,14.501,61.802,2019-03-12T08:02:00Z,0.0,0.0,0.0,4
2902255,14.501,61.802,2019-03-12T08:02:00Z,0.0,0.0,0.0,4
2902255,14.501,61.802,2019-03-12T08:02:00Z,0.0,0.0,0.0,4
2902255,14.501,61.802,2019-03-12T08:02:00Z,0.0,0.0,0.0,4
2902255,14.501,61.802,2019-03-12T08:02:00Z,0.0,0.0,0.0,4
2902255,14.501,61.802,2019-03-12T08:02:00Z,0.0,0.0,0.0,4
2902255,14.501,61.802,2019-03-12T08:02:00Z,0.0,0.0,0.0,4
2902255,14.501,61.802,2019-03-12T08:02:00Z,0.0,0.0,0.0,4
2902255,14.501,61.802,2019-03-12T08:02:00Z,0.0,0.0,0.0,4
2902255,14.501,61.802,2019-03-12T08:02:00Z,0.0,0.0,0.0,4
2902255,14.501,61.802,2019-03-12T08:02:00Z,0.0,0.0,0.0,4
2902255,14.501,61.802,2019-03-12T08:02:00Z,0.0,0.0,0.0,4
2902255,14.501,61.802,2019-03-12T08:02:00Z,0.0,0.0,0.0,4
2902255,14.501,61.802,2019-03-12T08:02:00Z,0.0,0.0,0.0,4
2902255,14.501,61.802,2019-03-12T08:02:00Z,0.0,0.0,0.0,4
2902255,14.501,61.802,2019-03-12T08:02:00Z,0.0,0.0,0.0,4
2902255,14.501,61.802,2019-03-12T08:02:00Z,0.0,0.0,0.0,4
2902255,14.501,61.802,2019-03-12T08:02:00Z,0.0,0.0,0.0,4
2902255,14.501,61.802,2019-03-12T08:02:00Z,0.0,0.0,0.0,4
2902255,14.501,61.802,2019-03-12T08:02:00Z,0.0,0.0,0.0,4
2902255,14.501,61.802,2019-03-12T08:02:00Z,0.0,0.0,0.0,4
2902255,14.501,61.802,2019-03-12T08:02:00Z,0.0,0.0,0.0,4
2902255,14.501,61.802,2019-03-12T08:02:00Z,0.0,0.0,0.0,4
2902255,14.501,61.802,2019-03-12T08:02:00Z,0.0,0.0,0.0,4
2902255,14.501,61.802,2019-03-12T08:02:00Z,0.0,0.0,0.0,4
2902255,14.501,61.802,2019-03-12T08:02:00Z,0.0,0.0,0.0,4
2902255,14.501,61.802,2019-03-12T08:02:00Z,0.0,0.0,0.0,4
2902255,14.501,61.802,2019-03-12T08:02:00Z,0.0,0.0,0.0,4
2902255,14.501,61.802,2019-03-12T08:02:00Z,0.0,0.0,0.0,4
2902255,14.501,61.802,2019-03-12T08:02:00Z,26.818,36.216,1.0,3
2902255,14.501,61.802,2019-03-12T08:02:00Z,26.723,36.256,2.0,1
2902255,14.501,61.802,2019-03-12T08:02:00Z,26.661,36.288,3.0,1
2902255,14.501,61.802,2019-03-12T08:02:00Z,26.629,36.307,4.0,1
2902255,14.501,61.802,2019-03-12T08:02:00Z,26.602,36.32,5.0,1
2902255,14.501,61.802,2019-03-12T08:02:00Z,26.586,36.32,6.0,1
2902257,17.397,69.067,2019-03-12T08:13:00Z,0.0,0.0,0.0,4
2902257,17.397,69.067,2019-03-12T08:13:00Z,0.0,0.0,0.0,4
2902257,17.397,69.067,2019-03-12T08:13:00Z,0.0,0.0,0.0,4
2902257,17.397,69.067,2019-03-12T08:13:00Z,0.0,0.0,0.0,4
2902257,17.397,69.067,2019-03-12T08:13:00Z,0.0,0.0,0.0,4
2902257,17.397,69.067,2019-03-12T08:13:00Z,0.0,0.0,0.0,4
2902257,17.397,69.067,2019-03-12T08:13:00Z,0.0,0.0,0.0,4
2902257,17.397,69.067,2019-03-12T08:13:00Z,0.0,0.0,0.0,4
2902257,17.397,69.067,2019-03-12T08:13:00Z,0.0,0.0,0.0,4
2902257,17.397,69.067,2019-03-12T08:13:00Z,0.0,0.0,0.0,4
2902257,17.397,69.067,2019-03-12T08:13:00Z,0.0,0.0,0.0,4
2902257,17.397,69.067,2019-03-12T08:13:00Z,0.0,0.0,0.0,4
2902257,17.397,69.067,2019-03-12T08:13:00Z,0.0,0.0,0.0,4
2902257,17.397,69.067,2019-03-12T08:13:00Z,0.0,0.0,0.0,4
2902257,17.397,69.067,2019-03-12T08:13:00Z,0.0,0.0,0.0,4
2902257,17.397,69.067,2019-03-12T08:13:00Z,0.0,0.0,0.0,4
2902257,17.397,69.067,2019-03-12T08:13:00Z,0.0,0.0,0.0,4
2902257,17.397,69.067,2019-03-12T08:13:00Z,0.0,0.0,0.0,4
2902257,17.397,69.067,2019-03-12T08:13:00Z,0.0,0.0,0.0,4
2902257,17.397,69.067,2019-03-12T08:13:00Z,0.0,0.0,0.0,4
2902257,17.397,69.067,2019-03-12T08:13:00Z,0.0,0.0,0.0,4
2902257,17.397,69.067,2019-03-12T08:13:00Z,0.0,0.0,0.0,4
2902257,17.397,69.067,2019-03-12T08:13:00Z,0.0,0.0,0.0,4
2902257,17.397,69.067,2019-03-12T08:13:00Z,0.0,0.0,0.0,4
2902257,17.397,69.067,2019-03-12T08:13:00Z,0.0,0.0,0.0,4
2902257,17.397,69.067,2019-03-12T08:13:00Z,0.0,0.0,0.0,4
2902257,17.397,69.067,2019-03-12T08:13:00Z,0.0,0.0,0.0,4
2902257,17.397,69.067,2019-03-12T08:13:00Z,0.0,0.0,0.0,4
2902257,17.397,69.067,2019-03-12T08:13:00Z,0.0,0.0,0.0,4
2902257,17.397,69.067,2019-03-12T08:13:00Z,0.0,0.0,0.0,4
2902257,17.397,69.067,2019-03-12T08:13:00Z,0.0,0.0,0.0,4
2902257,17.397,69.067,2019-03-12T08:13:00Z,0.0,0.0,0.0,4
2902257,17.397,69.067,2019-03-12T08:13:00Z,0.0,0.0,0.0,4
2902257,17.397,69.067,2019-03-12T08:13:00Z,0.0,0.0,0.0,4
2902257,17.397,69.067,2019-03-12T08:13:00Z,0.0,0.0,0.0,4
2902257,17.397,69.067,2019-03-12T08:13:00Z,0.0,0.0,0.0,4
2902257,17.397,69.067,2019-03-12T08:13:00Z,0.0,0.0,0.0,4
2902257,17.397,69.067,2019-03-12T08:13:00Z,0.0,0.0,0.0,4
2902257,17.397,69.067,2019-03-12T08:13:00Z,0.0,0.0,0.0,4
2902257,17.397,69.067,2019-03-12T08:13:00Z,0.0,0.0,0.0,4
2902257,17.397,69.067,2019-03-12T08:13:00Z,0.0,0.0,0.0,4
2902257,17.397,69.067,2019-03-12T08:13:00Z,0.0,0.0,0.0,4
2902257,17.397,69.067,2019-03-12T08:13:00Z,0.0,0.0,0.0,4
2902257,17.397,69.067,2019-03-12T08:13:00Z,0.0,0.0,0.0,4
2902257,17.397,69.067,2019-03-12T08:13:00Z,0.0,0.0,0.0,4
2902257,17.397,69.067,2019-03-12T08:13:00Z,0.0,0.0,0.0,4
2902257,17.397,69.067,2019-03-12T08:13:00Z,0.0,0.0,0.0,4
2902257,17.397,69.067,2019-03-12T08:13:00Z,0.0,0.0,0.0,4
2902257,17.397,69.067,2019-03-12T08:13:00Z,0.0,0.0,0.0,4
2902257,17.397,69.067,2019-03-12T08:13:00Z,0.0,0.0,0.0,4
2902257,17.397,69.067,2019-03-12T08:13:00Z,0.0,0.0,0.0,4
2902257,17.397,69.067,2019-03-12T08:13:00Z,0.0,0.0,0.0,4
2902257,17.397,69.067,2019-03-12T08:13:00Z,0.0,0.0,0.0,4
2902257,17.397,69.067,2019-03-12T08:13:00Z,0.0,0.0,0.0,4
2902257,17.397,69.067,2019-03-12T08:13:00Z,0.0,0.0,0.0,4
2902257,17.397,69.067,2019-03-12T08:13:00Z,0.0,0.0,0.0,4
2902257,17.397,69.067,2019-03-12T08:13:00Z,0.0,0.0,0.0,4
2902257,17.397,69.067,2019-03-12T08:13:00Z,0.0,0.0,0.0,4
2902257,17.397,69.067,2019-03-12T08:13:00Z,0.0,0.0,0.0,4
2902257,17.397,69.067,2019-03-12T08:13:00Z,0.0,0.0,0.0,4
2902257,17.397,69.067,2019-03-12T08:13:00Z,0.0,0.0,0.0,4
2902257,17.397,69.067,2019-03-12T08:13:00Z,0.0,0.0,0.0,4
2902257,17.397,69.067,2019-03-12T08:13:00Z,0.0,0.0,0.0,4
2902257,17.397,69.067,2019-03-12T08:13:00Z,0.0,0.0,0.0,4
2902257,17.397,69.067,2019-03-12T08:13:00Z,0.0,0.0,0.0,4
2902257,17.397,69.067,2019-03-12T08:13:00Z,0.0,0.0,0.0,4
2902257,17.397,69.067,2019-03-12T08:13:00Z,0.0,0.0,0.0,4
2902257,17.397,69.067,2019-03-12T08:13:00Z,0.0,0.0,0.0,4
2902257,17.397,69.067,2019-03-12T08:13:00Z,0.0,0.0,0.0,4
2902257,17.397,69.067,2019-03-12T08:13:00Z,0.0,0.0,0.0,4
2902257,17.397,69.067,2019-03-12T08:13:00Z,0.0,0.0,0.0,4
2902257,17.397,69.067,2019-03-12T08:13:00Z,0.0,0.0,0.0,4
2902257,17.397,69.067,2019-03-12T08:13:00Z,0.0,0.0,0.0,4
2902257,17.397,69.067,2019-03-12T08:13:00Z,0.0,0.0,0.0,4
2902257,17.397,69.067,2019-03-12T08:13:00Z,0.0,0.0,0.0,4
2902257,17.397,69.067,2019-03-12T08:13:00Z,0.0,0.0,0.0,4
2902257,17.397,69.067,2019-03-12T08:13:00Z,0.0,0.0,0.0,4
2902257,17.397,69.067,2019-03-12T08:13:00Z,0.0,0.0,0.0,4
2902257,17.397,69.067,2019-03-12T08:13:00Z,0.0,0.0,0.0,4
2902257,17.397,69.067,2019-03-12T08:13:00Z,0.0,0.0,0.0,4
2902257,17.397,69.067,2019-03-12T08:13:00Z,0.0,0.0,0.0,4
2902257,17.397,69.067,2019-03-12T08:13:00Z,0.0,0.0,0.0,4
2902257,17.397,69.067,2019-03-12T08:13:00Z,0.0,0.0,0.0,4
2902257,17.397,69.067,2019-03-12T08:13:00Z,0.0,0.0,0.0,4
2902257,17.397,69.067,2019-03-12T08:13:00Z,0.0,0.0,0.0,4
2902257,17.397,69.067,2019-03-12T08:13:00Z,0.0,0.0,0.0,4
2902257,17.397,69.067,2019-03-12T08:13:00Z,0.0,0.0,0.0,4
2902257,17.397,69.067,2019-03-12T08:13:00Z,0.0,0.0,0.0,4
2902257,17.397,69.067,2019-03-12T08:13:00Z,0.0,0.0,0.0,4
2902257,17.397,69.067,2019-03-12T08:13:00Z,0.0,0.0,0.0,4
2902257,17.397,69.067,2019-03-12T08:13:00Z,0.0,0.0,0.0,4
2902257,17.397,69.067,2019-03-12T08:13:00Z,0.0,0.0,0.0,4
2902257,17.397,69.067,2019-03-12T08:13:00Z,0.0,0.0,0.0,4
2902257,17.397,69.067,2019-03-12T08:13:00Z,0.0,0.0,0.0,4
2902257,17.397,69.067,2019-03-12T08:13:00Z,0.0,0.0,0.0,4
2902257,17.397,69.067,2019-03-12T08:13:00Z,0.0,0.0,0.0,4
2902257,17.397,69.067,2019-03-12T08:13:00Z,0.0,0.0,0.0,4
2902257,17.397,69.067,2019-03-12T08:13:00Z,0.0,0.0,0.0,4
2902257,17.397,69.067,2019-03-12T08:13:00Z,0.0,0.0,0.0,4
2902257,17.397,69.067,2019-03-12T08:13:00Z,0.0,0.0,0.0,4
2902257,17.397,69.067,2019-03-12T08:13:00Z,0.0,0.0,0.0,4
2902257,17.397,69.067,2019-03-12T08:13:00Z,0.0,0.0,0.0,4
2902257,17.397,69.067,2019-03-12T08:13:00Z,0.0,0.0,0.0,4
2902257,17.397,69.067,2019-03-12T08:13:00Z,0.0,0.0,0.0,4
2902257,17.397,69.067,2019-03-12T08:13:00Z,0.0,0.0,0.0,4
2902257,17.397,69.067,2019-03-12T08:13:00Z,0.0,0.0,0.0,4
2902257,17.397,69.067,2019-03-12T08:13:00Z,0.0,0.0,0.0,4
2902257,17.397,69.067,2019-03-12T08:13:00Z,0.0,0.0,0.0,4
2902257,17.397,69.067,2019-03-12T08:13:00Z,0.0,0.0,0.0,4
2902257,17.397,69.067,2019-03-12T08:13:00Z,0.0,0.0,0.0,4
2902257,17.397,69.067,2019-03-12T08:13:00Z,0.0,0.0,0.0,4
2902257,17.397,69.067,2019-03-12T08:13:00Z,0.0,0.0,0.0,4
2902257,17.397,69.067,2019-03-12T08:13:00Z,0.0,0.0,0.0,4
2902257,17.397,69.067,2019-03-12T08:13:00Z,0.0,0.0,0.0,4
2902257,17.397,69.067,2019-03-12T08:13:00Z,0.0,0.0,0.0,4
2902257,17.397,69.067,2019-03-12T08:13:00Z,0.0,0.0,0.0,4
2902257,17.397,69.067,2019-03-12T08:13:00Z,0.0,0.0,0.0,4
2902257,17.397,69.067,2019-03-12T08:13:00Z,0.0,0.0,0.0,4
2902257,17.397,69.067,2019-03-12T08:13:00Z,0.0,0.0,0.0,4
2902257,17.397,69.067,2019-03-12T08:13:00Z,0.0,0.0,0.0,4
2902257,17.397,69.067,2019-03-12T08:13:00Z,0.0,0.0,0.0,4
2902257,17.397,69.067,2019-03-12T08:13:00Z,0.0,0.0,0.0,4
2902257,17.397,69.067,2019-03-12T08:13:00Z,0.0,0.0,0.0,4
2902257,17.397,69.067,2019-03-12T08:13:00Z,0.0,0.0,0.0,4
2902257,17.397,69.067,2019-03-12T08:13:00Z,0.0,0.0,0.0,4
2902257,17.397,69.067,2019-03-12T08:13:00Z,0.0,0.0,0.0,4
2902257,17.397,69.067,2019-03-12T08:13:00Z,0.0,0.0,0.0,4
2902257,17.397,69.067,2019-03-12T08:13:00Z,0.0,0.0,0.0,4
2902257,17.397,69.067,2019-03-12T08:13:00Z,0.0,0.0,0.0,4
2902257,17.397,69.067,2019-03-12T08:13:00Z,0.0,0.0,0.0,4
2902257,17.397,69.067,2019-03-12T08:13:00Z,0.0,0.0,0.0,4
2902257,17.397,69.067,2019-03-12T08:13:00Z,0.0,0.0,0.0,4
2902257,17.397,69.067,2019-03-12T08:13:00Z,0.0,0.0,0.0,4
2902257,17.397,69.067,2019-03-12T08:13:00Z,0.0,0.0,0.0,4
2902257,17.397,69.067,2019-03-12T08:13:00Z,0.0,0.0,0.0,4
2902257,17.397,69.067,2019-03-12T08:13:00Z,0.0,0.0,0.0,4
2902257,17.397,69.067,2019-03-12T08:13:00Z,0.0,0.0,0.0,4
2902257,17.397,69.067,2019-03-12T08:13:00Z,0.0,0.0,0.0,4
2902257,17.397,69.067,2019-03-12T08:13:00Z,0.0,0.0,0.0,4
2902257,17.397,69.067,2019-03-12T08:13:00Z,0.0,0.0,0.0,4
2902257,17.397,69.067,2019-03-12T08:13:00Z,0.0,0.0,0.0,4
2902257,17.397,69.067,2019-03-12T08:13:00Z,0.0,0.0,0.0,4
2902257,17.397,69.067,2019-03-12T08:13:00Z,0.0,0.0,0.0,4
2902257,17.397,69.067,2019-03-12T08:13:00Z,0.0,0.0,0.0,4
2902257,17.397,69.067,2019-03-12T08:13:00Z,0.0,0.0,0.0,4
2902257,17.397,69.067,2019-03-12T08:13:00Z,0.0,0.0,0.0,4
2902257,17.397,69.067,2019-03-12T08:13:00Z,0.0,0.0,0.0,4
2902257,17.397,69.067,2019-03-12T08:13:00Z,0.0,0.0,0.0,4
2902257,17.397,69.067,2019-03-12T08:13:00Z,0.0,0.0,0.0,4
2902257,17.397,69.067,2019-03-12T08:13:00Z,0.0,0.0,0.0,4
2902257,17.397,69.067,2019-03-12T08:13:00Z,0.0,0.0,0.0,4
2902257,17.397,69.067,2019-03-12T08:13:00Z,0.0,0.0,0.0,4
2902257,17.397,69.067,2019-03-12T08:13:00Z,0.0,0.0,0.0,4
2902257,17.397,69.067,2019-03-12T08:13:00Z,0.0,0.0,0.0,4
2902257,17.397,69.067,2019-03-12T08:13:00Z,0.0,0.0,0.0,4
2902257,17.397,69.067,2019-03-12T08:13:00Z,0.0,0.0,0.0,4
2902257,17.397,69.067,2019-03-12T08:13:00Z,0.0,0.0,0.0,4
2902257,17.397,69.067,2019-03-12T08:13:00Z,0.0,0.0,0.0,4
2902257,17.397,69.067,2019-03-12T08:13:00Z,0.0,0.0,0.0,4
2902257,17.397,69.067,2019-03-12T08:13:00Z,0.0,0.0,0.0,4
2902257,17.397,69.067,2019-03-12T08:13:00Z,0.0,0.0,0.0,4
2902257,17.397,69.067,2019-03-12T08:13:00Z,0.0,0.0,0.0,4
2902257,17.397,69.067,2019-03-12T08:13:00Z,0.0,0.0,0.0,4
2902257,17.397,69.067,2019-03-12T08:13:00Z,0.0,0.0,0.0,4
2902257,17.397,69.067,2019-03-12T08:13:00Z,0.0,0.0,0.0,4
2902257,17.397,69.067,2019-03-12T08:13:00Z,0.0,0.0,0.0,4
2902257,17.397,69.067,2019-03-12T08:13:00Z,0.0,0.0,0.0,4
2902257,17.397,69.067,2019-03-12T08:13:00Z,0.0,0.0,0.0,4
2902257,17.397,69.067,2019-03-12T08:13:00Z,0.0,0.0,0.0,4
2902257,17.397,69.067,2019-03-12T08:13:00Z,0.0,0.0,0.0,4
2902257,17.397,69.067,2019-03-12T08:13:00Z,0.0,0.0,0.0,4
2902257,17.397,69.067,2019-03-12T08:13:00Z,0.0,0.0,0.0,4
2902257,17.397,69.067,2019-03-12T08:13:00Z,0.0,0.0,0.0,4
2902257,17.397,69.067,2019-03-12T08:13:00Z,0.0,0.0,0.0,4
2902257,17.397,69.067,2019-03-12T08:13:00Z,0.0,0.0,0.0,4
2902257,17.397,69.067,2019-03-12T08:13:00Z,0.0,0.0,0.0,4
2902257,17.397,69.067,2019-03-12T08:13:00Z,0.0,0.0,0.0,4
2902257,17.397,69.067,2019-03-12T08:13:00Z,0.0,0.0,0.0,4
2902257,17.397,69.067,2019-03-12T08:13:00Z,0.0,0.0,0.0,4
2902257,17.397,69.067,2019-03-12T08:13:00Z,0.0,0.0,0.0,4
2902257,17.397,69.067,2019-03-12T08:13:00Z,0.0,0.0,0.0,4
2902257,17.397,69.067,2019-03-12T08:13:00Z,0.0,0.0,0.0,4
2902257,17.397,69.067,2019-03-12T08:13:00Z,0.0,0.0,0.0,4
2902257,17.397,69.067,2019-03-12T08:13:00Z,0.0,0.0,0.0,4
2902257,17.397,69.067,2019-03-12T08:13:00Z,0.0,0.0,0.0,4
2902257,17.397,69.067,2019-03-12T08:13:00Z,0.0,0.0,0.0,4
2902257,17.397,69.067,2019-03-12T08:13:00Z,0.0,0.0,0.0,4
2902257,17.397,69.067,2019-03-12T08:13:00Z,0.0,0.0,0.0,4
2902257,17.397,69.067,2019-03-12T08:13:00Z,0.0,0.0,0.0,4
2902257,17.397,69.067,2019-03-12T08:13:00Z,0.0,0.0,0.0,4
2902257,17.397,69.067,2019-03-12T08:13:00Z,0.0,0.0,0.0,4
2902257,17.397,69.067,2019-03-12T08:13:00Z,0.0,0.0,0.0,4
2902257,17.397,69.067,2019-03-12T08:13:00Z,0.0,0.0,0.0,4
2902257,17.397,69.067,2019-03-12T08:13:00Z,0.0,0.0,0.0,4
2902257,17.397,69.067,2019-03-12T08:13:00Z,0.0,0.0,0.0,4
2902257,17.397,69.067,2019-03-12T08:13:00Z,0.0,0.0,0.0,4
2902257,17.397,69.067,2019-03-12T08:13:00Z,0.0,0.0,0.0,4
2902257,17.397,69.067,2019-03-12T08:13:00Z,0.0,0.0,0.0,4
2902257,17.397,69.067,2019-03-12T08:13:00Z,0.0,0.0,0.0,4
2902257,17.397,69.067,2019-03-12T08:13:00Z,0.0,0.0,0.0,4
2902257,17.397,69.067,2019-03-12T08:13:00Z,0.0,0.0,0.0,4
2902257,17.397,69.067,2019-03-12T08:13:00Z,0.0,0.0,0.0,4
2902257,17.397,69.067,2019-03-12T08:13:00Z,0.0,0.0,0.0,4
2902257,17.397,69.067,2019-03-12T08:13:00Z,0.0,0.0,0.0,4
2902257,17.397,69.067,2019-03-12T08:13:00Z,0.0,0.0,0.0,4
2902257,17.397,69.067,2019-03-12T08:13:00Z,0.0,0.0,0.0,4
2902257,17.397,69.067,2019-03-12T08:13:00Z,0.0,0.0,0.0,4
2902257,17.397,69.067,2019-03-12T08:13:00Z,0.0,0.0,0.0,4
2902257,17.397,69.067,2019-03-12T08:13:00Z,0.0,0.0,0.0,4
2902257,17.397,69.067,2019-03-12T08:13:00Z,0.0,0.0,0.0,4
2902257,17.397,69.067,2019-03-12T08:13:00Z,0.0,0.0,0.0,4
2902257,17.397,69.067,2019-03-12T08:13:00Z,0.0,0.0,0.0,4
2902257,17.397,69.067,2019-03-12T08:13:00Z,0.0,0.0,0.0,4
2902257,17.397,69.067,2019-03-12T08:13:00Z,0.0,0.0,0.0,4
2902257,17.397,69.067,2019-03-12T08:13:00Z,0.0,0.0,0.0,4
2902257,17.397,69.067,2019-03-12T08:13:00Z,0.0,0.0,0.0,4
2902257,17.397,69.067,2019-03-12T08:13:00Z,0.0,0.0,0.0,4
2902257,17.397,69.067,2019-03-12T08:13:00Z,0.0,0.0,0.0,4
2902257,17.397,69.067,2019-03-12T08:13:00Z,0.0,0.0,0.0,4
2902257,17.397,69.067,2019-03-12T08:13:00Z,0.0,0.0,0.0,4
2902257,17.397,69.067,2019-03-12T08:13:00Z,0.0,0.0,0.0,4
2902257,17.397,69.067,2019-03-12T08:13:00Z,0.0,0.0,0.0,4
2902257,17.397,69.067,2019-03-12T08:13:00Z,0.0,0.0,0.0,4
2902257,17.397,69.067,2019-03-12T08:13:00Z,0.0,0.0,0.0,4
2902257,17.397,69.067,2019-03-12T08:13:00Z,0.0,0.0,0.0,4
2902257,17.397,69.067,2019-03-12T08:13:00Z,0.0,0.0,0.0,4
2902257,17.397,69.067,2019-03-12T08:13:00Z,0.0,0.0,0.0,4
2902257,17.397,69.067,2019-03-12T08:13:00Z,0.0,0.0,0.0,4
2902257,17.397,69.067,2019-03-12T08:13:00Z,0.0,0.0,0.0,4
2902257,17.397,69.067,2019-03-12T08:13:00Z,0.0,0.0,0.0,4
2902257,17.397,69.067,2019-03-12T08:13:00Z,0.0,0.0,0.0,4
2902257,17.397,69.067,2019-03-12T08:13:00Z,0.0,0.0,0.0,4
2902257,17.397,69.067,2019-03-12T08:13:00Z,0.0,0.0,0.0,4
2902257,17.397,69.067,2019-03-12T08:13:00Z,0.0,0.0,0.0,4
2902257,17.397,69.067,2019-03-12T08:13:00Z,0.0,0.0,0.0,4
2902257,17.397,69.067,2019-03-12T08:13:00Z,0.0,0.0,0.0,4
2902257,17.397,69.067,2019-03-12T08:13:00Z,0.0,0.0,0.0,4
2902257,17.397,69.067,2019-03-12T08:13:00Z,0.0,0.0,0.0,4
2902257,17.397,69.067,2019-03-12T08:13:00Z,0.0,0.0,0.0,4
2902257,17.397,69.067,2019-03-12T08:13:00Z,26.533,36.6,1.0,4
2902257,17.397,69.067,2019-03-12T08:13:00Z,26.532,36.499,2.0,4
2902257,17.397,69.067,2019-03-12T08:13:00Z,26.529,36.499,3.0,4
2902257,17.397,69.067,2019-03-12T08:13:00Z,26.527,36.499,4.0,4
2902257,17.397,69.067,2019-03-12T08:13:00Z,26.515,36.499,5.0,4
2902257,17.397,69.067,2019-03-12T08:13:00Z,26.509,36.499,6.0,4
2902256,18.636,60.014,2019-03-12T11:59:14Z,0.0,0.0,0.0,4
2902256,18.636,60.014,2019-03-12T11:59:14Z,0.0,0.0,0.0,4
2902256,18.636,60.014,2019-03-12T11:59:14Z,0.0,0.0,0.0,4
2902256,18.636,60.014,2019-03-12T11:59:14Z,0.0,0.0,0.0,4
2902256,18.636,60.014,2019-03-12T11:59:14Z,0.0,0.0,0.0,4
2902256,18.636,60.014,2019-03-12T11:59:14Z,0.0,0.0,0.0,4
2902256,18.636,60.014,2019-03-12T11:59:14Z,0.0,0.0,0.0,4
2902256,18.636,60.014,2019-03-12T11:59:14Z,0.0,0.0,0.0,4
2902256,18.636,60.014,2019-03-12T11:59:14Z,0.0,0.0,0.0,4
2902256,18.636,60.014,2019-03-12T11:59:14Z,0.0,0.0,0.0,4
2902256,18.636,60.014,2019-03-12T11:59:14Z,0.0,0.0,0.0,4
2902256,18.636,60.014,2019-03-12T11:59:14Z,0.0,0.0,0.0,4
2902256,18.636,60.014,2019-03-12T11:59:14Z,0.0,0.0,0.0,4
2902256,18.636,60.014,2019-03-12T11:59:14Z,0.0,0.0,0.0,4
2902256,18.636,60.014,2019-03-12T11:59:14Z,0.0,0.0,0.0,4
2902256,18.636,60.014,2019-03-12T11:59:14Z,0.0,0.0,0.0,4
2902256,18.636,60.014,2019-03-12T11:59:14Z,0.0,0.0,0.0,4
2902256,18.636,60.014,2019-03-12T11:59:14Z,0.0,0.0,0.0,4
2902256,18.636,60.014,2019-03-12T11:59:14Z,0.0,0.0,0.0,4
2902256,18.636,60.014,2019-03-12T11:59:14Z,0.0,0.0,0.0,4
2902256,18.636,60.014,2019-03-12T11:59:14Z,0.0,0.0,0.0,4
2902256,18.636,60.014,2019-03-12T11:59:14Z,0.0,0.0,0.0,4
2902256,18.636,60.014,2019-03-12T11:59:14Z,0.0,0.0,0.0,4
2902256,18.636,60.014,2019-03-12T11:59:14Z,0.0,0.0,0.0,4
2902256,18.636,60.014,2019-03-12T11:59:14Z,0.0,0.0,0.0,4
2902256,18.636,60.014,2019-03-12T11:59:14Z,0.0,0.0,0.0,4
2902256,18.636,60.014,2019-03-12T11:59:14Z,0.0,0.0,0.0,4
2902256,18.636,60.014,2019-03-12T11:59:14Z,0.0,0.0,0.0,4
2902256,18.636,60.014,2019-03-12T11:59:14Z,0.0,0.0,0.0,4
2902256,18.636,60.014,2019-03-12T11:59:14Z,0.0,0.0,0.0,4
2902256,18.636,60.014,2019-03-12T11:59:14Z,0.0,0.0,0.0,4
2902256,18.636,60.014,2019-03-12T11:59:14Z,0.0,0.0,0.0,4
2902256,18.636,60.014,2019-03-12T11:59:14Z,0.0,0.0,0.0,4
2902256,18.636,60.014,2019-03-12T11:59:14Z,0.0,0.0,0.0,4
2902256,18.636,60.014,2019-03-12T11:59:14Z,0.0,0.0,0.0,4
2902256,18.636,60.014,2019-03-12T11:59:14Z,0.0,0.0,0.0,4
2902256,18.636,60.014,2019-03-12T11:59:14Z,0.0,0.0,0.0,4
2902256,18.636,60.014,2019-03-12T11:59:14Z,0.0,0.0,0.0,4
2902256,18.636,60.014,2019-03-12T11:59:14Z,0.0,0.0,0.0,4
2902256,18.636,60.014,2019-03-12T11:59:14Z,0.0,0.0,0.0,4
2902256,18.636,60.014,2019-03-12T11:59:14Z,0.0,0.0,0.0,4
2902256,18.636,60.014,2019-03-12T11:59:14Z,0.0,0.0,0.0,4
2902256,18.636,60.014,2019-03-12T11:59:14Z,0.0,0.0,0.0,4
2902256,18.636,60.014,2019-03-12T11:59:14Z,0.0,0.0,0.0,4
2902256,18.636,60.014,2019-03-12T11:59:14Z,0.0,0.0,0.0,4
2902256,18.636,60.014,2019-03-12T11:59:14Z,0.0,0.0,0.0,4
2902256,18.636,60.014,2019-03-12T11:59:14Z,0.0,0.0,0.0,4
2902256,18.636,60.014,2019-03-12T11:59:14Z,0.0,0.0,0.0,4
2902256,18.636,60.014,2019-03-12T11:59:14Z,0.0,0.0,0.0,4
2902256,18.636,60.014,2019-03-12T11:59:14Z,0.0,0.0,0.0,4
2902256,18.636,60.014,2019-03-12T11:59:14Z,0.0,0.0,0.0,4
2902256,18.636,60.014,2019-03-12T11:59:14Z,0.0,0.0,0.0,4
2902256,18.636,60.014,2019-03-12T11:59:14Z,0.0,0.0,0.0,4
2902256,18.636,60.014,2019-03-12T11:59:14Z,0.0,0.0,0.0,4
2902256,18.636,60.014,2019-03-12T11:59:14Z,0.0,0.0,0.0,4
2902256,18.636,60.014,2019-03-12T11:59:14Z,0.0,0.0,0.0,4
2902256,18.636,60.014,2019-03-12T11:59:14Z,0.0,0.0,0.0,4
2902256,18.636,60.014,2019-03-12T11:59:14Z,0.0,0.0,0.0,4
2902256,18.636,60.014,2019-03-12T11:59:14Z,0.0,0.0,0.0,4
2902256,18.636,60.014,2019-03-12T11:59:14Z,0.0,0.0,0.0,4
2902256,18.636,60.014,2019-03-12T11:59:14Z,0.0,0.0,0.0,4
2902256,18.636,60.014,2019-03-12T11:59:14Z,0.0,0.0,0.0,4
2902256,18.636,60.014,2019-03-12T11:59:14Z,0.0,0.0,0.0,4
2902256,18.636,60.014,2019-03-12T11:59:14Z,0.0,0.0,0.0,4
2902256,18.636,60.014,2019-03-12T11:59:14Z,0.0,0.0,0.0,4
2902256,18.636,60.014,2019-03-12T11:59:14Z,0.0,0.0,0.0,4
2902256,18.636,60.014,2019-03-12T11:59:14Z,0.0,0.0,0.0,4
2902256,18.636,60.014,2019-03-12T11:59:14Z,0.0,0.0,0.0,4
2902256,18.636,60.014,2019-03-12T11:59:14Z,0.0,0.0,0.0,4
2902256,18.636,60.014,2019-03-12T11:59:14Z,0.0,0.0,0.0,4
2902256,18.636,60.014,2019-03-12T11:59:14Z,0.0,0.0,0.0,4
2902256,18.636,60.014,2019-03-12T11:59:14Z,0.0,0.0,0.0,4
2902256,18.636,60.014,2019-03-12T11:59:14Z,0.0,0.0,0.0,4
2902256,18.636,60.014,2019-03-12T11:59:14Z,0.0,0.0,0.0,4
2902256,18.636,60.014,2019-03-12T11:59:14Z,0.0,0.0,0.0,4
2902256,18.636,60.014,2019-03-12T11:59:14Z,0.0,0.0,0.0,4
2902256,18.636,60.014,2019-03-12T11:59:14Z,0.0,0.0,0.0,4
2902256,18.636,60.014,2019-03-12T11:59:14Z,0.0,0.0,0.0,4
2902256,18.636,60.014,2019-03-12T11:59:14Z,0.0,0.0,0.0,4
2902256,18.636,60.014,2019-03-12T11:59:14Z,0.0,0.0,0.0,4
2902256,18.636,60.014,2019-03-12T11:59:14Z,0.0,0.0,0.0,4
2902256,18.636,60.014,2019-03-12T11:59:14Z,0.0,0.0,0.0,4
2902256,18.636,60.014,2019-03-12T11:59:14Z,0.0,0.0,0.0,4
2902256,18.636,60.014,2019-03-12T11:59:14Z,0.0,0.0,0.0,4
2902256,18.636,60.014,2019-03-12T11:59:14Z,0.0,0.0,0.0,4
2902256,18.636,60.014,2019-03-12T11:59:14Z,0.0,0.0,0.0,4
2902256,18.636,60.014,2019-03-12T11:59:14Z,0.0,0.0,0.0,4
2902256,18.636,60.014,2019-03-12T11:59:14Z,0.0,0.0,0.0,4
2902256,18.636,60.014,2019-03-12T11:59:14Z,0.0,0.0,0.0,4
2902256,18.636,60.014,2019-03-12T11:59:14Z,0.0,0.0,0.0,4
2902256,18.636,60.014,2019-03-12T11:59:14Z,0.0,0.0,0.0,4
2902256,18.636,60.014,2019-03-12T11:59:14Z,0.0,0.0,0.0,4
2902256,18.636,60.014,2019-03-12T11:59:14Z,0.0,0.0,0.0,4
2902256,18.636,60.014,2019-03-12T11:59:14Z,0.0,0.0,0.0,4
2902256,18.636,60.014,2019-03-12T11:59:14Z,0.0,0.0,0.0,4
2902256,18.636,60.014,2019-03-12T11:59:14Z,0.0,0.0,0.0,4
2902256,18.636,60.014,2019-03-12T11:59:14Z,0.0,0.0,0.0,4
2902256,18.636,60.014,2019-03-12T11:59:14Z,0.0,0.0,0.0,4
2902256,18.636,60.014,2019-03-12T11:59:14Z,0.0,0.0,0.0,4
2902256,18.636,60.014,2019-03-12T11:59:14Z,0.0,0.0,0.0,4
2902256,18.636,60.014,2019-03-12T11:59:14Z,0.0,0.0,0.0,4
2902256,18.636,60.014,2019-03-12T11:59:14Z,0.0,0.0,0.0,4
2902256,18.636,60.014,2019-03-12T11:59:14Z,0.0,0.0,0.0,4
2902256,18.636,60.014,2019-03-12T11:59:14Z,0.0,0.0,0.0,4
2902256,18.636,60.014,2019-03-12T11:59:14Z,0.0,0.0,0.0,4
2902256,18.636,60.014,2019-03-12T11:59:14Z,0.0,0.0,0.0,4
2902256,18.636,60.014,2019-03-12T11:59:14Z,0.0,0.0,0.0,4
2902256,18.636,60.014,2019-03-12T11:59:14Z,0.0,0.0,0.0,4
2902256,18.636,60.014,2019-03-12T11:59:14Z,0.0,0.0,0.0,4
2902256,18.636,60.014,2019-03-12T11:59:14Z,0.0,0.0,0.0,4
2902256,18.636,60.014,2019-03-12T11:59:14Z,0.0,0.0,0.0,4
2902256,18.636,60.014,2019-03-12T11:59:14Z,0.0,0.0,0.0,4
2902256,18.636,60.014,2019-03-12T11:59:14Z,0.0,0.0,0.0,4
2902256,18.636,60.014,2019-03-12T11:59:14Z,0.0,0.0,0.0,4
2902256,18.636,60.014,2019-03-12T11:59:14Z,0.0,0.0,0.0,4
2902256,18.636,60.014,2019-03-12T11:59:14Z,0.0,0.0,0.0,4
2902256,18.636,60.014,2019-03-12T11:59:14Z,0.0,0.0,0.0,4
2902256,18.636,60.014,2019-03-12T11:59:14Z,0.0,0.0,0.0,4
2902256,18.636,60.014,2019-03-12T11:59:14Z,0.0,0.0,0.0,4
2902256,18.636,60.014,2019-03-12T11:59:14Z,0.0,0.0,0.0,4
2902256,18.636,60.014,2019-03-12T11:59:14Z,0.0,0.0,0.0,4
2902256,18.636,60.014,2019-03-12T11:59:14Z,0.0,0.0,0.0,4
2902256,18.636,60.014,2019-03-12T11:59:14Z,0.0,0.0,0.0,4
2902256,18.636,60.014,2019-03-12T11:59:14Z,0.0,0.0,0.0,4
2902256,18.636,60.014,2019-03-12T11:59:14Z,0.0,0.0,0.0,4
2902256,18.636,60.014,2019-03-12T11:59:14Z,0.0,0.0,0.0,4
2902256,18.636,60.014,2019-03-12T11:59:14Z,0.0,0.0,0.0,4
2902256,18.636,60.014,2019-03-12T11:59:14Z,0.0,0.0,0.0,4
2902256,18.636,60.014,2019-03-12T11:59:14Z,0.0,0.0,0.0,4
2902256,18.636,60.014,2019-03-12T11:59:14Z,0.0,0.0,0.0,4
2902256,18.636,60.014,2019-03-12T11:59:14Z,0.0,0.0,0.0,4
2902256,18.636,60.014,2019-03-12T11:59:14Z,0.0,0.0,0.0,4
2902256,18.636,60.014,2019-03-12T11:59:14Z,0.0,0.0,0.0,4
2902256,18.636,60.014,2019-03-12T11:59:14Z,0.0,0.0,0.0,4
2902256,18.636,60.014,2019-03-12T11:59:14Z,0.0,0.0,0.0,4
2902256,18.636,60.014,2019-03-12T11:59:14Z,0.0,0.0,0.0,4
2902256,18.636,60.014,2019-03-12T11:59:14Z,0.0,0.0,0.0,4
2902256,18.636,60.014,2019-03-12T11:59:14Z,0.0,0.0,0.0,4
2902256,18.636,60.014,2019-03-12T11:59:14Z,0.0,0.0,0.0,4
2902256,18.636,60.014,2019-03-12T11:59:14Z,0.0,0.0,0.0,4
2902256,18.636,60.014,2019-03-12T11:59:14Z,0.0,0.0,0.0,4
2902256,18.636,60.014,2019-03-12T11:59:14Z,0.0,0.0,0.0,4
2902256,18.636,60.014,2019-03-12T11:59:14Z,0.0,0.0,0.0,4
2902256,18.636,60.014,2019-03-12T11:59:14Z,0.0,0.0,0.0,4
2902256,18.636,60.014,2019-03-12T11:59:14Z,0.0,0.0,0.0,4
2902256,18.636,60.014,2019-03-12T11:59:14Z,0.0,0.0,0.0,4
2902256,18.636,60.014,2019-03-12T11:59:14Z,0.0,0.0,0.0,4
2902256,18.636,60.014,2019-03-12T11:59:14Z,0.0,0.0,0.0,4
2902256,18.636,60.014,2019-03-12T11:59:14Z,0.0,0.0,0.0,4
2902256,18.636,60.014,2019-03-12T11:59:14Z,0.0,0.0,0.0,4
2902256,18.636,60.014,2019-03-12T11:59:14Z,0.0,0.0,0.0,4
2902256,18.636,60.014,2019-03-12T11:59:14Z,0.0,0.0,0.0,4
2902256,18.636,60.014,2019-03-12T11:59:14Z,0.0,0.0,0.0,4
2902256,18.636,60.014,2019-03-12T11:59:14Z,0.0,0.0,0.0,4
2902256,18.636,60.014,2019-03-12T11:59:14Z,0.0,0.0,0.0,4
2902256,18.636,60.014,2019-03-12T11:59:14Z,0.0,0.0,0.0,4
2902256,18.636,60.014,2019-03-12T11:59:14Z,0.0,0.0,0.0,4
2902256,18.636,60.014,2019-03-12T11:59:14Z,0.0,0.0,0.0,4
2902256,18.636,60.014,2019-03-12T11:59:14Z,0.0,0.0,0.0,4
2902256,18.636,60.014,2019-03-12T11:59:14Z,0.0,0.0,0.0,4
2902256,18.636,60.014,2019-03-12T11:59:14Z,0.0,0.0,0.0,4
2902256,18.636,60.014,2019-03-12T11:59:14Z,0.0,0.0,0.0,4
2902256,18.636,60.014,2019-03-12T11:59:14Z,0.0,0.0,0.0,4
2902256,18.636,60.014,2019-03-12T11:59:14Z,0.0,0.0,0.0,4
2902256,18.636,60.014,2019-03-12T11:59:14Z,0.0,0.0,0.0,4
2902256,18.636,60.014,2019-03-12T11:59:14Z,0.0,0.0,0.0,4
2902256,18.636,60.014,2019-03-12T11:59:14Z,0.0,0.0,0.0,4
2902256,18.636,60.014,2019-03-12T11:59:14Z,0.0,0.0,0.0,4
2902256,18.636,60.014,2019-03-12T11:59:14Z,0.0,0.0,0.0,4
2902256,18.636,60.014,2019-03-12T11:59:14Z,0.0,0.0,0.0,4
2902256,18.636,60.014,2019-03-12T11:59:14Z,0.0,0.0,0.0,4
2902256,18.636,60.014,2019-03-12T11:59:14Z,0.0,0.0,0.0,4
2902256,18.636,60.014,2019-03-12T11:59:14Z,0.0,0.0,0.0,4
2902256,18.636,60.014,2019-03-12T11:59:14Z,0.0,0.0,0.0,4
2902256,18.636,60.014,2019-03-12T11:59:14Z,0.0,0.0,0.0,4
2902256,18.636,60.014,2019-03-12T11:59:14Z,0.0,0.0,0.0,4
2902256,18.636,60.014,2019-03-12T11:59:14Z,0.0,0.0,0.0,4
2902256,18.636,60.014,2019-03-12T11:59:14Z,0.0,0.0,0.0,4
2902256,18.636,60.014,2019-03-12T11:59:14Z,0.0,0.0,0.0,4
2902256,18.636,60.014,2019-03-12T11:59:14Z,0.0,0.0,0.0,4
2902256,18.636,60.014,2019-03-12T11:59:14Z,0.0,0.0,0.0,4
2902256,18.636,60.014,2019-03-12T11:59:14Z,0.0,0.0,0.0,4
2902256,18.636,60.014,2019-03-12T11:59:14Z,0.0,0.0,0.0,4
2902256,18.636,60.014,2019-03-12T11:59:14Z,0.0,0.0,0.0,4
2902256,18.636,60.014,2019-03-12T11:59:14Z,0.0,0.0,0.0,4
2902256,18.636,60.014,2019-03-12T11:59:14Z,0.0,0.0,0.0,4
2902256,18.636,60.014,2019-03-12T11:59:14Z,0.0,0.0,0.0,4
2902256,18.636,60.014,2019-03-12T11:59:14Z,0.0,0.0,0.0,4
2902256,18.636,60.014,2019-03-12T11:59:14Z,0.0,0.0,0.0,4
2902256,18.636,60.014,2019-03-12T11:59:14Z,0.0,0.0,0.0,4
2902256,18.636,60.014,2019-03-12T11:59:14Z,0.0,0.0,0.0,4
2902256,18.636,60.014,2019-03-12T11:59:14Z,0.0,0.0,0.0,4
2902256,18.636,60.014,2019-03-12T11:59:14Z,0.0,0.0,0.0,4
2902256,18.636,60.014,2019-03-12T11:59:14Z,0.0,0.0,0.0,4
2902256,18.636,60.014,2019-03-12T11:59:14Z,0.0,0.0,0.0,4
2902256,18.636,60.014,2019-03-12T11:59:14Z,0.0,0.0,0.0,4
2902256,18.636,60.014,2019-03-12T11:59:14Z,0.0,0.0,0.0,4
2902256,18.636,60.014,2019-03-12T11:59:14Z,0.0,0.0,0.0,4
2902256,18.636,60.014,2019-03-12T11:59:14Z,0.0,0.0,0.0,4
2902256,18.636,60.014,2019-03-12T11:59:14Z,0.0,0.0,0.0,4
2902256,18.636,60.014,2019-03-12T11:59:14Z,0.0,0.0,0.0,4
2902256,18.636,60.014,2019-03-12T11:59:14Z,0.0,0.0,0.0,4
2902256,18.636,60.014,2019-03-12T11:59:14Z,0.0,0.0,0.0,4
2902256,18.636,60.014,2019-03-12T11:59:14Z,0.0,0.0,0.0,4
2902256,18.636,60.014,2019-03-12T11:59:14Z,0.0,0.0,0.0,4
2902256,18.636,60.014,2019-03-12T11:59:14Z,0.0,0.0,0.0,4
2902256,18.636,60.014,2019-03-12T11:59:14Z,0.0,0.0,0.0,4
2902256,18.636,60.014,2019-03-12T11:59:14Z,0.0,0.0,0.0,4
2902256,18.636,60.014,2019-03-12T11:59:14Z,0.0,0.0,0.0,4
2902256,18.636,60.014,2019-03-12T11:59:14Z,0.0,0.0,0.0,4
2902256,18.636,60.014,2019-03-12T11:59:14Z,0.0,0.0,0.0,4
2902256,18.636,60.014,2019-03-12T11:59:14Z,0.0,0.0,0.0,4
2902256,18.636,60.014,2019-03-12T11:59:14Z,0.0,0.0,0.0,4
2902256,18.636,60.014,2019-03-12T11:59:14Z,0.0,0.0,0.0,4
2902256,18.636,60.014,2019-03-12T11:59:14Z,0.0,0.0,0.0,4
2902256,18.636,60.014,2019-03-12T11:59:14Z,0.0,0.0,0.0,4
2902256,18.636,60.014,2019-03-12T11:59:14Z,0.0,0.0,0.0,4
2902256,18.636,60.014,2019-03-12T11:59:14Z,0.0,0.0,0.0,4
2902256,18.636,60.014,2019-03-12T11:59:14Z,0.0,0.0,0.0,4
2902256,18.636,60.014,2019-03-12T11:59:14Z,0.0,0.0,0.0,4
2902256,18.636,60.014,2019-03-12T11:59:14Z,0.0,0.0,0.0,4
2902256,18.636,60.014,2019-03-12T11:59:14Z,0.0,0.0,0.0,4
2902256,18.636,60.014,2019-03-12T11:59:14Z,0.0,0.0,0.0,4
2902256,18.636,60.014,2019-03-12T11:59:14Z,0.0,0.0,0.0,4
2902256,18.636,60.014,2019-03-12T11:59:14Z,0.0,0.0,0.0,4
2902256,18.636,60.014,2019-03-12T11:59:14Z,0.0,0.0,0.0,4
2902256,18.636,60.014,2019-03-12T11:59:14Z,0.0,0.0,0.0,4
2902256,18.636,60.014,2019-03-12T11:59:14Z,0.0,0.0,0.0,4
2902256,18.636,60.014,2019-03-12T11:59:14Z,0.0,0.0,0.0,4
2902256,18.636,60.014,2019-03-12T11:59:14Z,0.0,0.0,0.0,4
2902256,18.636,60.014,2019-03-12T11:59:14Z,0.0,0.0,0.0,4
2902256,18.636,60.014,2019-03-12T11:59:14Z,0.0,0.0,0.0,4
2902256,18.636,60.014,2019-03-12T11:59:14Z,0.0,0.0,0.0,4
2902256,18.636,60.014,2019-03-12T11:59:14Z,0.0,0.0,0.0,4
2902256,18.636,60.014,2019-03-12T11:59:14Z,0.0,0.0,0.0,4
2902256,18.636,60.014,2019-03-12T11:59:14Z,25.823,36.26,1.0,4
2902256,18.636,60.014,2019-03-12T11:59:14Z,25.736,36.277,2.0,1
2902256,18.636,60.014,2019-03-12T11:59:14Z,25.614,36.348,3.0,1
2902256,18.636,60.014,2019-03-12T11:59:14Z,25.594,36.365,4.0,1
2902256,18.636,60.014,2019-03-12T11:59:14Z,25.58,36.371,5.0,1
2902256,18.636,60.014,2019-03-12T11:59:14Z,25.574,36.37,6.0,1
2902201,18.634,65.429,2019-03-12T12:29:13Z,25.796,36.69,4.2,1
2902267,21.057,63.004,2019-03-12T13:48:00Z,0.0,0.0,0.0,4
2902267,21.057,63.004,2019-03-12T13:48:00Z,0.0,0.0,0.0,4
2902267,21.057,63.004,2019-03-12T13:48:00Z,0.0,0.0,0.0,4
2902267,21.057,63.004,2019-03-12T13:48:00Z,0.0,0.0,0.0,4
2902267,21.057,63.004,2019-03-12T13:48:00Z,0.0,0.0,0.0,4
2902267,21.057,63.004,2019-03-12T13:48:00Z,0.0,0.0,0.0,4
2902267,21.057,63.004,2019-03-12T13:48:00Z,0.0,0.0,0.0,4
2902267,21.057,63.004,2019-03-12T13:48:00Z,0.0,0.0,0.0,4
2902267,21.057,63.004,2019-03-12T13:48:00Z,0.0,0.0,0.0,4
2902267,21.057,63.004,2019-03-12T13:48:00Z,0.0,0.0,0.0,4
2902267,21.057,63.004,2019-03-12T13:48:00Z,0.0,0.0,0.0,4
2902267,21.057,63.004,2019-03-12T13:48:00Z,0.0,0.0,0.0,4
2902267,21.057,63.004,2019-03-12T13:48:00Z,0.0,0.0,0.0,4
2902267,21.057,63.004,2019-03-12T13:48:00Z,0.0,0.0,0.0,4
2902267,21.057,63.004,2019-03-12T13:48:00Z,0.0,0.0,0.0,4
2902267,21.057,63.004,2019-03-12T13:48:00Z,0.0,0.0,0.0,4
2902267,21.057,63.004,2019-03-12T13:48:00Z,0.0,0.0,0.0,4
2902267,21.057,63.004,2019-03-12T13:48:00Z,0.0,0.0,0.0,4
2902267,21.057,63.004,2019-03-12T13:48:00Z,0.0,0.0,0.0,4
2902267,21.057,63.004,2019-03-12T13:48:00Z,0.0,0.0,0.0,4
2902267,21.057,63.004,2019-03-12T13:48:00Z,0.0,0.0,0.0,4
2902267,21.057,63.004,2019-03-12T13:48:00Z,0.0,0.0,0.0,4
2902267,21.057,63.004,2019-03-12T13:48:00Z,0.0,0.0,0.0,4
2902267,21.057,63.004,2019-03-12T13:48:00Z,0.0,0.0,0.0,4
2902267,21.057,63.004,2019-03-12T13:48:00Z,0.0,0.0,0.0,4
2902267,21.057,63.004,2019-03-12T13:48:00Z,0.0,0.0,0.0,4
2902267,21.057,63.004,2019-03-12T13:48:00Z,0.0,0.0,0.0,4
2902267,21.057,63.004,2019-03-12T13:48:00Z,0.0,0.0,0.0,4
2902267,21.057,63.004,2019-03-12T13:48:00Z,0.0,0.0,0.0,4
2902267,21.057,63.004,2019-03-12T13:48:00Z,0.0,0.0,0.0,4
2902267,21.057,63.004,2019-03-12T13:48:00Z,0.0,0.0,0.0,4
2902267,21.057,63.004,2019-03-12T13:48:00Z,0.0,0.0,0.0,4
2902267,21.057,63.004,2019-03-12T13:48:00Z,0.0,0.0,0.0,4
2902267,21.057,63.004,2019-03-12T13:48:00Z,0.0,0.0,0.0,4
2902267,21.057,63.004,2019-03-12T13:48:00Z,0.0,0.0,0.0,4
2902267,21.057,63.004,2019-03-12T13:48:00Z,0.0,0.0,0.0,4
2902267,21.057,63.004,2019-03-12T13:48:00Z,0.0,0.0,0.0,4
2902267,21.057,63.004,2019-03-12T13:48:00Z,0.0,0.0,0.0,4
2902267,21.057,63.004,2019-03-12T13:48:00Z,0.0,0.0,0.0,4
2902267,21.057,63.004,2019-03-12T13:48:00Z,0.0,0.0,0.0,4
2902267,21.057,63.004,2019-03-12T13:48:00Z,0.0,0.0,0.0,4
2902267,21.057,63.004,2019-03-12T13:48:00Z,0.0,0.0,0.0,4
2902267,21.057,63.004,2019-03-12T13:48:00Z,0.0,0.0,0.0,4
2902267,21.057,63.004,2019-03-12T13:48:00Z,0.0,0.0,0.0,4
2902267,21.057,63.004,2019-03-12T13:48:00Z,0.0,0.0,0.0,4
2902267,21.057,63.004,2019-03-12T13:48:00Z,0.0,0.0,0.0,4
2902267,21.057,63.004,2019-03-12T13:48:00Z,0.0,0.0,0.0,4
2902267,21.057,63.004,2019-03-12T13:48:00Z,0.0,0.0,0.0,4
2902267,21.057,63.004,2019-03-12T13:48:00Z,0.0,0.0,0.0,4
2902267,21.057,63.004,2019-03-12T13:48:00Z,0.0,0.0,0.0,4
2902267,21.057,63.004,2019-03-12T13:48:00Z,0.0,0.0,0.0,4
2902267,21.057,63.004,2019-03-12T13:48:00Z,0.0,0.0,0.0,4
2902267,21.057,63.004,2019-03-12T13:48:00Z,0.0,0.0,0.0,4
2902267,21.057,63.004,2019-03-12T13:48:00Z,0.0,0.0,0.0,4
2902267,21.057,63.004,2019-03-12T13:48:00Z,0.0,0.0,0.0,4
2902267,21.057,63.004,2019-03-12T13:48:00Z,0.0,0.0,0.0,4
2902267,21.057,63.004,2019-03-12T13:48:00Z,0.0,0.0,0.0,4
2902267,21.057,63.004,2019-03-12T13:48:00Z,0.0,0.0,0.0,4
2902267,21.057,63.004,2019-03-12T13:48:00Z,0.0,0.0,0.0,4
2902267,21.057,63.004,2019-03-12T13:48:00Z,0.0,0.0,0.0,4
2902267,21.057,63.004,2019-03-12T13:48:00Z,0.0,0.0,0.0,4
2902267,21.057,63.004,2019-03-12T13:48:00Z,0.0,0.0,0.0,4
2902267,21.057,63.004,2019-03-12T13:48:00Z,0.0,0.0,0.0,4
2902267,21.057,63.004,2019-03-12T13:48:00Z,0.0,0.0,0.0,4
2902267,21.057,63.004,2019-03-12T13:48:00Z,0.0,0.0,0.0,4
2902267,21.057,63.004,2019-03-12T13:48:00Z,0.0,0.0,0.0,4
2902267,21.057,63.004,2019-03-12T13:48:00Z,0.0,0.0,0.0,4
2902267,21.057,63.004,2019-03-12T13:48:00Z,0.0,0.0,0.0,4
2902267,21.057,63.004,2019-03-12T13:48:00Z,0.0,0.0,0.0,4
2902267,21.057,63.004,2019-03-12T13:48:00Z,0.0,0.0,0.0,4
2902267,21.057,63.004,2019-03-12T13:48:00Z,0.0,0.0,0.0,4
2902267,21.057,63.004,2019-03-12T13:48:00Z,0.0,0.0,0.0,4
2902267,21.057,63.004,2019-03-12T13:48:00Z,0.0,0.0,0.0,4
2902267,21.057,63.004,2019-03-12T13:48:00Z,0.0,0.0,0.0,4
2902267,21.057,63.004,2019-03-12T13:48:00Z,0.0,0.0,0.0,4
2902267,21.057,63.004,2019-03-12T13:48:00Z,0.0,0.0,0.0,4
2902267,21.057,63.004,2019-03-12T13:48:00Z,0.0,0.0,0.0,4
2902267,21.057,63.004,2019-03-12T13:48:00Z,0.0,0.0,0.0,4
2902267,21.057,63.004,2019-03-12T13:48:00Z,0.0,0.0,0.0,4
2902267,21.057,63.004,2019-03-12T13:48:00Z,0.0,0.0,0.0,4
2902267,21.057,63.004,2019-03-12T13:48:00Z,0.0,0.0,0.0,4
2902267,21.057,63.004,2019-03-12T13:48:00Z,0.0,0.0,0.0,4
2902267,21.057,63.004,2019-03-12T13:48:00Z,0.0,0.0,0.0,4
2902267,21.057,63.004,2019-03-12T13:48:00Z,0.0,0.0,0.0,4
2902267,21.057,63.004,2019-03-12T13:48:00Z,0.0,0.0,0.0,4
2902267,21.057,63.004,2019-03-12T13:48:00Z,0.0,0.0,0.0,4
2902267,21.057,63.004,2019-03-12T13:48:00Z,0.0,0.0,0.0,4
2902267,21.057,63.004,2019-03-12T13:48:00Z,0.0,0.0,0.0,4
2902267,21.057,63.004,2019-03-12T13:48:00Z,0.0,0.0,0.0,4
2902267,21.057,63.004,2019-03-12T13:48:00Z,0.0,0.0,0.0,4
2902267,21.057,63.004,2019-03-12T13:48:00Z,0.0,0.0,0.0,4
2902267,21.057,63.004,2019-03-12T13:48:00Z,0.0,0.0,0.0,4
2902267,21.057,63.004,2019-03-12T13:48:00Z,0.0,0.0,0.0,4
2902267,21.057,63.004,2019-03-12T13:48:00Z,0.0,0.0,0.0,4
2902267,21.057,63.004,2019-03-12T13:48:00Z,0.0,0.0,0.0,4
2902267,21.057,63.004,2019-03-12T13:48:00Z,0.0,0.0,0.0,4
2902267,21.057,63.004,2019-03-12T13:48:00Z,0.0,0.0,0.0,4
2902267,21.057,63.004,2019-03-12T13:48:00Z,0.0,0.0,0.0,4
2902267,21.057,63.004,2019-03-12T13:48:00Z,0.0,0.0,0.0,4
2902267,21.057,63.004,2019-03-12T13:48:00Z,0.0,0.0,0.0,4
2902267,21.057,63.004,2019-03-12T13:48:00Z,0.0,0.0,0.0,4
2902267,21.057,63.004,2019-03-12T13:48:00Z,0.0,0.0,0.0,4
2902267,21.057,63.004,2019-03-12T13:48:00Z,0.0,0.0,0.0,4
2902267,21.057,63.004,2019-03-12T13:48:00Z,0.0,0.0,0.0,4
2902267,21.057,63.004,2019-03-12T13:48:00Z,0.0,0.0,0.0,4
2902267,21.057,63.004,2019-03-12T13:48:00Z,0.0,0.0,0.0,4
2902267,21.057,63.004,2019-03-12T13:48:00Z,0.0,0.0,0.0,4
2902267,21.057,63.004,2019-03-12T13:48:00Z,0.0,0.0,0.0,4
2902267,21.057,63.004,2019-03-12T13:48:00Z,0.0,0.0,0.0,4
2902267,21.057,63.004,2019-03-12T13:48:00Z,0.0,0.0,0.0,4
2902267,21.057,63.004,2019-03-12T13:48:00Z,0.0,0.0,0.0,4
2902267,21.057,63.004,2019-03-12T13:48:00Z,0.0,0.0,0.0,4
2902267,21.057,63.004,2019-03-12T13:48:00Z,0.0,0.0,0.0,4
2902267,21.057,63.004,2019-03-12T13:48:00Z,0.0,0.0,0.0,4
2902267,21.057,63.004,2019-03-12T13:48:00Z,0.0,0.0,0.0,4
2902267,21.057,63.004,2019-03-12T13:48:00Z,0.0,0.0,0.0,4
2902267,21.057,63.004,2019-03-12T13:48:00Z,0.0,0.0,0.0,4
2902267,21.057,63.004,2019-03-12T13:48:00Z,0.0,0.0,0.0,4
2902267,21.057,63.004,2019-03-12T13:48:00Z,0.0,0.0,0.0,4
2902267,21.057,63.004,2019-03-12T13:48:00Z,0.0,0.0,0.0,4
2902267,21.057,63.004,2019-03-12T13:48:00Z,0.0,0.0,0.0,4
2902267,21.057,63.004,2019-03-12T13:48:00Z,0.0,0.0,0.0,4
2902267,21.057,63.004,2019-03-12T13:48:00Z,0.0,0.0,0.0,4
2902267,21.057,63.004,2019-03-12T13:48:00Z,0.0,0.0,0.0,4
2902267,21.057,63.004,2019-03-12T13:48:00Z,0.0,0.0,0.0,4
2902267,21.057,63.004,2019-03-12T13:48:00Z,0.0,0.0,0.0,4
2902267,21.057,63.004,2019-03-12T13:48:00Z,0.0,0.0,0.0,4
2902267,21.057,63.004,2019-03-12T13:48:00Z,0.0,0.0,0.0,4
2902267,21.057,63.004,2019-03-12T13:48:00Z,0.0,0.0,0.0,4
2902267,21.057,63.004,2019-03-12T13:48:00Z,0.0,0.0,0.0,4
2902267,21.057,63.004,2019-03-12T13:48:00Z,0.0,0.0,0.0,4
2902267,21.057,63.004,2019-03-12T13:48:00Z,0.0,0.0,0.0,4
2902267,21.057,63.004,2019-03-12T13:48:00Z,0.0,0.0,0.0,4
2902267,21.057,63.004,2019-03-12T13:48:00Z,0.0,0.0,0.0,4
2902267,21.057,63.004,2019-03-12T13:48:00Z,0.0,0.0,0.0,4
2902267,21.057,63.004,2019-03-12T13:48:00Z,0.0,0.0,0.0,4
2902267,21.057,63.004,2019-03-12T13:48:00Z,0.0,0.0,0.0,4
2902267,21.057,63.004,2019-03-12T13:48:00Z,0.0,0.0,0.0,4
2902267,21.057,63.004,2019-03-12T13:48:00Z,0.0,0.0,0.0,4
2902267,21.057,63.004,2019-03-12T13:48:00Z,0.0,0.0,0.0,4
2902267,21.057,63.004,2019-03-12T13:48:00Z,0.0,0.0,0.0,4
2902267,21.057,63.004,2019-03-12T13:48:00Z,0.0,0.0,0.0,4
2902267,21.057,63.004,2019-03-12T13:48:00Z,0.0,0.0,0.0,4
2902267,21.057,63.004,2019-03-12T13:48:00Z,0.0,0.0,0.0,4
2902267,21.057,63.004,2019-03-12T13:48:00Z,0.0,0.0,0.0,4
2902267,21.057,63.004,2019-03-12T13:48:00Z,0.0,0.0,0.0,4
2902267,21.057,63.004,2019-03-12T13:48:00Z,0.0,0.0,0.0,4
2902267,21.057,63.004,2019-03-12T13:48:00Z,0.0,0.0,0.0,4
2902267,21.057,63.004,2019-03-12T13:48:00Z,0.0,0.0,0.0,4
2902267,21.057,63.004,2019-03-12T13:48:00Z,0.0,0.0,0.0,4
2902267,21.057,63.004,2019-03-12T13:48:00Z,0.0,0.0,0.0,4
2902267,21.057,63.004,2019-03-12T13:48:00Z,0.0,0.0,0.0,4
2902267,21.057,63.004,2019-03-12T13:48:00Z,0.0,0.0,0.0,4
2902267,21.057,63.004,2019-03-12T13:48:00Z,0.0,0.0,0.0,4
2902267,21.057,63.004,2019-03-12T13:48:00Z,0.0,0.0,0.0,4
2902267,21.057,63.004,2019-03-12T13:48:00Z,0.0,0.0,0.0,4
2902267,21.057,63.004,2019-03-12T13:48:00Z,0.0,0.0,0.0,4
2902267,21.057,63.004,2019-03-12T13:48:00Z,0.0,0.0,0.0,4
2902267,21.057,63.004,2019-03-12T13:48:00Z,0.0,0.0,0.0,4
2902267,21.057,63.004,2019-03-12T13:48:00Z,0.0,0.0,0.0,4
2902267,21.057,63.004,2019-03-12T13:48:00Z,0.0,0.0,0.0,4
2902267,21.057,63.004,2019-03-12T13:48:00Z,0.0,0.0,0.0,4
2902267,21.057,63.004,2019-03-12T13:48:00Z,0.0,0.0,0.0,4
2902267,21.057,63.004,2019-03-12T13:48:00Z,0.0,0.0,0.0,4
2902267,21.057,63.004,2019-03-12T13:48:00Z,0.0,0.0,0.0,4
2902267,21.057,63.004,2019-03-12T13:48:00Z,0.0,0.0,0.0,4
2902267,21.057,63.004,2019-03-12T13:48:00Z,0.0,0.0,0.0,4
2902267,21.057,63.004,2019-03-12T13:48:00Z,0.0,0.0,0.0,4
2902267,21.057,63.004,2019-03-12T13:48:00Z,0.0,0.0,0.0,4
2902267,21.057,63.004,2019-03-12T13:48:00Z,0.0,0.0,0.0,4
2902267,21.057,63.004,2019-03-12T13:48:00Z,0.0,0.0,0.0,4
2902267,21.057,63.004,2019-03-12T13:48:00Z,0.0,0.0,0.0,4
2902267,21.057,63.004,2019-03-12T13:48:00Z,0.0,0.0,0.0,4
2902267,21.057,63.004,2019-03-12T13:48:00Z,0.0,0.0,0.0,4
2902267,21.057,63.004,2019-03-12T13:48:00Z,0.0,0.0,0.0,4
2902267,21.057,63.004,2019-03-12T13:48:00Z,0.0,0.0,0.0,4
2902267,21.057,63.004,2019-03-12T13:48:00Z,0.0,0.0,0.0,4
2902267,21.057,63.004,2019-03-12T13:48:00Z,0.0,0.0,0.0,4
2902267,21.057,63.004,2019-03-12T13:48:00Z,0.0,0.0,0.0,4
2902267,21.057,63.004,2019-03-12T13:48:00Z,0.0,0.0,0.0,4
2902267,21.057,63.004,2019-03-12T13:48:00Z,0.0,0.0,0.0,4
2902267,21.057,63.004,2019-03-12T13:48:00Z,0.0,0.0,0.0,4
2902267,21.057,63.004,2019-03-12T13:48:00Z,0.0,0.0,0.0,4
2902267,21.057,63.004,2019-03-12T13:48:00Z,0.0,0.0,0.0,4
2902267,21.057,63.004,2019-03-12T13:48:00Z,0.0,0.0,0.0,4
2902267,21.057,63.004,2019-03-12T13:48:00Z,0.0,0.0,0.0,4
2902267,21.057,63.004,2019-03-12T13:48:00Z,0.0,0.0,0.0,4
2902267,21.057,63.004,2019-03-12T13:48:00Z,0.0,0.0,0.0,4
2902267,21.057,63.004,2019-03-12T13:48:00Z,0.0,0.0,0.0,4
2902267,21.057,63.004,2019-03-12T13:48:00Z,0.0,0.0,0.0,4
2902267,21.057,63.004,2019-03-12T13:48:00Z,0.0,0.0,0.0,4
2902267,21.057,63.004,2019-03-12T13:48:00Z,0.0,0.0,0.0,4
2902267,21.057,63.004,2019-03-12T13:48:00Z,0.0,0.0,0.0,4
2902267,21.057,63.004,2019-03-12T13:48:00Z,0.0,0.0,0.0,4
2902267,21.057,63.004,2019-03-12T13:48:00Z,0.0,0.0,0.0,4
2902267,21.057,63.004,2019-03-12T13:48:00Z,0.0,0.0,0.0,4
2902267,21.057,63.004,2019-03-12T13:48:00Z,0.0,0.0,0.0,4
2902267,21.057,63.004,2019-03-12T13:48:00Z,0.0,0.0,0.0,4
2902267,21.057,63.004,2019-03-12T13:48:00Z,0.0,0.0,0.0,4
2902267,21.057,63.004,2019-03-12T13:48:00Z,0.0,0.0,0.0,4
2902267,21.057,63.004,2019-03-12T13:48:00Z,0.0,0.0,0.0,4
2902267,21.057,63.004,2019-03-12T13:48:00Z,0.0,0.0,0.0,4
2902267,21.057,63.004,2019-03-12T13:48:00Z,0.0,0.0,0.0,4
2902267,21.057,63.004,2019-03-12T13:48:00Z,0.0,0.0,0.0,4
2902267,21.057,63.004,2019-03-12T13:48:00Z,0.0,0.0,0.0,4
2902267,21.057,63.004,2019-03-12T13:48:00Z,0.0,0.0,0.0,4
2902267,21.057,63.004,2019-03-12T13:48:00Z,0.0,0.0,0.0,4
2902267,21.057,63.004,2019-03-12T13:48:00Z,0.0,0.0,0.0,4
2902267,21.057,63.004,2019-03-12T13:48:00Z,0.0,0.0,0.0,4
2902267,21.057,63.004,2019-03-12T13:48:00Z,0.0,0.0,0.0,4
2902267,21.057,63.004,2019-03-12T13:48:00Z,0.0,0.0,0.0,4
2902267,21.057,63.004,2019-03-12T13:48:00Z,0.0,0.0,0.0,4
2902267,21.057,63.004,2019-03-12T13:48:00Z,0.0,0.0,0.0,4
2902267,21.057,63.004,2019-03-12T13:48:00Z,25.12,36.547,1.0,4
2902267,21.057,63.004,2019-03-12T13:48:00Z,25.122,36.545,2.0,4
2902267,21.057,63.004,2019-03-12T13:48:00Z,25.118,36.548,3.0,4
2902267,21.057,63.004,2019-03-12T13:48:00Z,25.121,36.55,4.0,1
2902267,21.057,63.004,2019-03-12T13:48:00Z,25.103,36.556,5.0,1
2902267,21.057,63.004,2019-03-12T13:48:00Z,25.098,36.556,6.0,1
2902156,2.655,80.049,2019-03-12T21:31:28Z,29.36,35.073,3.0,1
2902156,2.655,80.049,2019-03-12T21:31:28Z,29.362,35.072,4.0,1
2902156,2.655,80.049,2019-03-12T21:31:28Z,29.365,35.075,6.0,1
2902203,17.272,63.583,2019-03-13T13:30:17Z,25.859,38.619,3.9,4
2902268,18.551,64.676,2019-03-13T13:54:00Z,0.0,0.0,0.0,4
2902268,18.551,64.676,2019-03-13T13:54:00Z,0.0,0.0,0.0,4
2902268,18.551,64.676,2019-03-13T13:54:00Z,0.0,0.0,0.0,4
2902268,18.551,64.676,2019-03-13T13:54:00Z,0.0,0.0,0.0,4
2902268,18.551,64.676,2019-03-13T13:54:00Z,0.0,0.0,0.0,4
2902268,18.551,64.676,2019-03-13T13:54:00Z,0.0,0.0,0.0,4
2902268,18.551,64.676,2019-03-13T13:54:00Z,0.0,0.0,0.0,4
2902268,18.551,64.676,2019-03-13T13:54:00Z,0.0,0.0,0.0,4
2902268,18.551,64.676,2019-03-13T13:54:00Z,0.0,0.0,0.0,4
2902268,18.551,64.676,2019-03-13T13:54:00Z,0.0,0.0,0.0,4
2902268,18.551,64.676,2019-03-13T13:54:00Z,0.0,0.0,0.0,4
2902268,18.551,64.676,2019-03-13T13:54:00Z,0.0,0.0,0.0,4
2902268,18.551,64.676,2019-03-13T13:54:00Z,0.0,0.0,0.0,4
2902268,18.551,64.676,2019-03-13T13:54:00Z,0.0,0.0,0.0,4
2902268,18.551,64.676,2019-03-13T13:54:00Z,0.0,0.0,0.0,4
2902268,18.551,64.676,2019-03-13T13:54:00Z,0.0,0.0,0.0,4
2902268,18.551,64.676,2019-03-13T13:54:00Z,0.0,0.0,0.0,4
2902268,18.551,64.676,2019-03-13T13:54:00Z,0.0,0.0,0.0,4
2902268,18.551,64.676,2019-03-13T13:54:00Z,0.0,0.0,0.0,4
2902268,18.551,64.676,2019-03-13T13:54:00Z,0.0,0.0,0.0,4
2902268,18.551,64.676,2019-03-13T13:54:00Z,0.0,0.0,0.0,4
2902268,18.551,64.676,2019-03-13T13:54:00Z,0.0,0.0,0.0,4
2902268,18.551,64.676,2019-03-13T13:54:00Z,0.0,0.0,0.0,4
2902268,18.551,64.676,2019-03-13T13:54:00Z,0.0,0.0,0.0,4
2902268,18.551,64.676,2019-03-13T13:54:00Z,0.0,0.0,0.0,4
2902268,18.551,64.676,2019-03-13T13:54:00Z,0.0,0.0,0.0,4
2902268,18.551,64.676,2019-03-13T13:54:00Z,0.0,0.0,0.0,4
2902268,18.551,64.676,2019-03-13T13:54:00Z,0.0,0.0,0.0,4
2902268,18.551,64.676,2019-03-13T13:54:00Z,0.0,0.0,0.0,4
2902268,18.551,64.676,2019-03-13T13:54:00Z,0.0,0.0,0.0,4
2902268,18.551,64.676,2019-03-13T13:54:00Z,0.0,0.0,0.0,4
2902268,18.551,64.676,2019-03-13T13:54:00Z,0.0,0.0,0.0,4
2902268,18.551,64.676,2019-03-13T13:54:00Z,0.0,0.0,0.0,4
2902268,18.551,64.676,2019-03-13T13:54:00Z,0.0,0.0,0.0,4
2902268,18.551,64.676,2019-03-13T13:54:00Z,0.0,0.0,0.0,4
2902268,18.551,64.676,2019-03-13T13:54:00Z,0.0,0.0,0.0,4
2902268,18.551,64.676,2019-03-13T13:54:00Z,0.0,0.0,0.0,4
2902268,18.551,64.676,2019-03-13T13:54:00Z,0.0,0.0,0.0,4
2902268,18.551,64.676,2019-03-13T13:54:00Z,0.0,0.0,0.0,4
2902268,18.551,64.676,2019-03-13T13:54:00Z,0.0,0.0,0.0,4
2902268,18.551,64.676,2019-03-13T13:54:00Z,0.0,0.0,0.0,4
2902268,18.551,64.676,2019-03-13T13:54:00Z,0.0,0.0,0.0,4
2902268,18.551,64.676,2019-03-13T13:54:00Z,0.0,0.0,0.0,4
2902268,18.551,64.676,2019-03-13T13:54:00Z,0.0,0.0,0.0,4
2902268,18.551,64.676,2019-03-13T13:54:00Z,0.0,0.0,0.0,4
2902268,18.551,64.676,2019-03-13T13:54:00Z,0.0,0.0,0.0,4
2902268,18.551,64.676,2019-03-13T13:54:00Z,0.0,0.0,0.0,4
2902268,18.551,64.676,2019-03-13T13:54:00Z,0.0,0.0,0.0,4
2902268,18.551,64.676,2019-03-13T13:54:00Z,0.0,0.0,0.0,4
2902268,18.551,64.676,2019-03-13T13:54:00Z,0.0,0.0,0.0,4
2902268,18.551,64.676,2019-03-13T13:54:00Z,0.0,0.0,0.0,4
2902268,18.551,64.676,2019-03-13T13:54:00Z,0.0,0.0,0.0,4
2902268,18.551,64.676,2019-03-13T13:54:00Z,0.0,0.0,0.0,4
2902268,18.551,64.676,2019-03-13T13:54:00Z,0.0,0.0,0.0,4
2902268,18.551,64.676,2019-03-13T13:54:00Z,0.0,0.0,0.0,4
2902268,18.551,64.676,2019-03-13T13:54:00Z,0.0,0.0,0.0,4
2902268,18.551,64.676,2019-03-13T13:54:00Z,0.0,0.0,0.0,4
2902268,18.551,64.676,2019-03-13T13:54:00Z,0.0,0.0,0.0,4
2902268,18.551,64.676,2019-03-13T13:54:00Z,0.0,0.0,0.0,4
2902268,18.551,64.676,2019-03-13T13:54:00Z,0.0,0.0,0.0,4
2902268,18.551,64.676,2019-03-13T13:54:00Z,0.0,0.0,0.0,4
2902268,18.551,64.676,2019-03-13T13:54:00Z,0.0,0.0,0.0,4
2902268,18.551,64.676,2019-03-13T13:54:00Z,0.0,0.0,0.0,4
2902268,18.551,64.676,2019-03-13T13:54:00Z,0.0,0.0,0.0,4
2902268,18.551,64.676,2019-03-13T13:54:00Z,0.0,0.0,0.0,4
2902268,18.551,64.676,2019-03-13T13:54:00Z,0.0,0.0,0.0,4
2902268,18.551,64.676,2019-03-13T13:54:00Z,0.0,0.0,0.0,4
2902268,18.551,64.676,2019-03-13T13:54:00Z,0.0,0.0,0.0,4
2902268,18.551,64.676,2019-03-13T13:54:00Z,0.0,0.0,0.0,4
2902268,18.551,64.676,2019-03-13T13:54:00Z,0.0,0.0,0.0,4
2902268,18.551,64.676,2019-03-13T13:54:00Z,0.0,0.0,0.0,4
2902268,18.551,64.676,2019-03-13T13:54:00Z,0.0,0.0,0.0,4
2902268,18.551,64.676,2019-03-13T13:54:00Z,0.0,0.0,0.0,4
2902268,18.551,64.676,2019-03-13T13:54:00Z,0.0,0.0,0.0,4
2902268,18.551,64.676,2019-03-13T13:54:00Z,0.0,0.0,0.0,4
2902268,18.551,64.676,2019-03-13T13:54:00Z,0.0,0.0,0.0,4
2902268,18.551,64.676,2019-03-13T13:54:00Z,0.0,0.0,0.0,4
2902268,18.551,64.676,2019-03-13T13:54:00Z,0.0,0.0,0.0,4
2902268,18.551,64.676,2019-03-13T13:54:00Z,0.0,0.0,0.0,4
2902268,18.551,64.676,2019-03-13T13:54:00Z,0.0,0.0,0.0,4
2902268,18.551,64.676,2019-03-13T13:54:00Z,0.0,0.0,0.0,4
2902268,18.551,64.676,2019-03-13T13:54:00Z,0.0,0.0,0.0,4
2902268,18.551,64.676,2019-03-13T13:54:00Z,0.0,0.0,0.0,4
2902268,18.551,64.676,2019-03-13T13:54:00Z,0.0,0.0,0.0,4
2902268,18.551,64.676,2019-03-13T13:54:00Z,0.0,0.0,0.0,4
2902268,18.551,64.676,2019-03-13T13:54:00Z,0.0,0.0,0.0,4
2902268,18.551,64.676,2019-03-13T13:54:00Z,0.0,0.0,0.0,4
2902268,18.551,64.676,2019-03-13T13:54:00Z,0.0,0.0,0.0,4
2902268,18.551,64.676,2019-03-13T13:54:00Z,0.0,0.0,0.0,4
2902268,18.551,64.676,2019-03-13T13:54:00Z,0.0,0.0,0.0,4
2902268,18.551,64.676,2019-03-13T13:54:00Z,0.0,0.0,0.0,4
2902268,18.551,64.676,2019-03-13T13:54:00Z,0.0,0.0,0.0,4
2902268,18.551,64.676,2019-03-13T13:54:00Z,0.0,0.0,0.0,4
2902268,18.551,64.676,2019-03-13T13:54:00Z,0.0,0.0,0.0,4
2902268,18.551,64.676,2019-03-13T13:54:00Z,0.0,0.0,0.0,4
2902268,18.551,64.676,2019-03-13T13:54:00Z,0.0,0.0,0.0,4
2902268,18.551,64.676,2019-03-13T13:54:00Z,0.0,0.0,0.0,4
2902268,18.551,64.676,2019-03-13T13:54:00Z,0.0,0.0,0.0,4
2902268,18.551,64.676,2019-03-13T13:54:00Z,0.0,0.0,0.0,4
2902268,18.551,64.676,2019-03-13T13:54:00Z,0.0,0.0,0.0,4
2902268,18.551,64.676,2019-03-13T13:54:00Z,0.0,0.0,0.0,4
2902268,18.551,64.676,2019-03-13T13:54:00Z,0.0,0.0,0.0,4
2902268,18.551,64.676,2019-03-13T13:54:00Z,0.0,0.0,0.0,4
2902268,18.551,64.676,2019-03-13T13:54:00Z,0.0,0.0,0.0,4
2902268,18.551,64.676,2019-03-13T13:54:00Z,0.0,0.0,0.0,4
2902268,18.551,64.676,2019-03-13T13:54:00Z,0.0,0.0,0.0,4
2902268,18.551,64.676,2019-03-13T13:54:00Z,0.0,0.0,0.0,4
2902268,18.551,64.676,2019-03-13T13:54:00Z,0.0,0.0,0.0,4
2902268,18.551,64.676,2019-03-13T13:54:00Z,0.0,0.0,0.0,4
2902268,18.551,64.676,2019-03-13T13:54:00Z,0.0,0.0,0.0,4
2902268,18.551,64.676,2019-03-13T13:54:00Z,0.0,0.0,0.0,4
2902268,18.551,64.676,2019-03-13T13:54:00Z,0.0,0.0,0.0,4
2902268,18.551,64.676,2019-03-13T13:54:00Z,0.0,0.0,0.0,4
2902268,18.551,64.676,2019-03-13T13:54:00Z,0.0,0.0,0.0,4
2902268,18.551,64.676,2019-03-13T13:54:00Z,0.0,0.0,0.0,4
2902268,18.551,64.676,2019-03-13T13:54:00Z,0.0,0.0,0.0,4
2902268,18.551,64.676,2019-03-13T13:54:00Z,0.0,0.0,0.0,4
2902268,18.551,64.676,2019-03-13T13:54:00Z,0.0,0.0,0.0,4
2902268,18.551,64.676,2019-03-13T13:54:00Z,0.0,0.0,0.0,4
2902268,18.551,64.676,2019-03-13T13:54:00Z,0.0,0.0,0.0,4
2902268,18.551,64.676,2019-03-13T13:54:00Z,0.0,0.0,0.0,4
2902268,18.551,64.676,2019-03-13T13:54:00Z,0.0,0.0,0.0,4
2902268,18.551,64.676,2019-03-13T13:54:00Z,0.0,0.0,0.0,4
2902268,18.551,64.676,2019-03-13T13:54:00Z,0.0,0.0,0.0,4
2902268,18.551,64.676,2019-03-13T13:54:00Z,0.0,0.0,0.0,4
2902268,18.551,64.676,2019-03-13T13:54:00Z,0.0,0.0,0.0,4
2902268,18.551,64.676,2019-03-13T13:54:00Z,0.0,0.0,0.0,4
2902268,18.551,64.676,2019-03-13T13:54:00Z,0.0,0.0,0.0,4
2902268,18.551,64.676,2019-03-13T13:54:00Z,0.0,0.0,0.0,4
2902268,18.551,64.676,2019-03-13T13:54:00Z,0.0,0.0,0.0,4
2902268,18.551,64.676,2019-03-13T13:54:00Z,0.0,0.0,0.0,4
2902268,18.551,64.676,2019-03-13T13:54:00Z,0.0,0.0,0.0,4
2902268,18.551,64.676,2019-03-13T13:54:00Z,0.0,0.0,0.0,4
2902268,18.551,64.676,2019-03-13T13:54:00Z,0.0,0.0,0.0,4
2902268,18.551,64.676,2019-03-13T13:54:00Z,0.0,0.0,0.0,4
2902268,18.551,64.676,2019-03-13T13:54:00Z,0.0,0.0,0.0,4
2902268,18.551,64.676,2019-03-13T13:54:00Z,0.0,0.0,0.0,4
2902268,18.551,64.676,2019-03-13T13:54:00Z,0.0,0.0,0.0,4
2902268,18.551,64.676,2019-03-13T13:54:00Z,0.0,0.0,0.0,4
2902268,18.551,64.676,2019-03-13T13:54:00Z,0.0,0.0,0.0,4
2902268,18.551,64.676,2019-03-13T13:54:00Z,0.0,0.0,0.0,4
2902268,18.551,64.676,2019-03-13T13:54:00Z,0.0,0.0,0.0,4
2902268,18.551,64.676,2019-03-13T13:54:00Z,0.0,0.0,0.0,4
2902268,18.551,64.676,2019-03-13T13:54:00Z,0.0,0.0,0.0,4
2902268,18.551,64.676,2019-03-13T13:54:00Z,0.0,0.0,0.0,4
2902268,18.551,64.676,2019-03-13T13:54:00Z,0.0,0.0,0.0,4
2902268,18.551,64.676,2019-03-13T13:54:00Z,0.0,0.0,0.0,4
2902268,18.551,64.676,2019-03-13T13:54:00Z,0.0,0.0,0.0,4
2902268,18.551,64.676,2019-03-13T13:54:00Z,0.0,0.0,0.0,4
2902268,18.551,64.676,2019-03-13T13:54:00Z,0.0,0.0,0.0,4
2902268,18.551,64.676,2019-03-13T13:54:00Z,0.0,0.0,0.0,4
2902268,18.551,64.676,2019-03-13T13:54:00Z,0.0,0.0,0.0,4
2902268,18.551,64.676,2019-03-13T13:54:00Z,0.0,0.0,0.0,4
2902268,18.551,64.676,2019-03-13T13:54:00Z,0.0,0.0,0.0,4
2902268,18.551,64.676,2019-03-13T13:54:00Z,0.0,0.0,0.0,4
2902268,18.551,64.676,2019-03-13T13:54:00Z,0.0,0.0,0.0,4
2902268,18.551,64.676,2019-03-13T13:54:00Z,0.0,0.0,0.0,4
2902268,18.551,64.676,2019-03-13T13:54:00Z,0.0,0.0,0.0,4
2902268,18.551,64.676,2019-03-13T13:54:00Z,0.0,0.0,0.0,4
2902268,18.551,64.676,2019-03-13T13:54:00Z,0.0,0.0,0.0,4
2902268,18.551,64.676,2019-03-13T13:54:00Z,0.0,0.0,0.0,4
2902268,18.551,64.676,2019-03-13T13:54:00Z,0.0,0.0,0.0,4
2902268,18.551,64.676,2019-03-13T13:54:00Z,0.0,0.0,0.0,4
2902268,18.551,64.676,2019-03-13T13:54:00Z,0.0,0.0,0.0,4
2902268,18.551,64.676,2019-03-13T13:54:00Z,0.0,0.0,0.0,4
2902268,18.551,64.676,2019-03-13T13:54:00Z,0.0,0.0,0.0,4
2902268,18.551,64.676,2019-03-13T13:54:00Z,0.0,0.0,0.0,4
2902268,18.551,64.676,2019-03-13T13:54:00Z,0.0,0.0,0.0,4
2902268,18.551,64.676,2019-03-13T13:54:00Z,0.0,0.0,0.0,4
2902268,18.551,64.676,2019-03-13T13:54:00Z,0.0,0.0,0.0,4
2902268,18.551,64.676,2019-03-13T13:54:00Z,0.0,0.0,0.0,4
2902268,18.551,64.676,2019-03-13T13:54:00Z,0.0,0.0,0.0,4
2902268,18.551,64.676,2019-03-13T13:54:00Z,0.0,0.0,0.0,4
2902268,18.551,64.676,2019-03-13T13:54:00Z,0.0,0.0,0.0,4
2902268,18.551,64.676,2019-03-13T13:54:00Z,0.0,0.0,0.0,4
2902268,18.551,64.676,2019-03-13T13:54:00Z,0.0,0.0,0.0,4
2902268,18.551,64.676,2019-03-13T13:54:00Z,0.0,0.0,0.0,4
2902268,18.551,64.676,2019-03-13T13:54:00Z,0.0,0.0,0.0,4
2902268,18.551,64.676,2019-03-13T13:54:00Z,0.0,0.0,0.0,4
2902268,18.551,64.676,2019-03-13T13:54:00Z,0.0,0.0,0.0,4
2902268,18.551,64.676,2019-03-13T13:54:00Z,0.0,0.0,0.0,4
2902268,18.551,64.676,2019-03-13T13:54:00Z,0.0,0.0,0.0,4
2902268,18.551,64.676,2019-03-13T13:54:00Z,0.0,0.0,0.0,4
2902268,18.551,64.676,2019-03-13T13:54:00Z,0.0,0.0,0.0,4
2902268,18.551,64.676,2019-03-13T13:54:00Z,0.0,0.0,0.0,4
2902268,18.551,64.676,2019-03-13T13:54:00Z,0.0,0.0,0.0,4
2902268,18.551,64.676,2019-03-13T13:54:00Z,0.0,0.0,0.0,4
2902268,18.551,64.676,2019-03-13T13:54:00Z,0.0,0.0,0.0,4
2902268,18.551,64.676,2019-03-13T13:54:00Z,0.0,0.0,0.0,4
2902268,18.551,64.676,2019-03-13T13:54:00Z,0.0,0.0,0.0,4
2902268,18.551,64.676,2019-03-13T13:54:00Z,0.0,0.0,0.0,4
2902268,18.551,64.676,2019-03-13T13:54:00Z,0.0,0.0,0.0,4
2902268,18.551,64.676,2019-03-13T13:54:00Z,0.0,0.0,0.0,4
2902268,18.551,64.676,2019-03-13T13:54:00Z,0.0,0.0,0.0,4
2902268,18.551,64.676,2019-03-13T13:54:00Z,0.0,0.0,0.0,4
2902268,18.551,64.676,2019-03-13T13:54:00Z,0.0,0.0,0.0,4
2902268,18.551,64.676,2019-03-13T13:54:00Z,0.0,0.0,0.0,4
2902268,18.551,64.676,2019-03-13T13:54:00Z,0.0,0.0,0.0,4
2902268,18.551,64.676,2019-03-13T13:54:00Z,0.0,0.0,0.0,4
2902268,18.551,64.676,2019-03-13T13:54:00Z,0.0,0.0,0.0,4
2902268,18.551,64.676,2019-03-13T13:54:00Z,0.0,0.0,0.0,4
2902268,18.551,64.676,2019-03-13T13:54:00Z,0.0,0.0,0.0,4
2902268,18.551,64.676,2019-03-13T13:54:00Z,0.0,0.0,0.0,4
2902268,18.551,64.676,2019-03-13T13:54:00Z,0.0,0.0,0.0,4
2902268,18.551,64.676,2019-03-13T13:54:00Z,0.0,0.0,0.0,4
2902268,18.551,64.676,2019-03-13T13:54:00Z,0.0,0.0,0.0,4
2902268,18.551,64.676,2019-03-13T13:54:00Z,0.0,0.0,0.0,4
2902268,18.551,64.676,2019-03-13T13:54:00Z,0.0,0.0,0.0,4
2902268,18.551,64.676,2019-03-13T13:54:00Z,0.0,0.0,0.0,4
2902268,18.551,64.676,2019-03-13T13:54:00Z,0.0,0.0,0.0,4
2902268,18.551,64.676,2019-03-13T13:54:00Z,0.0,0.0,0.0,4
2902268,18.551,64.676,2019-03-13T13:54:00Z,0.0,0.0,0.0,4
2902268,18.551,64.676,2019-03-13T13:54:00Z,0.0,0.0,0.0,4
2902268,18.551,64.676,2019-03-13T13:54:00Z,0.0,0.0,0.0,4
2902268,18.551,64.676,2019-03-13T13:54:00Z,0.0,0.0,0.0,4
2902268,18.551,64.676,2019-03-13T13:54:00Z,0.0,0.0,0.0,4
2902268,18.551,64.676,2019-03-13T13:54:00Z,0.0,0.0,0.0,4
2902268,18.551,64.676,2019-03-13T13:54:00Z,0.0,0.0,0.0,4
2902268,18.551,64.676,2019-03-13T13:54:00Z,0.0,0.0,0.0,4
2902268,18.551,64.676,2019-03-13T13:54:00Z,0.0,0.0,0.0,4
2902268,18.551,64.676,2019-03-13T13:54:00Z,0.0,0.0,0.0,4
2902268,18.551,64.676,2019-03-13T13:54:00Z,0.0,0.0,0.0,4
2902268,18.551,64.676,2019-03-13T13:54:00Z,0.0,0.0,0.0,4
2902268,18.551,64.676,2019-03-13T13:54:00Z,0.0,0.0,0.0,4
2902268,18.551,64.676,2019-03-13T13:54:00Z,0.0,0.0,0.0,4
2902268,18.551,64.676,2019-03-13T13:54:00Z,0.0,0.0,0.0,4
2902268,18.551,64.676,2019-03-13T13:54:00Z,0.0,0.0,0.0,4
2902268,18.551,64.676,2019-03-13T13:54:00Z,0.0,0.0,0.0,4
2902268,18.551,64.676,2019-03-13T13:54:00Z,0.0,0.0,0.0,4
2902268,18.551,64.676,2019-03-13T13:54:00Z,0.0,0.0,0.0,4
2902268,18.551,64.676,2019-03-13T13:54:00Z,0.0,0.0,0.0,4
2902268,18.551,64.676,2019-03-13T13:54:00Z,0.0,0.0,0.0,4
2902268,18.551,64.676,2019-03-13T13:54:00Z,0.0,0.0,0.0,4
2902268,18.551,64.676,2019-03-13T13:54:00Z,0.0,0.0,0.0,4
2902268,18.551,64.676,2019-03-13T13:54:00Z,0.0,0.0,0.0,4
2902268,18.551,64.676,2019-03-13T13:54:00Z,25.707,36.496,1.0,4
2902268,18.551,64.676,2019-03-13T13:54:00Z,25.709,36.491,2.0,4
2902268,18.551,64.676,2019-03-13T13:54:00Z,25.708,36.488,3.0,4
2902268,18.551,64.676,2019-03-13T13:54:00Z,25.705,36.497,4.0,1
2902268,18.551,64.676,2019-03-13T13:54:00Z,25.705,36.503,5.0,1
2902268,18.551,64.676,2019-03-13T13:54:00Z,25.634,36.502,6.0,1
2902244,1.3601683333333332,75.03618833333333,2019-03-13T17:28:00Z,29.856,34.587,5.5,1
2902245,2.3732683333333333,91.09513833333334,2019-03-13T17:34:00Z,30.105,34.74,5.5,1
2902261,16.041,65.913,2019-03-13T17:49:00Z,0.0,0.0,0.0,4
2902261,16.041,65.913,2019-03-13T17:49:00Z,0.0,0.0,0.0,4
2902261,16.041,65.913,2019-03-13T17:49:00Z,0.0,0.0,0.0,4
2902261,16.041,65.913,2019-03-13T17:49:00Z,0.0,0.0,0.0,4
2902261,16.041,65.913,2019-03-13T17:49:00Z,0.0,0.0,0.0,4
2902261,16.041,65.913,2019-03-13T17:49:00Z,0.0,0.0,0.0,4
2902261,16.041,65.913,2019-03-13T17:49:00Z,0.0,0.0,0.0,4
2902261,16.041,65.913,2019-03-13T17:49:00Z,0.0,0.0,0.0,4
2902261,16.041,65.913,2019-03-13T17:49:00Z,0.0,0.0,0.0,4
2902261,16.041,65.913,2019-03-13T17:49:00Z,0.0,0.0,0.0,4
2902261,16.041,65.913,2019-03-13T17:49:00Z,0.0,0.0,0.0,4
2902261,16.041,65.913,2019-03-13T17:49:00Z,0.0,0.0,0.0,4
2902261,16.041,65.913,2019-03-13T17:49:00Z,0.0,0.0,0.0,4
2902261,16.041,65.913,2019-03-13T17:49:00Z,0.0,0.0,0.0,4
2902261,16.041,65.913,2019-03-13T17:49:00Z,0.0,0.0,0.0,4
2902261,16.041,65.913,2019-03-13T17:49:00Z,0.0,0.0,0.0,4
2902261,16.041,65.913,2019-03-13T17:49:00Z,0.0,0.0,0.0,4
2902261,16.041,65.913,2019-03-13T17:49:00Z,0.0,0.0,0.0,4
2902261,16.041,65.913,2019-03-13T17:49:00Z,0.0,0.0,0.0,4
2902261,16.041,65.913,2019-03-13T17:49:00Z,0.0,0.0,0.0,4
2902261,16.041,65.913,2019-03-13T17:49:00Z,0.0,0.0,0.0,4
2902261,16.041,65.913,2019-03-13T17:49:00Z,0.0,0.0,0.0,4
2902261,16.041,65.913,2019-03-13T17:49:00Z,0.0,0.0,0.0,4
2902261,16.041,65.913,2019-03-13T17:49:00Z,0.0,0.0,0.0,4
2902261,16.041,65.913,2019-03-13T17:49:00Z,0.0,0.0,0.0,4
2902261,16.041,65.913,2019-03-13T17:49:00Z,0.0,0.0,0.0,4
2902261,16.041,65.913,2019-03-13T17:49:00Z,0.0,0.0,0.0,4
2902261,16.041,65.913,2019-03-13T17:49:00Z,0.0,0.0,0.0,4
2902261,16.041,65.913,2019-03-13T17:49:00Z,0.0,0.0,0.0,4
2902261,16.041,65.913,2019-03-13T17:49:00Z,0.0,0.0,0.0,4
2902261,16.041,65.913,2019-03-13T17:49:00Z,0.0,0.0,0.0,4
2902261,16.041,65.913,2019-03-13T17:49:00Z,0.0,0.0,0.0,4
2902261,16.041,65.913,2019-03-13T17:49:00Z,0.0,0.0,0.0,4
2902261,16.041,65.913,2019-03-13T17:49:00Z,0.0,0.0,0.0,4
2902261,16.041,65.913,2019-03-13T17:49:00Z,0.0,0.0,0.0,4
2902261,16.041,65.913,2019-03-13T17:49:00Z,0.0,0.0,0.0,4
2902261,16.041,65.913,2019-03-13T17:49:00Z,0.0,0.0,0.0,4
2902261,16.041,65.913,2019-03-13T17:49:00Z,0.0,0.0,0.0,4
2902261,16.041,65.913,2019-03-13T17:49:00Z,0.0,0.0,0.0,4
2902261,16.041,65.913,2019-03-13T17:49:00Z,0.0,0.0,0.0,4
2902261,16.041,65.913,2019-03-13T17:49:00Z,0.0,0.0,0.0,4
2902261,16.041,65.913,2019-03-13T17:49:00Z,0.0,0.0,0.0,4
2902261,16.041,65.913,2019-03-13T17:49:00Z,0.0,0.0,0.0,4
2902261,16.041,65.913,2019-03-13T17:49:00Z,0.0,0.0,0.0,4
2902261,16.041,65.913,2019-03-13T17:49:00Z,0.0,0.0,0.0,4
2902261,16.041,65.913,2019-03-13T17:49:00Z,0.0,0.0,0.0,4
2902261,16.041,65.913,2019-03-13T17:49:00Z,0.0,0.0,0.0,4
2902261,16.041,65.913,2019-03-13T17:49:00Z,0.0,0.0,0.0,4
2902261,16.041,65.913,2019-03-13T17:49:00Z,0.0,0.0,0.0,4
2902261,16.041,65.913,2019-03-13T17:49:00Z,0.0,0.0,0.0,4
2902261,16.041,65.913,2019-03-13T17:49:00Z,0.0,0.0,0.0,4
2902261,16.041,65.913,2019-03-13T17:49:00Z,0.0,0.0,0.0,4
2902261,16.041,65.913,2019-03-13T17:49:00Z,0.0,0.0,0.0,4
2902261,16.041,65.913,2019-03-13T17:49:00Z,0.0,0.0,0.0,4
2902261,16.041,65.913,2019-03-13T17:49:00Z,0.0,0.0,0.0,4
2902261,16.041,65.913,2019-03-13T17:49:00Z,0.0,0.0,0.0,4
2902261,16.041,65.913,2019-03-13T17:49:00Z,0.0,0.0,0.0,4
2902261,16.041,65.913,2019-03-13T17:49:00Z,0.0,0.0,0.0,4
2902261,16.041,65.913,2019-03-13T17:49:00Z,0.0,0.0,0.0,4
2902261,16.041,65.913,2019-03-13T17:49:00Z,0.0,0.0,0.0,4
2902261,16.041,65.913,2019-03-13T17:49:00Z,0.0,0.0,0.0,4
2902261,16.041,65.913,2019-03-13T17:49:00Z,0.0,0.0,0.0,4
2902261,16.041,65.913,2019-03-13T17:49:00Z,0.0,0.0,0.0,4
2902261,16.041,65.913,2019-03-13T17:49:00Z,0.0,0.0,0.0,4
2902261,16.041,65.913,2019-03-13T17:49:00Z,0.0,0.0,0.0,4
2902261,16.041,65.913,2019-03-13T17:49:00Z,0.0,0.0,0.0,4
2902261,16.041,65.913,2019-03-13T17:49:00Z,0.0,0.0,0.0,4
2902261,16.041,65.913,2019-03-13T17:49:00Z,0.0,0.0,0.0,4
2902261,16.041,65.913,2019-03-13T17:49:00Z,0.0,0.0,0.0,4
2902261,16.041,65.913,2019-03-13T17:49:00Z,0.0,0.0,0.0,4
2902261,16.041,65.913,2019-03-13T17:49:00Z,0.0,0.0,0.0,4
2902261,16.041,65.913,2019-03-13T17:49:00Z,0.0,0.0,0.0,4
2902261,16.041,65.913,2019-03-13T17:49:00Z,0.0,0.0,0.0,4
2902261,16.041,65.913,2019-03-13T17:49:00Z,0.0,0.0,0.0,4
2902261,16.041,65.913,2019-03-13T17:49:00Z,0.0,0.0,0.0,4
2902261,16.041,65.913,2019-03-13T17:49:00Z,0.0,0.0,0.0,4
2902261,16.041,65.913,2019-03-13T17:49:00Z,0.0,0.0,0.0,4
2902261,16.041,65.913,2019-03-13T17:49:00Z,0.0,0.0,0.0,4
2902261,16.041,65.913,2019-03-13T17:49:00Z,0.0,0.0,0.0,4
2902261,16.041,65.913,2019-03-13T17:49:00Z,0.0,0.0,0.0,4
2902261,16.041,65.913,2019-03-13T17:49:00Z,0.0,0.0,0.0,4
2902261,16.041,65.913,2019-03-13T17:49:00Z,0.0,0.0,0.0,4
2902261,16.041,65.913,2019-03-13T17:49:00Z,0.0,0.0,0.0,4
2902261,16.041,65.913,2019-03-13T17:49:00Z,0.0,0.0,0.0,4
2902261,16.041,65.913,2019-03-13T17:49:00Z,0.0,0.0,0.0,4
2902261,16.041,65.913,2019-03-13T17:49:00Z,0.0,0.0,0.0,4
2902261,16.041,65.913,2019-03-13T17:49:00Z,0.0,0.0,0.0,4
2902261,16.041,65.913,2019-03-13T17:49:00Z,0.0,0.0,0.0,4
2902261,16.041,65.913,2019-03-13T17:49:00Z,0.0,0.0,0.0,4
2902261,16.041,65.913,2019-03-13T17:49:00Z,0.0,0.0,0.0,4
2902261,16.041,65.913,2019-03-13T17:49:00Z,0.0,0.0,0.0,4
2902261,16.041,65.913,2019-03-13T17:49:00Z,0.0,0.0,0.0,4
2902261,16.041,65.913,2019-03-13T17:49:00Z,0.0,0.0,0.0,4
2902261,16.041,65.913,2019-03-13T17:49:00Z,0.0,0.0,0.0,4
2902261,16.041,65.913,2019-03-13T17:49:00Z,0.0,0.0,0.0,4
2902261,16.041,65.913,2019-03-13T17:49:00Z,0.0,0.0,0.0,4
2902261,16.041,65.913,2019-03-13T17:49:00Z,0.0,0.0,0.0,4
2902261,16.041,65.913,2019-03-13T17:49:00Z,0.0,0.0,0.0,4
2902261,16.041,65.913,2019-03-13T17:49:00Z,0.0,0.0,0.0,4
2902261,16.041,65.913,2019-03-13T17:49:00Z,0.0,0.0,0.0,4
2902261,16.041,65.913,2019-03-13T17:49:00Z,0.0,0.0,0.0,4
2902261,16.041,65.913,2019-03-13T17:49:00Z,0.0,0.0,0.0,4
2902261,16.041,65.913,2019-03-13T17:49:00Z,0.0,0.0,0.0,4
2902261,16.041,65.913,2019-03-13T17:49:00Z,0.0,0.0,0.0,4
2902261,16.041,65.913,2019-03-13T17:49:00Z,0.0,0.0,0.0,4
2902261,16.041,65.913,2019-03-13T17:49:00Z,0.0,0.0,0.0,4
2902261,16.041,65.913,2019-03-13T17:49:00Z,0.0,0.0,0.0,4
2902261,16.041,65.913,2019-03-13T17:49:00Z,0.0,0.0,0.0,4
2902261,16.041,65.913,2019-03-13T17:49:00Z,0.0,0.0,0.0,4
2902261,16.041,65.913,2019-03-13T17:49:00Z,0.0,0.0,0.0,4
2902261,16.041,65.913,2019-03-13T17:49:00Z,0.0,0.0,0.0,4
2902261,16.041,65.913,2019-03-13T17:49:00Z,0.0,0.0,0.0,4
2902261,16.041,65.913,2019-03-13T17:49:00Z,0.0,0.0,0.0,4
2902261,16.041,65.913,2019-03-13T17:49:00Z,0.0,0.0,0.0,4
2902261,16.041,65.913,2019-03-13T17:49:00Z,0.0,0.0,0.0,4
2902261,16.041,65.913,2019-03-13T17:49:00Z,0.0,0.0,0.0,4
2902261,16.041,65.913,2019-03-13T17:49:00Z,0.0,0.0,0.0,4
2902261,16.041,65.913,2019-03-13T17:49:00Z,0.0,0.0,0.0,4
2902261,16.041,65.913,2019-03-13T17:49:00Z,0.0,0.0,0.0,4
2902261,16.041,65.913,2019-03-13T17:49:00Z,0.0,0.0,0.0,4
2902261,16.041,65.913,2019-03-13T17:49:00Z,0.0,0.0,0.0,4
2902261,16.041,65.913,2019-03-13T17:49:00Z,0.0,0.0,0.0,4
2902261,16.041,65.913,2019-03-13T17:49:00Z,0.0,0.0,0.0,4
2902261,16.041,65.913,2019-03-13T17:49:00Z,0.0,0.0,0.0,4
2902261,16.041,65.913,2019-03-13T17:49:00Z,0.0,0.0,0.0,4
2902261,16.041,65.913,2019-03-13T17:49:00Z,0.0,0.0,0.0,4
2902261,16.041,65.913,2019-03-13T17:49:00Z,0.0,0.0,0.0,4
2902261,16.041,65.913,2019-03-13T17:49:00Z,0.0,0.0,0.0,4
2902261,16.041,65.913,2019-03-13T17:49:00Z,0.0,0.0,0.0,4
2902261,16.041,65.913,2019-03-13T17:49:00Z,0.0,0.0,0.0,4
2902261,16.041,65.913,2019-03-13T17:49:00Z,0.0,0.0,0.0,4
2902261,16.041,65.913,2019-03-13T17:49:00Z,0.0,0.0,0.0,4
2902261,16.041,65.913,2019-03-13T17:49:00Z,0.0,0.0,0.0,4
2902261,16.041,65.913,2019-03-13T17:49:00Z,0.0,0.0,0.0,4
2902261,16.041,65.913,2019-03-13T17:49:00Z,0.0,0.0,0.0,4
2902261,16.041,65.913,2019-03-13T17:49:00Z,0.0,0.0,0.0,4
2902261,16.041,65.913,2019-03-13T17:49:00Z,0.0,0.0,0.0,4
2902261,16.041,65.913,2019-03-13T17:49:00Z,0.0,0.0,0.0,4
2902261,16.041,65.913,2019-03-13T17:49:00Z,0.0,0.0,0.0,4
2902261,16.041,65.913,2019-03-13T17:49:00Z,0.0,0.0,0.0,4
2902261,16.041,65.913,2019-03-13T17:49:00Z,0.0,0.0,0.0,4
2902261,16.041,65.913,2019-03-13T17:49:00Z,0.0,0.0,0.0,4
2902261,16.041,65.913,2019-03-13T17:49:00Z,0.0,0.0,0.0,4
2902261,16.041,65.913,2019-03-13T17:49:00Z,0.0,0.0,0.0,4
2902261,16.041,65.913,2019-03-13T17:49:00Z,0.0,0.0,0.0,4
2902261,16.041,65.913,2019-03-13T17:49:00Z,0.0,0.0,0.0,4
2902261,16.041,65.913,2019-03-13T17:49:00Z,0.0,0.0,0.0,4
2902261,16.041,65.913,2019-03-13T17:49:00Z,0.0,0.0,0.0,4
2902261,16.041,65.913,2019-03-13T17:49:00Z,0.0,0.0,0.0,4
2902261,16.041,65.913,2019-03-13T17:49:00Z,0.0,0.0,0.0,4
2902261,16.041,65.913,2019-03-13T17:49:00Z,0.0,0.0,0.0,4
2902261,16.041,65.913,2019-03-13T17:49:00Z,0.0,0.0,0.0,4
2902261,16.041,65.913,2019-03-13T17:49:00Z,0.0,0.0,0.0,4
2902261,16.041,65.913,2019-03-13T17:49:00Z,0.0,0.0,0.0,4
2902261,16.041,65.913,2019-03-13T17:49:00Z,0.0,0.0,0.0,4
2902261,16.041,65.913,2019-03-13T17:49:00Z,0.0,0.0,0.0,4
2902261,16.041,65.913,2019-03-13T17:49:00Z,0.0,0.0,0.0,4
2902261,16.041,65.913,2019-03-13T17:49:00Z,0.0,0.0,0.0,4
2902261,16.041,65.913,2019-03-13T17:49:00Z,0.0,0.0,0.0,4
2902261,16.041,65.913,2019-03-13T17:49:00Z,0.0,0.0,0.0,4
2902261,16.041,65.913,2019-03-13T17:49:00Z,0.0,0.0,0.0,4
2902261,16.041,65.913,2019-03-13T17:49:00Z,0.0,0.0,0.0,4
2902261,16.041,65.913,2019-03-13T17:49:00Z,0.0,0.0,0.0,4
2902261,16.041,65.913,2019-03-13T17:49:00Z,0.0,0.0,0.0,4
2902261,16.041,65.913,2019-03-13T17:49:00Z,0.0,0.0,0.0,4
2902261,16.041,65.913,2019-03-13T17:49:00Z,0.0,0.0,0.0,4
2902261,16.041,65.913,2019-03-13T17:49:00Z,0.0,0.0,0.0,4
2902261,16.041,65.913,2019-03-13T17:49:00Z,0.0,0.0,0.0,4
2902261,16.041,65.913,2019-03-13T17:49:00Z,0.0,0.0,0.0,4
2902261,16.041,65.913,2019-03-13T17:49:00Z,0.0,0.0,0.0,4
2902261,16.041,65.913,2019-03-13T17:49:00Z,0.0,0.0,0.0,4
2902261,16.041,65.913,2019-03-13T17:49:00Z,0.0,0.0,0.0,4
2902261,16.041,65.913,2019-03-13T17:49:00Z,0.0,0.0,0.0,4
2902261,16.041,65.913,2019-03-13T17:49:00Z,0.0,0.0,0.0,4
2902261,16.041,65.913,2019-03-13T17:49:00Z,0.0,0.0,0.0,4
2902261,16.041,65.913,2019-03-13T17:49:00Z,0.0,0.0,0.0,4
2902261,16.041,65.913,2019-03-13T17:49:00Z,0.0,0.0,0.0,4
2902261,16.041,65.913,2019-03-13T17:49:00Z,0.0,0.0,0.0,4
2902261,16.041,65.913,2019-03-13T17:49:00Z,0.0,0.0,0.0,4
2902261,16.041,65.913,2019-03-13T17:49:00Z,0.0,0.0,0.0,4
2902261,16.041,65.913,2019-03-13T17:49:00Z,0.0,0.0,0.0,4
2902261,16.041,65.913,2019-03-13T17:49:00Z,0.0,0.0,0.0,4
2902261,16.041,65.913,2019-03-13T17:49:00Z,0.0,0.0,0.0,4
2902261,16.041,65.913,2019-03-13T17:49:00Z,0.0,0.0,0.0,4
2902261,16.041,65.913,2019-03-13T17:49:00Z,0.0,0.0,0.0,4
2902261,16.041,65.913,2019-03-13T17:49:00Z,0.0,0.0,0.0,4
2902261,16.041,65.913,2019-03-13T17:49:00Z,0.0,0.0,0.0,4
2902261,16.041,65.913,2019-03-13T17:49:00Z,0.0,0.0,0.0,4
2902261,16.041,65.913,2019-03-13T17:49:00Z,0.0,0.0,0.0,4
2902261,16.041,65.913,2019-03-13T17:49:00Z,0.0,0.0,0.0,4
2902261,16.041,65.913,2019-03-13T17:49:00Z,0.0,0.0,0.0,4
2902261,16.041,65.913,2019-03-13T17:49:00Z,0.0,0.0,0.0,4
2902261,16.041,65.913,2019-03-13T17:49:00Z,0.0,0.0,0.0,4
2902261,16.041,65.913,2019-03-13T17:49:00Z,0.0,0.0,0.0,4
2902261,16.041,65.913,2019-03-13T17:49:00Z,0.0,0.0,0.0,4
2902261,16.041,65.913,2019-03-13T17:49:00Z,0.0,0.0,0.0,4
2902261,16.041,65.913,2019-03-13T17:49:00Z,0.0,0.0,0.0,4
2902261,16.041,65.913,2019-03-13T17:49:00Z,0.0,0.0,0.0,4
2902261,16.041,65.913,2019-03-13T17:49:00Z,0.0,0.0,0.0,4
2902261,16.041,65.913,2019-03-13T17:49:00Z,0.0,0.0,0.0,4
2902261,16.041,65.913,2019-03-13T17:49:00Z,0.0,0.0,0.0,4
2902261,16.041,65.913,2019-03-13T17:49:00Z,0.0,0.0,0.0,4
2902261,16.041,65.913,2019-03-13T17:49:00Z,0.0,0.0,0.0,4
2902261,16.041,65.913,2019-03-13T17:49:00Z,0.0,0.0,0.0,4
2902261,16.041,65.913,2019-03-13T17:49:00Z,0.0,0.0,0.0,4
2902261,16.041,65.913,2019-03-13T17:49:00Z,0.0,0.0,0.0,4
2902261,16.041,65.913,2019-03-13T17:49:00Z,0.0,0.0,0.0,4
2902261,16.041,65.913,2019-03-13T17:49:00Z,0.0,0.0,0.0,4
2902261,16.041,65.913,2019-03-13T17:49:00Z,0.0,0.0,0.0,4
2902261,16.041,65.913,2019-03-13T17:49:00Z,0.0,0.0,0.0,4
2902261,16.041,65.913,2019-03-13T17:49:00Z,0.0,0.0,0.0,4
2902261,16.041,65.913,2019-03-13T17:49:00Z,0.0,0.0,0.0,4
2902261,16.041,65.913,2019-03-13T17:49:00Z,0.0,0.0,0.0,4
2902261,16.041,65.913,2019-03-13T17:49:00Z,0.0,0.0,0.0,4
2902261,16.041,65.913,2019-03-13T17:49:00Z,0.0,0.0,0.0,4
2902261,16.041,65.913,2019-03-13T17:49:00Z,0.0,0.0,0.0,4
2902261,16.041,65.913,2019-03-13T17:49:00Z,0.0,0.0,0.0,4
2902261,16.041,65.913,2019-03-13T17:49:00Z,0.0,0.0,0.0,4
2902261,16.041,65.913,2019-03-13T17:49:00Z,0.0,0.0,0.0,4
2902261,16.041,65.913,2019-03-13T17:49:00Z,0.0,0.0,0.0,4
2902261,16.041,65.913,2019-03-13T17:49:00Z,0.0,0.0,0.0,4
2902261,16.041,65.913,2019-03-13T17:49:00Z,0.0,0.0,0.0,4
2902261,16.041,65.913,2019-03-13T17:49:00Z,0.0,0.0,0.0,4
2902261,16.041,65.913,2019-03-13T17:49:00Z,0.0,0.0,0.0,4
2902261,16.041,65.913,2019-03-13T17:49:00Z,0.0,0.0,0.0,4
2902261,16.041,65.913,2019-03-13T17:49:00Z,0.0,0.0,0.0,4
2902261,16.041,65.913,2019-03-13T17:49:00Z,0.0,0.0,0.0,4
2902261,16.041,65.913,2019-03-13T17:49:00Z,0.0,0.0,0.0,4
2902261,16.041,65.913,2019-03-13T17:49:00Z,0.0,0.0,0.0,4
2902261,16.041,65.913,2019-03-13T17:49:00Z,0.0,0.0,0.0,4
2902261,16.041,65.913,2019-03-13T17:49:00Z,0.0,0.0,0.0,4
2902261,16.041,65.913,2019-03-13T17:49:00Z,0.0,0.0,0.0,4
2902261,16.041,65.913,2019-03-13T17:49:00Z,0.0,0.0,0.0,4
2902261,16.041,65.913,2019-03-13T17:49:00Z,0.0,0.0,0.0,4
2902261,16.041,65.913,2019-03-13T17:49:00Z,0.0,0.0,0.0,4
2902261,16.041,65.913,2019-03-13T17:49:00Z,26.716,36.636,1.0,4
2902261,16.041,65.913,2019-03-13T17:49:00Z,26.717,36.638,2.0,1
2902261,16.041,65.913,2019-03-13T17:49:00Z,26.716,36.64,3.0,1
2902261,16.041,65.913,2019-03-13T17:49:00Z,26.713,36.642,4.0,1
2902261,16.041,65.913,2019-03-13T17:49:00Z,26.714,36.642,5.0,1
2902261,16.041,65.913,2019-03-13T17:49:00Z,26.725,36.64,6.0,1
2902260,11.601,68.022,2019-03-13T17:57:40Z,0.0,0.0,0.0,4
2902260,11.601,68.022,2019-03-13T17:57:40Z,0.0,0.0,0.0,4
2902260,11.601,68.022,2019-03-13T17:57:40Z,0.0,0.0,0.0,4
2902260,11.601,68.022,2019-03-13T17:57:40Z,0.0,0.0,0.0,4
2902260,11.601,68.022,2019-03-13T17:57:40Z,0.0,0.0,0.0,4
2902260,11.601,68.022,2019-03-13T17:57:40Z,0.0,0.0,0.0,4
2902260,11.601,68.022,2019-03-13T17:57:40Z,0.0,0.0,0.0,4
2902260,11.601,68.022,2019-03-13T17:57:40Z,0.0,0.0,0.0,4
2902260,11.601,68.022,2019-03-13T17:57:40Z,0.0,0.0,0.0,4
2902260,11.601,68.022,2019-03-13T17:57:40Z,0.0,0.0,0.0,4
2902260,11.601,68.022,2019-03-13T17:57:40Z,0.0,0.0,0.0,4
2902260,11.601,68.022,2019-03-13T17:57:40Z,0.0,0.0,0.0,4
2902260,11.601,68.022,2019-03-13T17:57:40Z,0.0,0.0,0.0,4
2902260,11.601,68.022,2019-03-13T17:57:40Z,0.0,0.0,0.0,4
2902260,11.601,68.022,2019-03-13T17:57:40Z,0.0,0.0,0.0,4
2902260,11.601,68.022,2019-03-13T17:57:40Z,0.0,0.0,0.0,4
2902260,11.601,68.022,2019-03-13T17:57:40Z,0.0,0.0,0.0,4
2902260,11.601,68.022,2019-03-13T17:57:40Z,0.0,0.0,0.0,4
2902260,11.601,68.022,2019-03-13T17:57:40Z,0.0,0.0,0.0,4
2902260,11.601,68.022,2019-03-13T17:57:40Z,0.0,0.0,0.0,4
2902260,11.601,68.022,2019-03-13T17:57:40Z,0.0,0.0,0.0,4
2902260,11.601,68.022,2019-03-13T17:57:40Z,0.0,0.0,0.0,4
2902260,11.601,68.022,2019-03-13T17:57:40Z,0.0,0.0,0.0,4
2902260,11.601,68.022,2019-03-13T17:57:40Z,0.0,0.0,0.0,4
2902260,11.601,68.022,2019-03-13T17:57:40Z,0.0,0.0,0.0,4
2902260,11.601,68.022,2019-03-13T17:57:40Z,0.0,0.0,0.0,4
2902260,11.601,68.022,2019-03-13T17:57:40Z,0.0,0.0,0.0,4
2902260,11.601,68.022,2019-03-13T17:57:40Z,0.0,0.0,0.0,4
2902260,11.601,68.022,2019-03-13T17:57:40Z,0.0,0.0,0.0,4
2902260,11.601,68.022,2019-03-13T17:57:40Z,0.0,0.0,0.0,4
2902260,11.601,68.022,2019-03-13T17:57:40Z,0.0,0.0,0.0,4
2902260,11.601,68.022,2019-03-13T17:57:40Z,0.0,0.0,0.0,4
2902260,11.601,68.022,2019-03-13T17:57:40Z,0.0,0.0,0.0,4
2902260,11.601,68.022,2019-03-13T17:57:40Z,0.0,0.0,0.0,4
2902260,11.601,68.022,2019-03-13T17:57:40Z,0.0,0.0,0.0,4
2902260,11.601,68.022,2019-03-13T17:57:40Z,0.0,0.0,0.0,4
2902260,11.601,68.022,2019-03-13T17:57:40Z,0.0,0.0,0.0,4
2902260,11.601,68.022,2019-03-13T17:57:40Z,0.0,0.0,0.0,4
2902260,11.601,68.022,2019-03-13T17:57:40Z,0.0,0.0,0.0,4
2902260,11.601,68.022,2019-03-13T17:57:40Z,0.0,0.0,0.0,4
2902260,11.601,68.022,2019-03-13T17:57:40Z,0.0,0.0,0.0,4
2902260,11.601,68.022,2019-03-13T17:57:40Z,0.0,0.0,0.0,4
2902260,11.601,68.022,2019-03-13T17:57:40Z,0.0,0.0,0.0,4
2902260,11.601,68.022,2019-03-13T17:57:40Z,0.0,0.0,0.0,4
2902260,11.601,68.022,2019-03-13T17:57:40Z,0.0,0.0,0.0,4
2902260,11.601,68.022,2019-03-13T17:57:40Z,0.0,0.0,0.0,4
2902260,11.601,68.022,2019-03-13T17:57:40Z,0.0,0.0,0.0,4
2902260,11.601,68.022,2019-03-13T17:57:40Z,0.0,0.0,0.0,4
2902260,11.601,68.022,2019-03-13T17:57:40Z,0.0,0.0,0.0,4
2902260,11.601,68.022,2019-03-13T17:57:40Z,0.0,0.0,0.0,4
2902260,11.601,68.022,2019-03-13T17:57:40Z,0.0,0.0,0.0,4
2902260,11.601,68.022,2019-03-13T17:57:40Z,0.0,0.0,0.0,4
2902260,11.601,68.022,2019-03-13T17:57:40Z,0.0,0.0,0.0,4
2902260,11.601,68.022,2019-03-13T17:57:40Z,0.0,0.0,0.0,4
2902260,11.601,68.022,2019-03-13T17:57:40Z,0.0,0.0,0.0,4
2902260,11.601,68.022,2019-03-13T17:57:40Z,0.0,0.0,0.0,4
2902260,11.601,68.022,2019-03-13T17:57:40Z,0.0,0.0,0.0,4
2902260,11.601,68.022,2019-03-13T17:57:40Z,0.0,0.0,0.0,4
2902260,11.601,68.022,2019-03-13T17:57:40Z,0.0,0.0,0.0,4
2902260,11.601,68.022,2019-03-13T17:57:40Z,0.0,0.0,0.0,4
2902260,11.601,68.022,2019-03-13T17:57:40Z,0.0,0.0,0.0,4
2902260,11.601,68.022,2019-03-13T17:57:40Z,0.0,0.0,0.0,4
2902260,11.601,68.022,2019-03-13T17:57:40Z,0.0,0.0,0.0,4
2902260,11.601,68.022,2019-03-13T17:57:40Z,0.0,0.0,0.0,4
2902260,11.601,68.022,2019-03-13T17:57:40Z,0.0,0.0,0.0,4
2902260,11.601,68.022,2019-03-13T17:57:40Z,0.0,0.0,0.0,4
2902260,11.601,68.022,2019-03-13T17:57:40Z,0.0,0.0,0.0,4
2902260,11.601,68.022,2019-03-13T17:57:40Z,0.0,0.0,0.0,4
2902260,11.601,68.022,2019-03-13T17:57:40Z,0.0,0.0,0.0,4
2902260,11.601,68.022,2019-03-13T17:57:40Z,0.0,0.0,0.0,4
2902260,11.601,68.022,2019-03-13T17:57:40Z,0.0,0.0,0.0,4
2902260,11.601,68.022,2019-03-13T17:57:40Z,0.0,0.0,0.0,4
2902260,11.601,68.022,2019-03-13T17:57:40Z,0.0,0.0,0.0,4
2902260,11.601,68.022,2019-03-13T17:57:40Z,0.0,0.0,0.0,4
2902260,11.601,68.022,2019-03-13T17:57:40Z,0.0,0.0,0.0,4
2902260,11.601,68.022,2019-03-13T17:57:40Z,0.0,0.0,0.0,4
2902260,11.601,68.022,2019-03-13T17:57:40Z,0.0,0.0,0.0,4
2902260,11.601,68.022,2019-03-13T17:57:40Z,0.0,0.0,0.0,4
2902260,11.601,68.022,2019-03-13T17:57:40Z,0.0,0.0,0.0,4
2902260,11.601,68.022,2019-03-13T17:57:40Z,0.0,0.0,0.0,4
2902260,11.601,68.022,2019-03-13T17:57:40Z,0.0,0.0,0.0,4
2902260,11.601,68.022,2019-03-13T17:57:40Z,0.0,0.0,0.0,4
2902260,11.601,68.022,2019-03-13T17:57:40Z,0.0,0.0,0.0,4
2902260,11.601,68.022,2019-03-13T17:57:40Z,0.0,0.0,0.0,4
2902260,11.601,68.022,2019-03-13T17:57:40Z,0.0,0.0,0.0,4
2902260,11.601,68.022,2019-03-13T17:57:40Z,0.0,0.0,0.0,4
2902260,11.601,68.022,2019-03-13T17:57:40Z,0.0,0.0,0.0,4
2902260,11.601,68.022,2019-03-13T17:57:40Z,0.0,0.0,0.0,4
2902260,11.601,68.022,2019-03-13T17:57:40Z,0.0,0.0,0.0,4
2902260,11.601,68.022,2019-03-13T17:57:40Z,0.0,0.0,0.0,4
2902260,11.601,68.022,2019-03-13T17:57:40Z,0.0,0.0,0.0,4
2902260,11.601,68.022,2019-03-13T17:57:40Z,0.0,0.0,0.0,4
2902260,11.601,68.022,2019-03-13T17:57:40Z,0.0,0.0,0.0,4
2902260,11.601,68.022,2019-03-13T17:57:40Z,0.0,0.0,0.0,4
2902260,11.601,68.022,2019-03-13T17:57:40Z,0.0,0.0,0.0,4
2902260,11.601,68.022,2019-03-13T17:57:40Z,0.0,0.0,0.0,4
2902260,11.601,68.022,2019-03-13T17:57:40Z,0.0,0.0,0.0,4
2902260,11.601,68.022,2019-03-13T17:57:40Z,0.0,0.0,0.0,4
2902260,11.601,68.022,2019-03-13T17:57:40Z,0.0,0.0,0.0,4
2902260,11.601,68.022,2019-03-13T17:57:40Z,0.0,0.0,0.0,4
2902260,11.601,68.022,2019-03-13T17:57:40Z,0.0,0.0,0.0,4
2902260,11.601,68.022,2019-03-13T17:57:40Z,0.0,0.0,0.0,4
2902260,11.601,68.022,2019-03-13T17:57:40Z,0.0,0.0,0.0,4
2902260,11.601,68.022,2019-03-13T17:57:40Z,0.0,0.0,0.0,4
2902260,11.601,68.022,2019-03-13T17:57:40Z,0.0,0.0,0.0,4
2902260,11.601,68.022,2019-03-13T17:57:40Z,0.0,0.0,0.0,4
2902260,11.601,68.022,2019-03-13T17:57:40Z,0.0,0.0,0.0,4
2902260,11.601,68.022,2019-03-13T17:57:40Z,0.0,0.0,0.0,4
2902260,11.601,68.022,2019-03-13T17:57:40Z,0.0,0.0,0.0,4
2902260,11.601,68.022,2019-03-13T17:57:40Z,0.0,0.0,0.0,4
2902260,11.601,68.022,2019-03-13T17:57:40Z,0.0,0.0,0.0,4
2902260,11.601,68.022,2019-03-13T17:57:40Z,0.0,0.0,0.0,4
2902260,11.601,68.022,2019-03-13T17:57:40Z,0.0,0.0,0.0,4
2902260,11.601,68.022,2019-03-13T17:57:40Z,0.0,0.0,0.0,4
2902260,11.601,68.022,2019-03-13T17:57:40Z,0.0,0.0,0.0,4
2902260,11.601,68.022,2019-03-13T17:57:40Z,0.0,0.0,0.0,4
2902260,11.601,68.022,2019-03-13T17:57:40Z,0.0,0.0,0.0,4
2902260,11.601,68.022,2019-03-13T17:57:40Z,0.0,0.0,0.0,4
2902260,11.601,68.022,2019-03-13T17:57:40Z,0.0,0.0,0.0,4
2902260,11.601,68.022,2019-03-13T17:57:40Z,0.0,0.0,0.0,4
2902260,11.601,68.022,2019-03-13T17:57:40Z,0.0,0.0,0.0,4
2902260,11.601,68.022,2019-03-13T17:57:40Z,0.0,0.0,0.0,4
2902260,11.601,68.022,2019-03-13T17:57:40Z,0.0,0.0,0.0,4
2902260,11.601,68.022,2019-03-13T17:57:40Z,0.0,0.0,0.0,4
2902260,11.601,68.022,2019-03-13T17:57:40Z,0.0,0.0,0.0,4
2902260,11.601,68.022,2019-03-13T17:57:40Z,0.0,0.0,0.0,4
2902260,11.601,68.022,2019-03-13T17:57:40Z,0.0,0.0,0.0,4
2902260,11.601,68.022,2019-03-13T17:57:40Z,0.0,0.0,0.0,4
2902260,11.601,68.022,2019-03-13T17:57:40Z,0.0,0.0,0.0,4
2902260,11.601,68.022,2019-03-13T17:57:40Z,0.0,0.0,0.0,4
2902260,11.601,68.022,2019-03-13T17:57:40Z,0.0,0.0,0.0,4
2902260,11.601,68.022,2019-03-13T17:57:40Z,0.0,0.0,0.0,4
2902260,11.601,68.022,2019-03-13T17:57:40Z,0.0,0.0,0.0,4
2902260,11.601,68.022,2019-03-13T17:57:40Z,0.0,0.0,0.0,4
2902260,11.601,68.022,2019-03-13T17:57:40Z,0.0,0.0,0.0,4
2902260,11.601,68.022,2019-03-13T17:57:40Z,0.0,0.0,0.0,4
2902260,11.601,68.022,2019-03-13T17:57:40Z,0.0,0.0,0.0,4
2902260,11.601,68.022,2019-03-13T17:57:40Z,0.0,0.0,0.0,4
2902260,11.601,68.022,2019-03-13T17:57:40Z,0.0,0.0,0.0,4
2902260,11.601,68.022,2019-03-13T17:57:40Z,0.0,0.0,0.0,4
2902260,11.601,68.022,2019-03-13T17:57:40Z,0.0,0.0,0.0,4
2902260,11.601,68.022,2019-03-13T17:57:40Z,0.0,0.0,0.0,4
2902260,11.601,68.022,2019-03-13T17:57:40Z,0.0,0.0,0.0,4
2902260,11.601,68.022,2019-03-13T17:57:40Z,0.0,0.0,0.0,4
2902260,11.601,68.022,2019-03-13T17:57:40Z,0.0,0.0,0.0,4
2902260,11.601,68.022,2019-03-13T17:57:40Z,0.0,0.0,0.0,4
2902260,11.601,68.022,2019-03-13T17:57:40Z,0.0,0.0,0.0,4
2902260,11.601,68.022,2019-03-13T17:57:40Z,0.0,0.0,0.0,4
2902260,11.601,68.022,2019-03-13T17:57:40Z,0.0,0.0,0.0,4
2902260,11.601,68.022,2019-03-13T17:57:40Z,0.0,0.0,0.0,4
2902260,11.601,68.022,2019-03-13T17:57:40Z,0.0,0.0,0.0,4
2902260,11.601,68.022,2019-03-13T17:57:40Z,0.0,0.0,0.0,4
2902260,11.601,68.022,2019-03-13T17:57:40Z,0.0,0.0,0.0,4
2902260,11.601,68.022,2019-03-13T17:57:40Z,0.0,0.0,0.0,4
2902260,11.601,68.022,2019-03-13T17:57:40Z,0.0,0.0,0.0,4
2902260,11.601,68.022,2019-03-13T17:57:40Z,0.0,0.0,0.0,4
2902260,11.601,68.022,2019-03-13T17:57:40Z,0.0,0.0,0.0,4
2902260,11.601,68.022,2019-03-13T17:57:40Z,0.0,0.0,0.0,4
2902260,11.601,68.022,2019-03-13T17:57:40Z,0.0,0.0,0.0,4
2902260,11.601,68.022,2019-03-13T17:57:40Z,0.0,0.0,0.0,4
2902260,11.601,68.022,2019-03-13T17:57:40Z,0.0,0.0,0.0,4
2902260,11.601,68.022,2019-03-13T17:57:40Z,0.0,0.0,0.0,4
2902260,11.601,68.022,2019-03-13T17:57:40Z,0.0,0.0,0.0,4
2902260,11.601,68.022,2019-03-13T17:57:40Z,0.0,0.0,0.0,4
2902260,11.601,68.022,2019-03-13T17:57:40Z,0.0,0.0,0.0,4
2902260,11.601,68.022,2019-03-13T17:57:40Z,0.0,0.0,0.0,4
2902260,11.601,68.022,2019-03-13T17:57:40Z,0.0,0.0,0.0,4
2902260,11.601,68.022,2019-03-13T17:57:40Z,0.0,0.0,0.0,4
2902260,11.601,68.022,2019-03-13T17:57:40Z,0.0,0.0,0.0,4
2902260,11.601,68.022,2019-03-13T17:57:40Z,0.0,0.0,0.0,4
2902260,11.601,68.022,2019-03-13T17:57:40Z,0.0,0.0,0.0,4
2902260,11.601,68.022,2019-03-13T17:57:40Z,0.0,0.0,0.0,4
2902260,11.601,68.022,2019-03-13T17:57:40Z,0.0,0.0,0.0,4
2902260,11.601,68.022,2019-03-13T17:57:40Z,0.0,0.0,0.0,4
2902260,11.601,68.022,2019-03-13T17:57:40Z,0.0,0.0,0.0,4
2902260,11.601,68.022,2019-03-13T17:57:40Z,0.0,0.0,0.0,4
2902260,11.601,68.022,2019-03-13T17:57:40Z,0.0,0.0,0.0,4
2902260,11.601,68.022,2019-03-13T17:57:40Z,0.0,0.0,0.0,4
2902260,11.601,68.022,2019-03-13T17:57:40Z,0.0,0.0,0.0,4
2902260,11.601,68.022,2019-03-13T17:57:40Z,0.0,0.0,0.0,4
2902260,11.601,68.022,2019-03-13T17:57:40Z,0.0,0.0,0.0,4
2902260,11.601,68.022,2019-03-13T17:57:40Z,0.0,0.0,0.0,4
2902260,11.601,68.022,2019-03-13T17:57:40Z,0.0,0.0,0.0,4
2902260,11.601,68.022,2019-03-13T17:57:40Z,0.0,0.0,0.0,4
2902260,11.601,68.022,2019-03-13T17:57:40Z,0.0,0.0,0.0,4
2902260,11.601,68.022,2019-03-13T17:57:40Z,0.0,0.0,0.0,4
2902260,11.601,68.022,2019-03-13T17:57:40Z,0.0,0.0,0.0,4
2902260,11.601,68.022,2019-03-13T17:57:40Z,0.0,0.0,0.0,4
2902260,11.601,68.022,2019-03-13T17:57:40Z,0.0,0.0,0.0,4
2902260,11.601,68.022,2019-03-13T17:57:40Z,0.0,0.0,0.0,4
2902260,11.601,68.022,2019-03-13T17:57:40Z,0.0,0.0,0.0,4
2902260,11.601,68.022,2019-03-13T17:57:40Z,0.0,0.0,0.0,4
2902260,11.601,68.022,2019-03-13T17:57:40Z,0.0,0.0,0.0,4
2902260,11.601,68.022,2019-03-13T17:57:40Z,0.0,0.0,0.0,4
2902260,11.601,68.022,2019-03-13T17:57:40Z,0.0,0.0,0.0,4
2902260,11.601,68.022,2019-03-13T17:57:40Z,0.0,0.0,0.0,4
2902260,11.601,68.022,2019-03-13T17:57:40Z,0.0,0.0,0.0,4
2902260,11.601,68.022,2019-03-13T17:57:40Z,0.0,0.0,0.0,4
2902260,11.601,68.022,2019-03-13T17:57:40Z,0.0,0.0,0.0,4
2902260,11.601,68.022,2019-03-13T17:57:40Z,0.0,0.0,0.0,4
2902260,11.601,68.022,2019-03-13T17:57:40Z,0.0,0.0,0.0,4
2902260,11.601,68.022,2019-03-13T17:57:40Z,0.0,0.0,0.0,4
2902260,11.601,68.022,2019-03-13T17:57:40Z,0.0,0.0,0.0,4
2902260,11.601,68.022,2019-03-13T17:57:40Z,0.0,0.0,0.0,4
2902260,11.601,68.022,2019-03-13T17:57:40Z,0.0,0.0,0.0,4
2902260,11.601,68.022,2019-03-13T17:57:40Z,0.0,0.0,0.0,4
2902260,11.601,68.022,2019-03-13T17:57:40Z,0.0,0.0,0.0,4
2902260,11.601,68.022,2019-03-13T17:57:40Z,0.0,0.0,0.0,4
2902260,11.601,68.022,2019-03-13T17:57:40Z,0.0,0.0,0.0,4
2902260,11.601,68.022,2019-03-13T17:57:40Z,0.0,0.0,0.0,4
2902260,11.601,68.022,2019-03-13T17:57:40Z,0.0,0.0,0.0,4
2902260,11.601,68.022,2019-03-13T17:57:40Z,0.0,0.0,0.0,4
2902260,11.601,68.022,2019-03-13T17:57:40Z,0.0,0.0,0.0,4
2902260,11.601,68.022,2019-03-13T17:57:40Z,0.0,0.0,0.0,4
2902260,11.601,68.022,2019-03-13T17:57:40Z,0.0,0.0,0.0,4
2902260,11.601,68.022,2019-03-13T17:57:40Z,0.0,0.0,0.0,4
2902260,11.601,68.022,2019-03-13T17:57:40Z,0.0,0.0,0.0,4
2902260,11.601,68.022,2019-03-13T17:57:40Z,0.0,0.0,0.0,4
2902260,11.601,68.022,2019-03-13T17:57:40Z,0.0,0.0,0.0,4
2902260,11.601,68.022,2019-03-13T17:57:40Z,0.0,0.0,0.0,4
2902260,11.601,68.022,2019-03-13T17:57:40Z,0.0,0.0,0.0,4
2902260,11.601,68.022,2019-03-13T17:57:40Z,0.0,0.0,0.0,4
2902260,11.601,68.022,2019-03-13T17:57:40Z,0.0,0.0,0.0,4
2902260,11.601,68.022,2019-03-13T17:57:40Z,0.0,0.0,0.0,4
2902260,11.601,68.022,2019-03-13T17:57:40Z,0.0,0.0,0.0,4
2902260,11.601,68.022,2019-03-13T17:57:40Z,0.0,0.0,0.0,4
2902260,11.601,68.022,2019-03-13T17:57:40Z,0.0,0.0,0.0,4
2902260,11.601,68.022,2019-03-13T17:57:40Z,0.0,0.0,0.0,4
2902260,11.601,68.022,2019-03-13T17:57:40Z,0.0,0.0,0.0,4
2902260,11.601,68.022,2019-03-13T17:57:40Z,0.0,0.0,0.0,4
2902260,11.601,68.022,2019-03-13T17:57:40Z,0.0,0.0,0.0,4
2902260,11.601,68.022,2019-03-13T17:57:40Z,0.0,0.0,0.0,4
2902260,11.601,68.022,2019-03-13T17:57:40Z,28.803,34.651,1.0,4
2902260,11.601,68.022,2019-03-13T17:57:40Z,28.822,34.648,2.0,1
2902260,11.601,68.022,2019-03-13T17:57:40Z,28.824,34.647,3.0,1
2902260,11.601,68.022,2019-03-13T17:57:40Z,28.829,34.645,4.0,1
2902260,11.601,68.022,2019-03-13T17:57:40Z,28.825,34.646,5.0,1
2902260,11.601,68.022,2019-03-13T17:57:40Z,28.827,34.645,6.0,1
2902259,16.253,64.533,2019-03-13T18:41:39Z,26.329,36.583,0.0,4
2902259,16.253,64.533,2019-03-13T18:41:39Z,0.0,0.0,0.0,4
2902259,16.253,64.533,2019-03-13T18:41:39Z,0.0,0.0,0.0,4
2902259,16.253,64.533,2019-03-13T18:41:39Z,0.0,0.0,0.0,4
2902259,16.253,64.533,2019-03-13T18:41:39Z,0.0,0.0,0.0,4
2902259,16.253,64.533,2019-03-13T18:41:39Z,0.0,0.0,0.0,4
2902259,16.253,64.533,2019-03-13T18:41:39Z,0.0,0.0,0.0,4
2902259,16.253,64.533,2019-03-13T18:41:39Z,0.0,0.0,0.0,4
2902259,16.253,64.533,2019-03-13T18:41:39Z,0.0,0.0,0.0,4
2902259,16.253,64.533,2019-03-13T18:41:39Z,0.0,0.0,0.0,4
2902259,16.253,64.533,2019-03-13T18:41:39Z,0.0,0.0,0.0,4
2902259,16.253,64.533,2019-03-13T18:41:39Z,0.0,0.0,0.0,4
2902259,16.253,64.533,2019-03-13T18:41:39Z,0.0,0.0,0.0,4
2902259,16.253,64.533,2019-03-13T18:41:39Z,0.0,0.0,0.0,4
2902259,16.253,64.533,2019-03-13T18:41:39Z,0.0,0.0,0.0,4
2902259,16.253,64.533,2019-03-13T18:41:39Z,0.0,0.0,0.0,4
2902259,16.253,64.533,2019-03-13T18:41:39Z,0.0,0.0,0.0,4
2902259,16.253,64.533,2019-03-13T18:41:39Z,0.0,0.0,0.0,4
2902259,16.253,64.533,2019-03-13T18:41:39Z,0.0,0.0,0.0,4
2902259,16.253,64.533,2019-03-13T18:41:39Z,0.0,0.0,0.0,4
2902259,16.253,64.533,2019-03-13T18:41:39Z,0.0,0.0,0.0,4
2902259,16.253,64.533,2019-03-13T18:41:39Z,0.0,0.0,0.0,4
2902259,16.253,64.533,2019-03-13T18:41:39Z,0.0,0.0,0.0,4
2902259,16.253,64.533,2019-03-13T18:41:39Z,0.0,0.0,0.0,4
2902259,16.253,64.533,2019-03-13T18:41:39Z,0.0,0.0,0.0,4
2902259,16.253,64.533,2019-03-13T18:41:39Z,0.0,0.0,0.0,4
2902259,16.253,64.533,2019-03-13T18:41:39Z,0.0,0.0,0.0,4
2902259,16.253,64.533,2019-03-13T18:41:39Z,0.0,0.0,0.0,4
2902259,16.253,64.533,2019-03-13T18:41:39Z,0.0,0.0,0.0,4
2902259,16.253,64.533,2019-03-13T18:41:39Z,0.0,0.0,0.0,4
2902259,16.253,64.533,2019-03-13T18:41:39Z,0.0,0.0,0.0,4
2902259,16.253,64.533,2019-03-13T18:41:39Z,0.0,0.0,0.0,4
2902259,16.253,64.533,2019-03-13T18:41:39Z,0.0,0.0,0.0,4
2902259,16.253,64.533,2019-03-13T18:41:39Z,0.0,0.0,0.0,4
2902259,16.253,64.533,2019-03-13T18:41:39Z,0.0,0.0,0.0,4
2902259,16.253,64.533,2019-03-13T18:41:39Z,0.0,0.0,0.0,4
2902259,16.253,64.533,2019-03-13T18:41:39Z,0.0,0.0,0.0,4
2902259,16.253,64.533,2019-03-13T18:41:39Z,0.0,0.0,0.0,4
2902259,16.253,64.533,2019-03-13T18:41:39Z,0.0,0.0,0.0,4
2902259,16.253,64.533,2019-03-13T18:41:39Z,0.0,0.0,0.0,4
2902259,16.253,64.533,2019-03-13T18:41:39Z,0.0,0.0,0.0,4
2902259,16.253,64.533,2019-03-13T18:41:39Z,0.0,0.0,0.0,4
2902259,16.253,64.533,2019-03-13T18:41:39Z,0.0,0.0,0.0,4
2902259,16.253,64.533,2019-03-13T18:41:39Z,0.0,0.0,0.0,4
2902259,16.253,64.533,2019-03-13T18:41:39Z,0.0,0.0,0.0,4
2902259,16.253,64.533,2019-03-13T18:41:39Z,0.0,0.0,0.0,4
2902259,16.253,64.533,2019-03-13T18:41:39Z,0.0,0.0,0.0,4
2902259,16.253,64.533,2019-03-13T18:41:39Z,0.0,0.0,0.0,4
2902259,16.253,64.533,2019-03-13T18:41:39Z,0.0,0.0,0.0,4
2902259,16.253,64.533,2019-03-13T18:41:39Z,0.0,0.0,0.0,4
2902259,16.253,64.533,2019-03-13T18:41:39Z,0.0,0.0,0.0,4
2902259,16.253,64.533,2019-03-13T18:41:39Z,0.0,0.0,0.0,4
2902259,16.253,64.533,2019-03-13T18:41:39Z,0.0,0.0,0.0,4
2902259,16.253,64.533,2019-03-13T18:41:39Z,0.0,0.0,0.0,4
2902259,16.253,64.533,2019-03-13T18:41:39Z,0.0,0.0,0.0,4
2902259,16.253,64.533,2019-03-13T18:41:39Z,0.0,0.0,0.0,4
2902259,16.253,64.533,2019-03-13T18:41:39Z,0.0,0.0,0.0,4
2902259,16.253,64.533,2019-03-13T18:41:39Z,0.0,0.0,0.0,4
2902259,16.253,64.533,2019-03-13T18:41:39Z,0.0,0.0,0.0,4
2902259,16.253,64.533,2019-03-13T18:41:39Z,0.0,0.0,0.0,4
2902259,16.253,64.533,2019-03-13T18:41:39Z,0.0,0.0,0.0,4
2902259,16.253,64.533,2019-03-13T18:41:39Z,0.0,0.0,0.0,4
2902259,16.253,64.533,2019-03-13T18:41:39Z,0.0,0.0,0.0,4
2902259,16.253,64.533,2019-03-13T18:41:39Z,0.0,0.0,0.0,4
2902259,16.253,64.533,2019-03-13T18:41:39Z,0.0,0.0,0.0,4
2902259,16.253,64.533,2019-03-13T18:41:39Z,0.0,0.0,0.0,4
2902259,16.253,64.533,2019-03-13T18:41:39Z,0.0,0.0,0.0,4
2902259,16.253,64.533,2019-03-13T18:41:39Z,0.0,0.0,0.0,4
2902259,16.253,64.533,2019-03-13T18:41:39Z,0.0,0.0,0.0,4
2902259,16.253,64.533,2019-03-13T18:41:39Z,0.0,0.0,0.0,4
2902259,16.253,64.533,2019-03-13T18:41:39Z,0.0,0.0,0.0,4
2902259,16.253,64.533,2019-03-13T18:41:39Z,0.0,0.0,0.0,4
2902259,16.253,64.533,2019-03-13T18:41:39Z,0.0,0.0,0.0,4
2902259,16.253,64.533,2019-03-13T18:41:39Z,0.0,0.0,0.0,4
2902259,16.253,64.533,2019-03-13T18:41:39Z,0.0,0.0,0.0,4
2902259,16.253,64.533,2019-03-13T18:41:39Z,0.0,0.0,0.0,4
2902259,16.253,64.533,2019-03-13T18:41:39Z,0.0,0.0,0.0,4
2902259,16.253,64.533,2019-03-13T18:41:39Z,0.0,0.0,0.0,4
2902259,16.253,64.533,2019-03-13T18:41:39Z,0.0,0.0,0.0,4
2902259,16.253,64.533,2019-03-13T18:41:39Z,0.0,0.0,0.0,4
2902259,16.253,64.533,2019-03-13T18:41:39Z,0.0,0.0,0.0,4
2902259,16.253,64.533,2019-03-13T18:41:39Z,0.0,0.0,0.0,4
2902259,16.253,64.533,2019-03-13T18:41:39Z,0.0,0.0,0.0,4
2902259,16.253,64.533,2019-03-13T18:41:39Z,0.0,0.0,0.0,4
2902259,16.253,64.533,2019-03-13T18:41:39Z,0.0,0.0,0.0,4
2902259,16.253,64.533,2019-03-13T18:41:39Z,0.0,0.0,0.0,4
2902259,16.253,64.533,2019-03-13T18:41:39Z,0.0,0.0,0.0,4
2902259,16.253,64.533,2019-03-13T18:41:39Z,0.0,0.0,0.0,4
2902259,16.253,64.533,2019-03-13T18:41:39Z,0.0,0.0,0.0,4
2902259,16.253,64.533,2019-03-13T18:41:39Z,0.0,0.0,0.0,4
2902259,16.253,64.533,2019-03-13T18:41:39Z,0.0,0.0,0.0,4
2902259,16.253,64.533,2019-03-13T18:41:39Z,0.0,0.0,0.0,4
2902259,16.253,64.533,2019-03-13T18:41:39Z,0.0,0.0,0.0,4
2902259,16.253,64.533,2019-03-13T18:41:39Z,0.0,0.0,0.0,4
2902259,16.253,64.533,2019-03-13T18:41:39Z,0.0,0.0,0.0,4
2902259,16.253,64.533,2019-03-13T18:41:39Z,0.0,0.0,0.0,4
2902259,16.253,64.533,2019-03-13T18:41:39Z,0.0,0.0,0.0,4
2902259,16.253,64.533,2019-03-13T18:41:39Z,0.0,0.0,0.0,4
2902259,16.253,64.533,2019-03-13T18:41:39Z,0.0,0.0,0.0,4
2902259,16.253,64.533,2019-03-13T18:41:39Z,0.0,0.0,0.0,4
2902259,16.253,64.533,2019-03-13T18:41:39Z,0.0,0.0,0.0,4
2902259,16.253,64.533,2019-03-13T18:41:39Z,0.0,0.0,0.0,4
2902259,16.253,64.533,2019-03-13T18:41:39Z,0.0,0.0,0.0,4
2902259,16.253,64.533,2019-03-13T18:41:39Z,0.0,0.0,0.0,4
2902259,16.253,64.533,2019-03-13T18:41:39Z,0.0,0.0,0.0,4
2902259,16.253,64.533,2019-03-13T18:41:39Z,0.0,0.0,0.0,4
2902259,16.253,64.533,2019-03-13T18:41:39Z,0.0,0.0,0.0,4
2902259,16.253,64.533,2019-03-13T18:41:39Z,0.0,0.0,0.0,4
2902259,16.253,64.533,2019-03-13T18:41:39Z,0.0,0.0,0.0,4
2902259,16.253,64.533,2019-03-13T18:41:39Z,0.0,0.0,0.0,4
2902259,16.253,64.533,2019-03-13T18:41:39Z,0.0,0.0,0.0,4
2902259,16.253,64.533,2019-03-13T18:41:39Z,0.0,0.0,0.0,4
2902259,16.253,64.533,2019-03-13T18:41:39Z,0.0,0.0,0.0,4
2902259,16.253,64.533,2019-03-13T18:41:39Z,0.0,0.0,0.0,4
2902259,16.253,64.533,2019-03-13T18:41:39Z,0.0,0.0,0.0,4
2902259,16.253,64.533,2019-03-13T18:41:39Z,0.0,0.0,0.0,4
2902259,16.253,64.533,2019-03-13T18:41:39Z,0.0,0.0,0.0,4
2902259,16.253,64.533,2019-03-13T18:41:39Z,0.0,0.0,0.0,4
2902259,16.253,64.533,2019-03-13T18:41:39Z,0.0,0.0,0.0,4
2902259,16.253,64.533,2019-03-13T18:41:39Z,0.0,0.0,0.0,4
2902259,16.253,64.533,2019-03-13T18:41:39Z,0.0,0.0,0.0,4
2902259,16.253,64.533,2019-03-13T18:41:39Z,0.0,0.0,0.0,4
2902259,16.253,64.533,2019-03-13T18:41:39Z,0.0,0.0,0.0,4
2902259,16.253,64.533,2019-03-13T18:41:39Z,0.0,0.0,0.0,4
2902259,16.253,64.533,2019-03-13T18:41:39Z,0.0,0.0,0.0,4
2902259,16.253,64.533,2019-03-13T18:41:39Z,0.0,0.0,0.0,4
2902259,16.253,64.533,2019-03-13T18:41:39Z,0.0,0.0,0.0,4
2902259,16.253,64.533,2019-03-13T18:41:39Z,0.0,0.0,0.0,4
2902259,16.253,64.533,2019-03-13T18:41:39Z,0.0,0.0,0.0,4
2902259,16.253,64.533,2019-03-13T18:41:39Z,0.0,0.0,0.0,4
2902259,16.253,64.533,2019-03-13T18:41:39Z,0.0,0.0,0.0,4
2902259,16.253,64.533,2019-03-13T18:41:39Z,0.0,0.0,0.0,4
2902259,16.253,64.533,2019-03-13T18:41:39Z,0.0,0.0,0.0,4
2902259,16.253,64.533,2019-03-13T18:41:39Z,0.0,0.0,0.0,4
2902259,16.253,64.533,2019-03-13T18:41:39Z,0.0,0.0,0.0,4
2902259,16.253,64.533,2019-03-13T18:41:39Z,0.0,0.0,0.0,4
2902259,16.253,64.533,2019-03-13T18:41:39Z,0.0,0.0,0.0,4
2902259,16.253,64.533,2019-03-13T18:41:39Z,0.0,0.0,0.0,4
2902259,16.253,64.533,2019-03-13T18:41:39Z,0.0,0.0,0.0,4
2902259,16.253,64.533,2019-03-13T18:41:39Z,0.0,0.0,0.0,4
2902259,16.253,64.533,2019-03-13T18:41:39Z,0.0,0.0,0.0,4
2902259,16.253,64.533,2019-03-13T18:41:39Z,0.0,0.0,0.0,4
2902259,16.253,64.533,2019-03-13T18:41:39Z,0.0,0.0,0.0,4
2902259,16.253,64.533,2019-03-13T18:41:39Z,0.0,0.0,0.0,4
2902259,16.253,64.533,2019-03-13T18:41:39Z,0.0,0.0,0.0,4
2902259,16.253,64.533,2019-03-13T18:41:39Z,0.0,0.0,0.0,4
2902259,16.253,64.533,2019-03-13T18:41:39Z,0.0,0.0,0.0,4
2902259,16.253,64.533,2019-03-13T18:41:39Z,0.0,0.0,0.0,4
2902259,16.253,64.533,2019-03-13T18:41:39Z,0.0,0.0,0.0,4
2902259,16.253,64.533,2019-03-13T18:41:39Z,0.0,0.0,0.0,4
2902259,16.253,64.533,2019-03-13T18:41:39Z,0.0,0.0,0.0,4
2902259,16.253,64.533,2019-03-13T18:41:39Z,0.0,0.0,0.0,4
2902259,16.253,64.533,2019-03-13T18:41:39Z,0.0,0.0,0.0,4
2902259,16.253,64.533,2019-03-13T18:41:39Z,0.0,0.0,0.0,4
2902259,16.253,64.533,2019-03-13T18:41:39Z,0.0,0.0,0.0,4
2902259,16.253,64.533,2019-03-13T18:41:39Z,0.0,0.0,0.0,4
2902259,16.253,64.533,2019-03-13T18:41:39Z,0.0,0.0,0.0,4
2902259,16.253,64.533,2019-03-13T18:41:39Z,0.0,0.0,0.0,4
2902259,16.253,64.533,2019-03-13T18:41:39Z,0.0,0.0,0.0,4
2902259,16.253,64.533,2019-03-13T18:41:39Z,0.0,0.0,0.0,4
2902259,16.253,64.533,2019-03-13T18:41:39Z,0.0,0.0,0.0,4
2902259,16.253,64.533,2019-03-13T18:41:39Z,0.0,0.0,0.0,4
2902259,16.253,64.533,2019-03-13T18:41:39Z,0.0,0.0,0.0,4
2902259,16.253,64.533,2019-03-13T18:41:39Z,0.0,0.0,0.0,4
2902259,16.253,64.533,2019-03-13T18:41:39Z,0.0,0.0,0.0,4
2902259,16.253,64.533,2019-03-13T18:41:39Z,0.0,0.0,0.0,4
2902259,16.253,64.533,2019-03-13T18:41:39Z,0.0,0.0,0.0,4
2902259,16.253,64.533,2019-03-13T18:41:39Z,0.0,0.0,0.0,4
2902259,16.253,64.533,2019-03-13T18:41:39Z,0.0,0.0,0.0,4
2902259,16.253,64.533,2019-03-13T18:41:39Z,0.0,0.0,0.0,4
2902259,16.253,64.533,2019-03-13T18:41:39Z,0.0,0.0,0.0,4
2902259,16.253,64.533,2019-03-13T18:41:39Z,0.0,0.0,0.0,4
2902259,16.253,64.533,2019-03-13T18:41:39Z,0.0,0.0,0.0,4
2902259,16.253,64.533,2019-03-13T18:41:39Z,0.0,0.0,0.0,4
2902259,16.253,64.533,2019-03-13T18:41:39Z,0.0,0.0,0.0,4
2902259,16.253,64.533,2019-03-13T18:41:39Z,0.0,0.0,0.0,4
2902259,16.253,64.533,2019-03-13T18:41:39Z,0.0,0.0,0.0,4
2902259,16.253,64.533,2019-03-13T18:41:39Z,0.0,0.0,0.0,4
2902259,16.253,64.533,2019-03-13T18:41:39Z,0.0,0.0,0.0,4
2902259,16.253,64.533,2019-03-13T18:41:39Z,0.0,0.0,0.0,4
2902259,16.253,64.533,2019-03-13T18:41:39Z,0.0,0.0,0.0,4
2902259,16.253,64.533,2019-03-13T18:41:39Z,0.0,0.0,0.0,4
2902259,16.253,64.533,2019-03-13T18:41:39Z,0.0,0.0,0.0,4
2902259,16.253,64.533,2019-03-13T18:41:39Z,0.0,0.0,0.0,4
2902259,16.253,64.533,2019-03-13T18:41:39Z,0.0,0.0,0.0,4
2902259,16.253,64.533,2019-03-13T18:41:39Z,0.0,0.0,0.0,4
2902259,16.253,64.533,2019-03-13T18:41:39Z,0.0,0.0,0.0,4
2902259,16.253,64.533,2019-03-13T18:41:39Z,0.0,0.0,0.0,4
2902259,16.253,64.533,2019-03-13T18:41:39Z,0.0,0.0,0.0,4
2902259,16.253,64.533,2019-03-13T18:41:39Z,0.0,0.0,0.0,4
2902259,16.253,64.533,2019-03-13T18:41:39Z,0.0,0.0,0.0,4
2902259,16.253,64.533,2019-03-13T18:41:39Z,0.0,0.0,0.0,4
2902259,16.253,64.533,2019-03-13T18:41:39Z,0.0,0.0,0.0,4
2902259,16.253,64.533,2019-03-13T18:41:39Z,0.0,0.0,0.0,4
2902259,16.253,64.533,2019-03-13T18:41:39Z,0.0,0.0,0.0,4
2902259,16.253,64.533,2019-03-13T18:41:39Z,0.0,0.0,0.0,4
2902259,16.253,64.533,2019-03-13T18:41:39Z,0.0,0.0,0.0,4
2902259,16.253,64.533,2019-03-13T18:41:39Z,0.0,0.0,0.0,4
2902259,16.253,64.533,2019-03-13T18:41:39Z,0.0,0.0,0.0,4
2902259,16.253,64.533,2019-03-13T18:41:39Z,0.0,0.0,0.0,4
2902259,16.253,64.533,2019-03-13T18:41:39Z,0.0,0.0,0.0,4
2902259,16.253,64.533,2019-03-13T18:41:39Z,0.0,0.0,0.0,4
2902259,16.253,64.533,2019-03-13T18:41:39Z,0.0,0.0,0.0,4
2902259,16.253,64.533,2019-03-13T18:41:39Z,0.0,0.0,0.0,4
2902259,16.253,64.533,2019-03-13T18:41:39Z,0.0,0.0,0.0,4
2902259,16.253,64.533,2019-03-13T18:41:39Z,0.0,0.0,0.0,4
2902259,16.253,64.533,2019-03-13T18:41:39Z,0.0,0.0,0.0,4
2902259,16.253,64.533,2019-03-13T18:41:39Z,0.0,0.0,0.0,4
2902259,16.253,64.533,2019-03-13T18:41:39Z,0.0,0.0,0.0,4
2902259,16.253,64.533,2019-03-13T18:41:39Z,0.0,0.0,0.0,4
2902259,16.253,64.533,2019-03-13T18:41:39Z,0.0,0.0,0.0,4
2902259,16.253,64.533,2019-03-13T18:41:39Z,0.0,0.0,0.0,4
2902259,16.253,64.533,2019-03-13T18:41:39Z,0.0,0.0,0.0,4
2902259,16.253,64.533,2019-03-13T18:41:39Z,0.0,0.0,0.0,4
2902259,16.253,64.533,2019-03-13T18:41:39Z,0.0,0.0,0.0,4
2902259,16.253,64.533,2019-03-13T18:41:39Z,0.0,0.0,0.0,4
2902259,16.253,64.533,2019-03-13T18:41:39Z,0.0,0.0,0.0,4
2902259,16.253,64.533,2019-03-13T18:41:39Z,0.0,0.0,0.0,4
2902259,16.253,64.533,2019-03-13T18:41:39Z,0.0,0.0,0.0,4
2902259,16.253,64.533,2019-03-13T18:41:39Z,0.0,0.0,0.0,4
2902259,16.253,64.533,2019-03-13T18:41:39Z,0.0,0.0,0.0,4
2902259,16.253,64.533,2019-03-13T18:41:39Z,0.0,0.0,0.0,4
2902259,16.253,64.533,2019-03-13T18:41:39Z,0.0,0.0,0.0,4
2902259,16.253,64.533,2019-03-13T18:41:39Z,0.0,0.0,0.0,4
2902259,16.253,64.533,2019-03-13T18:41:39Z,0.0,0.0,0.0,4
2902259,16.253,64.533,2019-03-13T18:41:39Z,0.0,0.0,0.0,4
2902259,16.253,64.533,2019-03-13T18:41:39Z,0.0,0.0,0.0,4
2902259,16.253,64.533,2019-03-13T18:41:39Z,0.0,0.0,0.0,4
2902259,16.253,64.533,2019-03-13T18:41:39Z,0.0,0.0,0.0,4
2902259,16.253,64.533,2019-03-13T18:41:39Z,0.0,0.0,0.0,4
2902259,16.253,64.533,2019-03-13T18:41:39Z,0.0,0.0,0.0,4
2902259,16.253,64.533,2019-03-13T18:41:39Z,0.0,0.0,0.0,4
2902259,16.253,64.533,2019-03-13T18:41:39Z,0.0,0.0,0.0,4
2902259,16.253,64.533,2019-03-13T18:41:39Z,0.0,0.0,0.0,4
2902259,16.253,64.533,2019-03-13T18:41:39Z,0.0,0.0,0.0,4
2902259,16.253,64.533,2019-03-13T18:41:39Z,0.0,0.0,0.0,4
2902259,16.253,64.533,2019-03-13T18:41:39Z,26.328,36.584,1.0,3
2902259,16.253,64.533,2019-03-13T18:41:39Z,26.329,36.585,2.0,1
2902259,16.253,64.533,2019-03-13T18:41:39Z,26.336,36.581,3.0,1
2902259,16.253,64.533,2019-03-13T18:41:39Z,26.335,36.584,4.0,1
2902259,16.253,64.533,2019-03-13T18:41:39Z,26.336,36.583,5.0,1
2902259,16.253,64.533,2019-03-13T18:41:39Z,26.336,36.583,6.0,1
2902093,15.41172,68.41769666666667,2019-03-14T03:29:00Z,27.531,36.112,5.8,1
2902230,12.783333333333333,83.61666666666666,2019-03-14T04:04:04Z,28.65,32.877,0.4,1
2902230,12.783333333333333,83.61666666666666,2019-03-14T04:04:04Z,28.611,32.899,1.0,1
2902230,12.783333333333333,83.61666666666666,2019-03-14T04:04:04Z,28.596,32.903,1.9,1
2902230,12.783333333333333,83.61666666666666,2019-03-14T04:04:04Z,28.586,32.906,3.1,1
2902230,12.783333333333333,83.61666666666666,2019-03-14T04:04:04Z,28.575,32.912,4.1,1
2902230,12.783333333333333,83.61666666666666,2019-03-14T04:04:04Z,28.572,32.915,4.8,1
2902230,12.783333333333333,83.61666666666666,2019-03-14T04:04:04Z,28.57,32.915,5.8,1
2902123,12.365451666666667,62.050365,2019-03-14T11:28:00Z,27.797,36.056,5.1,1
2902120,17.525891666666666,64.50923333333333,2019-03-14T11:29:00Z,26.168,36.547,5.3,1
2902269,15.849,63.788,2019-03-14T14:45:47Z,26.354,36.484,0.0,4
2902269,15.849,63.788,2019-03-14T14:45:47Z,0.0,0.0,0.0,4
2902269,15.849,63.788,2019-03-14T14:45:47Z,0.0,0.0,0.0,4
2902269,15.849,63.788,2019-03-14T14:45:47Z,0.0,0.0,0.0,4
2902269,15.849,63.788,2019-03-14T14:45:47Z,0.0,0.0,0.0,4
2902269,15.849,63.788,2019-03-14T14:45:47Z,0.0,0.0,0.0,4
2902269,15.849,63.788,2019-03-14T14:45:47Z,0.0,0.0,0.0,4
2902269,15.849,63.788,2019-03-14T14:45:47Z,0.0,0.0,0.0,4
2902269,15.849,63.788,2019-03-14T14:45:47Z,0.0,0.0,0.0,4
2902269,15.849,63.788,2019-03-14T14:45:47Z,0.0,0.0,0.0,4
2902269,15.849,63.788,2019-03-14T14:45:47Z,0.0,0.0,0.0,4
2902269,15.849,63.788,2019-03-14T14:45:47Z,0.0,0.0,0.0,4
2902269,15.849,63.788,2019-03-14T14:45:47Z,0.0,0.0,0.0,4
2902269,15.849,63.788,2019-03-14T14:45:47Z,0.0,0.0,0.0,4
2902269,15.849,63.788,2019-03-14T14:45:47Z,0.0,0.0,0.0,4
2902269,15.849,63.788,2019-03-14T14:45:47Z,0.0,0.0,0.0,4
2902269,15.849,63.788,2019-03-14T14:45:47Z,0.0,0.0,0.0,4
2902269,15.849,63.788,2019-03-14T14:45:47Z,0.0,0.0,0.0,4
2902269,15.849,63.788,2019-03-14T14:45:47Z,0.0,0.0,0.0,4
2902269,15.849,63.788,2019-03-14T14:45:47Z,0.0,0.0,0.0,4
2902269,15.849,63.788,2019-03-14T14:45:47Z,0.0,0.0,0.0,4
2902269,15.849,63.788,2019-03-14T14:45:47Z,0.0,0.0,0.0,4
2902269,15.849,63.788,2019-03-14T14:45:47Z,0.0,0.0,0.0,4
2902269,15.849,63.788,2019-03-14T14:45:47Z,0.0,0.0,0.0,4
2902269,15.849,63.788,2019-03-14T14:45:47Z,0.0,0.0,0.0,4
2902269,15.849,63.788,2019-03-14T14:45:47Z,0.0,0.0,0.0,4
2902269,15.849,63.788,2019-03-14T14:45:47Z,0.0,0.0,0.0,4
2902269,15.849,63.788,2019-03-14T14:45:47Z,0.0,0.0,0.0,4
2902269,15.849,63.788,2019-03-14T14:45:47Z,0.0,0.0,0.0,4
2902269,15.849,63.788,2019-03-14T14:45:47Z,0.0,0.0,0.0,4
2902269,15.849,63.788,2019-03-14T14:45:47Z,0.0,0.0,0.0,4
2902269,15.849,63.788,2019-03-14T14:45:47Z,0.0,0.0,0.0,4
2902269,15.849,63.788,2019-03-14T14:45:47Z,0.0,0.0,0.0,4
2902269,15.849,63.788,2019-03-14T14:45:47Z,0.0,0.0,0.0,4
2902269,15.849,63.788,2019-03-14T14:45:47Z,0.0,0.0,0.0,4
2902269,15.849,63.788,2019-03-14T14:45:47Z,0.0,0.0,0.0,4
2902269,15.849,63.788,2019-03-14T14:45:47Z,0.0,0.0,0.0,4
2902269,15.849,63.788,2019-03-14T14:45:47Z,0.0,0.0,0.0,4
2902269,15.849,63.788,2019-03-14T14:45:47Z,0.0,0.0,0.0,4
2902269,15.849,63.788,2019-03-14T14:45:47Z,0.0,0.0,0.0,4
2902269,15.849,63.788,2019-03-14T14:45:47Z,0.0,0.0,0.0,4
2902269,15.849,63.788,2019-03-14T14:45:47Z,0.0,0.0,0.0,4
2902269,15.849,63.788,2019-03-14T14:45:47Z,0.0,0.0,0.0,4
2902269,15.849,63.788,2019-03-14T14:45:47Z,0.0,0.0,0.0,4
2902269,15.849,63.788,2019-03-14T14:45:47Z,0.0,0.0,0.0,4
2902269,15.849,63.788,2019-03-14T14:45:47Z,0.0,0.0,0.0,4
2902269,15.849,63.788,2019-03-14T14:45:47Z,0.0,0.0,0.0,4
2902269,15.849,63.788,2019-03-14T14:45:47Z,0.0,0.0,0.0,4
2902269,15.849,63.788,2019-03-14T14:45:47Z,0.0,0.0,0.0,4
2902269,15.849,63.788,2019-03-14T14:45:47Z,0.0,0.0,0.0,4
2902269,15.849,63.788,2019-03-14T14:45:47Z,0.0,0.0,0.0,4
2902269,15.849,63.788,2019-03-14T14:45:47Z,0.0,0.0,0.0,4
2902269,15.849,63.788,2019-03-14T14:45:47Z,0.0,0.0,0.0,4
2902269,15.849,63.788,2019-03-14T14:45:47Z,0.0,0.0,0.0,4
2902269,15.849,63.788,2019-03-14T14:45:47Z,0.0,0.0,0.0,4
2902269,15.849,63.788,2019-03-14T14:45:47Z,0.0,0.0,0.0,4
2902269,15.849,63.788,2019-03-14T14:45:47Z,0.0,0.0,0.0,4
2902269,15.849,63.788,2019-03-14T14:45:47Z,0.0,0.0,0.0,4
2902269,15.849,63.788,2019-03-14T14:45:47Z,0.0,0.0,0.0,4
2902269,15.849,63.788,2019-03-14T14:45:47Z,0.0,0.0,0.0,4
2902269,15.849,63.788,2019-03-14T14:45:47Z,0.0,0.0,0.0,4
2902269,15.849,63.788,2019-03-14T14:45:47Z,0.0,0.0,0.0,4
2902269,15.849,63.788,2019-03-14T14:45:47Z,0.0,0.0,0.0,4
2902269,15.849,63.788,2019-03-14T14:45:47Z,0.0,0.0,0.0,4
2902269,15.849,63.788,2019-03-14T14:45:47Z,0.0,0.0,0.0,4
2902269,15.849,63.788,2019-03-14T14:45:47Z,0.0,0.0,0.0,4
2902269,15.849,63.788,2019-03-14T14:45:47Z,0.0,0.0,0.0,4
2902269,15.849,63.788,2019-03-14T14:45:47Z,0.0,0.0,0.0,4
2902269,15.849,63.788,2019-03-14T14:45:47Z,0.0,0.0,0.0,4
2902269,15.849,63.788,2019-03-14T14:45:47Z,0.0,0.0,0.0,4
2902269,15.849,63.788,2019-03-14T14:45:47Z,0.0,0.0,0.0,4
2902269,15.849,63.788,2019-03-14T14:45:47Z,0.0,0.0,0.0,4
2902269,15.849,63.788,2019-03-14T14:45:47Z,0.0,0.0,0.0,4
2902269,15.849,63.788,2019-03-14T14:45:47Z,0.0,0.0,0.0,4
2902269,15.849,63.788,2019-03-14T14:45:47Z,0.0,0.0,0.0,4
2902269,15.849,63.788,2019-03-14T14:45:47Z,0.0,0.0,0.0,4
2902269,15.849,63.788,2019-03-14T14:45:47Z,0.0,0.0,0.0,4
2902269,15.849,63.788,2019-03-14T14:45:47Z,0.0,0.0,0.0,4
2902269,15.849,63.788,2019-03-14T14:45:47Z,0.0,0.0,0.0,4
2902269,15.849,63.788,2019-03-14T14:45:47Z,0.0,0.0,0.0,4
2902269,15.849,63.788,2019-03-14T14:45:47Z,0.0,0.0,0.0,4
2902269,15.849,63.788,2019-03-14T14:45:47Z,0.0,0.0,0.0,4
2902269,15.849,63.788,2019-03-14T14:45:47Z,0.0,0.0,0.0,4
2902269,15.849,63.788,2019-03-14T14:45:47Z,0.0,0.0,0.0,4
2902269,15.849,63.788,2019-03-14T14:45:47Z,0.0,0.0,0.0,4
2902269,15.849,63.788,2019-03-14T14:45:47Z,0.0,0.0,0.0,4
2902269,15.849,63.788,2019-03-14T14:45:47Z,0.0,0.0,0.0,4
2902269,15.849,63.788,2019-03-14T14:45:47Z,0.0,0.0,0.0,4
2902269,15.849,63.788,2019-03-14T14:45:47Z,0.0,0.0,0.0,4
2902269,15.849,63.788,2019-03-14T14:45:47Z,0.0,0.0,0.0,4
2902269,15.849,63.788,2019-03-14T14:45:47Z,0.0,0.0,0.0,4
2902269,15.849,63.788,2019-03-14T14:45:47Z,0.0,0.0,0.0,4
2902269,15.849,63.788,2019-03-14T14:45:47Z,0.0,0.0,0.0,4
2902269,15.849,63.788,2019-03-14T14:45:47Z,0.0,0.0,0.0,4
2902269,15.849,63.788,2019-03-14T14:45:47Z,0.0,0.0,0.0,4
2902269,15.849,63.788,2019-03-14T14:45:47Z,0.0,0.0,0.0,4
2902269,15.849,63.788,2019-03-14T14:45:47Z,0.0,0.0,0.0,4
2902269,15.849,63.788,2019-03-14T14:45:47Z,0.0,0.0,0.0,4
2902269,15.849,63.788,2019-03-14T14:45:47Z,0.0,0.0,0.0,4
2902269,15.849,63.788,2019-03-14T14:45:47Z,0.0,0.0,0.0,4
2902269,15.849,63.788,2019-03-14T14:45:47Z,0.0,0.0,0.0,4
2902269,15.849,63.788,2019-03-14T14:45:47Z,0.0,0.0,0.0,4
2902269,15.849,63.788,2019-03-14T14:45:47Z,0.0,0.0,0.0,4
2902269,15.849,63.788,2019-03-14T14:45:47Z,0.0,0.0,0.0,4
2902269,15.849,63.788,2019-03-14T14:45:47Z,0.0,0.0,0.0,4
2902269,15.849,63.788,2019-03-14T14:45:47Z,0.0,0.0,0.0,4
2902269,15.849,63.788,2019-03-14T14:45:47Z,0.0,0.0,0.0,4
2902269,15.849,63.788,2019-03-14T14:45:47Z,0.0,0.0,0.0,4
2902269,15.849,63.788,2019-03-14T14:45:47Z,0.0,0.0,0.0,4
2902269,15.849,63.788,2019-03-14T14:45:47Z,0.0,0.0,0.0,4
2902269,15.849,63.788,2019-03-14T14:45:47Z,0.0,0.0,0.0,4
2902269,15.849,63.788,2019-03-14T14:45:47Z,0.0,0.0,0.0,4
2902269,15.849,63.788,2019-03-14T14:45:47Z,0.0,0.0,0.0,4
2902269,15.849,63.788,2019-03-14T14:45:47Z,0.0,0.0,0.0,4
2902269,15.849,63.788,2019-03-14T14:45:47Z,0.0,0.0,0.0,4
2902269,15.849,63.788,2019-03-14T14:45:47Z,0.0,0.0,0.0,4
2902269,15.849,63.788,2019-03-14T14:45:47Z,0.0,0.0,0.0,4
2902269,15.849,63.788,2019-03-14T14:45:47Z,0.0,0.0,0.0,4
2902269,15.849,63.788,2019-03-14T14:45:47Z,0.0,0.0,0.0,4
2902269,15.849,63.788,2019-03-14T14:45:47Z,0.0,0.0,0.0,4
2902269,15.849,63.788,2019-03-14T14:45:47Z,0.0,0.0,0.0,4
2902269,15.849,63.788,2019-03-14T14:45:47Z,0.0,0.0,0.0,4
2902269,15.849,63.788,2019-03-14T14:45:47Z,0.0,0.0,0.0,4
2902269,15.849,63.788,2019-03-14T14:45:47Z,0.0,0.0,0.0,4
2902269,15.849,63.788,2019-03-14T14:45:47Z,0.0,0.0,0.0,4
2902269,15.849,63.788,2019-03-14T14:45:47Z,0.0,0.0,0.0,4
2902269,15.849,63.788,2019-03-14T14:45:47Z,0.0,0.0,0.0,4
2902269,15.849,63.788,2019-03-14T14:45:47Z,0.0,0.0,0.0,4
2902269,15.849,63.788,2019-03-14T14:45:47Z,0.0,0.0,0.0,4
2902269,15.849,63.788,2019-03-14T14:45:47Z,0.0,0.0,0.0,4
2902269,15.849,63.788,2019-03-14T14:45:47Z,0.0,0.0,0.0,4
2902269,15.849,63.788,2019-03-14T14:45:47Z,0.0,0.0,0.0,4
2902269,15.849,63.788,2019-03-14T14:45:47Z,0.0,0.0,0.0,4
2902269,15.849,63.788,2019-03-14T14:45:47Z,0.0,0.0,0.0,4
2902269,15.849,63.788,2019-03-14T14:45:47Z,0.0,0.0,0.0,4
2902269,15.849,63.788,2019-03-14T14:45:47Z,0.0,0.0,0.0,4
2902269,15.849,63.788,2019-03-14T14:45:47Z,0.0,0.0,0.0,4
2902269,15.849,63.788,2019-03-14T14:45:47Z,0.0,0.0,0.0,4
2902269,15.849,63.788,2019-03-14T14:45:47Z,0.0,0.0,0.0,4
2902269,15.849,63.788,2019-03-14T14:45:47Z,0.0,0.0,0.0,4
2902269,15.849,63.788,2019-03-14T14:45:47Z,0.0,0.0,0.0,4
2902269,15.849,63.788,2019-03-14T14:45:47Z,0.0,0.0,0.0,4
2902269,15.849,63.788,2019-03-14T14:45:47Z,0.0,0.0,0.0,4
2902269,15.849,63.788,2019-03-14T14:45:47Z,0.0,0.0,0.0,4
2902269,15.849,63.788,2019-03-14T14:45:47Z,0.0,0.0,0.0,4
2902269,15.849,63.788,2019-03-14T14:45:47Z,0.0,0.0,0.0,4
2902269,15.849,63.788,2019-03-14T14:45:47Z,0.0,0.0,0.0,4
2902269,15.849,63.788,2019-03-14T14:45:47Z,0.0,0.0,0.0,4
2902269,15.849,63.788,2019-03-14T14:45:47Z,0.0,0.0,0.0,4
2902269,15.849,63.788,2019-03-14T14:45:47Z,0.0,0.0,0.0,4
2902269,15.849,63.788,2019-03-14T14:45:47Z,0.0,0.0,0.0,4
2902269,15.849,63.788,2019-03-14T14:45:47Z,0.0,0.0,0.0,4
2902269,15.849,63.788,2019-03-14T14:45:47Z,0.0,0.0,0.0,4
2902269,15.849,63.788,2019-03-14T14:45:47Z,0.0,0.0,0.0,4
2902269,15.849,63.788,2019-03-14T14:45:47Z,0.0,0.0,0.0,4
2902269,15.849,63.788,2019-03-14T14:45:47Z,0.0,0.0,0.0,4
2902269,15.849,63.788,2019-03-14T14:45:47Z,0.0,0.0,0.0,4
2902269,15.849,63.788,2019-03-14T14:45:47Z,0.0,0.0,0.0,4
2902269,15.849,63.788,2019-03-14T14:45:47Z,0.0,0.0,0.0,4
2902269,15.849,63.788,2019-03-14T14:45:47Z,0.0,0.0,0.0,4
2902269,15.849,63.788,2019-03-14T14:45:47Z,0.0,0.0,0.0,4
2902269,15.849,63.788,2019-03-14T14:45:47Z,0.0,0.0,0.0,4
2902269,15.849,63.788,2019-03-14T14:45:47Z,0.0,0.0,0.0,4
2902269,15.849,63.788,2019-03-14T14:45:47Z,0.0,0.0,0.0,4
2902269,15.849,63.788,2019-03-14T14:45:47Z,0.0,0.0,0.0,4
2902269,15.849,63.788,2019-03-14T14:45:47Z,0.0,0.0,0.0,4
2902269,15.849,63.788,2019-03-14T14:45:47Z,0.0,0.0,0.0,4
2902269,15.849,63.788,2019-03-14T14:45:47Z,0.0,0.0,0.0,4
2902269,15.849,63.788,2019-03-14T14:45:47Z,0.0,0.0,0.0,4
2902269,15.849,63.788,2019-03-14T14:45:47Z,0.0,0.0,0.0,4
2902269,15.849,63.788,2019-03-14T14:45:47Z,0.0,0.0,0.0,4
2902269,15.849,63.788,2019-03-14T14:45:47Z,0.0,0.0,0.0,4
2902269,15.849,63.788,2019-03-14T14:45:47Z,0.0,0.0,0.0,4
2902269,15.849,63.788,2019-03-14T14:45:47Z,0.0,0.0,0.0,4
2902269,15.849,63.788,2019-03-14T14:45:47Z,0.0,0.0,0.0,4
2902269,15.849,63.788,2019-03-14T14:45:47Z,0.0,0.0,0.0,4
2902269,15.849,63.788,2019-03-14T14:45:47Z,0.0,0.0,0.0,4
2902269,15.849,63.788,2019-03-14T14:45:47Z,0.0,0.0,0.0,4
2902269,15.849,63.788,2019-03-14T14:45:47Z,0.0,0.0,0.0,4
2902269,15.849,63.788,2019-03-14T14:45:47Z,0.0,0.0,0.0,4
2902269,15.849,63.788,2019-03-14T14:45:47Z,0.0,0.0,0.0,4
2902269,15.849,63.788,2019-03-14T14:45:47Z,0.0,0.0,0.0,4
2902269,15.849,63.788,2019-03-14T14:45:47Z,0.0,0.0,0.0,4
2902269,15.849,63.788,2019-03-14T14:45:47Z,0.0,0.0,0.0,4
2902269,15.849,63.788,2019-03-14T14:45:47Z,0.0,0.0,0.0,4
2902269,15.849,63.788,2019-03-14T14:45:47Z,0.0,0.0,0.0,4
2902269,15.849,63.788,2019-03-14T14:45:47Z,0.0,0.0,0.0,4
2902269,15.849,63.788,2019-03-14T14:45:47Z,0.0,0.0,0.0,4
2902269,15.849,63.788,2019-03-14T14:45:47Z,0.0,0.0,0.0,4
2902269,15.849,63.788,2019-03-14T14:45:47Z,0.0,0.0,0.0,4
2902269,15.849,63.788,2019-03-14T14:45:47Z,0.0,0.0,0.0,4
2902269,15.849,63.788,2019-03-14T14:45:47Z,0.0,0.0,0.0,4
2902269,15.849,63.788,2019-03-14T14:45:47Z,0.0,0.0,0.0,4
2902269,15.849,63.788,2019-03-14T14:45:47Z,0.0,0.0,0.0,4
2902269,15.849,63.788,2019-03-14T14:45:47Z,0.0,0.0,0.0,4
2902269,15.849,63.788,2019-03-14T14:45:47Z,0.0,0.0,0.0,4
2902269,15.849,63.788,2019-03-14T14:45:47Z,0.0,0.0,0.0,4
2902269,15.849,63.788,2019-03-14T14:45:47Z,0.0,0.0,0.0,4
2902269,15.849,63.788,2019-03-14T14:45:47Z,0.0,0.0,0.0,4
2902269,15.849,63.788,2019-03-14T14:45:47Z,0.0,0.0,0.0,4
2902269,15.849,63.788,2019-03-14T14:45:47Z,0.0,0.0,0.0,4
2902269,15.849,63.788,2019-03-14T14:45:47Z,0.0,0.0,0.0,4
2902269,15.849,63.788,2019-03-14T14:45:47Z,0.0,0.0,0.0,4
2902269,15.849,63.788,2019-03-14T14:45:47Z,0.0,0.0,0.0,4
2902269,15.849,63.788,2019-03-14T14:45:47Z,0.0,0.0,0.0,4
2902269,15.849,63.788,2019-03-14T14:45:47Z,0.0,0.0,0.0,4
2902269,15.849,63.788,2019-03-14T14:45:47Z,0.0,0.0,0.0,4
2902269,15.849,63.788,2019-03-14T14:45:47Z,0.0,0.0,0.0,4
2902269,15.849,63.788,2019-03-14T14:45:47Z,0.0,0.0,0.0,4
2902269,15.849,63.788,2019-03-14T14:45:47Z,0.0,0.0,0.0,4
2902269,15.849,63.788,2019-03-14T14:45:47Z,0.0,0.0,0.0,4
2902269,15.849,63.788,2019-03-14T14:45:47Z,0.0,0.0,0.0,4
2902269,15.849,63.788,2019-03-14T14:45:47Z,0.0,0.0,0.0,4
2902269,15.849,63.788,2019-03-14T14:45:47Z,0.0,0.0,0.0,4
2902269,15.849,63.788,2019-03-14T14:45:47Z,0.0,0.0,0.0,4
2902269,15.849,63.788,2019-03-14T14:45:47Z,0.0,0.0,0.0,4
2902269,15.849,63.788,2019-03-14T14:45:47Z,0.0,0.0,0.0,4
2902269,15.849,63.788,2019-03-14T14:45:47Z,0.0,0.0,0.0,4
2902269,15.849,63.788,2019-03-14T14:45:47Z,0.0,0.0,0.0,4
2902269,15.849,63.788,2019-03-14T14:45:47Z,0.0,0.0,0.0,4
2902269,15.849,63.788,2019-03-14T14:45:47Z,0.0,0.0,0.0,4
2902269,15.849,63.788,2019-03-14T14:45:47Z,0.0,0.0,0.0,4
2902269,15.849,63.788,2019-03-14T14:45:47Z,0.0,0.0,0.0,4
2902269,15.849,63.788,2019-03-14T14:45:47Z,0.0,0.0,0.0,4
2902269,15.849,63.788,2019-03-14T14:45:47Z,0.0,0.0,0.0,4
2902269,15.849,63.788,2019-03-14T14:45:47Z,0.0,0.0,0.0,4
2902269,15.849,63.788,2019-03-14T14:45:47Z,0.0,0.0,0.0,4
2902269,15.849,63.788,2019-03-14T14:45:47Z,0.0,0.0,0.0,4
2902269,15.849,63.788,2019-03-14T14:45:47Z,0.0,0.0,0.0,4
2902269,15.849,63.788,2019-03-14T14:45:47Z,0.0,0.0,0.0,4
2902269,15.849,63.788,2019-03-14T14:45:47Z,0.0,0.0,0.0,4
2902269,15.849,63.788,2019-03-14T14:45:47Z,0.0,0.0,0.0,4
2902269,15.849,63.788,2019-03-14T14:45:47Z,0.0,0.0,0.0,4
2902269,15.849,63.788,2019-03-14T14:45:47Z,0.0,0.0,0.0,4
2902269,15.849,63.788,2019-03-14T14:45:47Z,0.0,0.0,0.0,4
2902269,15.849,63.788,2019-03-14T14:45:47Z,0.0,0.0,0.0,4
2902269,15.849,63.788,2019-03-14T14:45:47Z,26.356,36.483,1.0,4
2902269,15.849,63.788,2019-03-14T14:45:47Z,26.354,36.485,2.0,4
2902269,15.849,63.788,2019-03-14T14:45:47Z,26.358,36.483,3.0,4
2902269,15.849,63.788,2019-03-14T14:45:47Z,26.358,36.483,4.0,1
2902269,15.849,63.788,2019-03-14T14:45:47Z,26.359,36.484,5.0,1
2902269,15.849,63.788,2019-03-14T14:45:47Z,26.361,36.483,6.0,1
2902238,0.6569216666666667,83.615145,2019-03-14T17:28:00Z,29.942,34.786,5.4,1
2902262,13.661,60.034,2019-03-14T17:49:00Z,0.0,0.0,0.0,4
2902262,13.661,60.034,2019-03-14T17:49:00Z,0.0,0.0,0.0,4
2902262,13.661,60.034,2019-03-14T17:49:00Z,0.0,0.0,0.0,4
2902262,13.661,60.034,2019-03-14T17:49:00Z,0.0,0.0,0.0,4
2902262,13.661,60.034,2019-03-14T17:49:00Z,0.0,0.0,0.0,4
2902262,13.661,60.034,2019-03-14T17:49:00Z,0.0,0.0,0.0,4
2902262,13.661,60.034,2019-03-14T17:49:00Z,0.0,0.0,0.0,4
2902262,13.661,60.034,2019-03-14T17:49:00Z,0.0,0.0,0.0,4
2902262,13.661,60.034,2019-03-14T17:49:00Z,0.0,0.0,0.0,4
2902262,13.661,60.034,2019-03-14T17:49:00Z,0.0,0.0,0.0,4
2902262,13.661,60.034,2019-03-14T17:49:00Z,0.0,0.0,0.0,4
2902262,13.661,60.034,2019-03-14T17:49:00Z,0.0,0.0,0.0,4
2902262,13.661,60.034,2019-03-14T17:49:00Z,0.0,0.0,0.0,4
2902262,13.661,60.034,2019-03-14T17:49:00Z,0.0,0.0,0.0,4
2902262,13.661,60.034,2019-03-14T17:49:00Z,0.0,0.0,0.0,4
2902262,13.661,60.034,2019-03-14T17:49:00Z,0.0,0.0,0.0,4
2902262,13.661,60.034,2019-03-14T17:49:00Z,0.0,0.0,0.0,4
2902262,13.661,60.034,2019-03-14T17:49:00Z,0.0,0.0,0.0,4
2902262,13.661,60.034,2019-03-14T17:49:00Z,0.0,0.0,0.0,4
2902262,13.661,60.034,2019-03-14T17:49:00Z,0.0,0.0,0.0,4
2902262,13.661,60.034,2019-03-14T17:49:00Z,0.0,0.0,0.0,4
2902262,13.661,60.034,2019-03-14T17:49:00Z,0.0,0.0,0.0,4
2902262,13.661,60.034,2019-03-14T17:49:00Z,0.0,0.0,0.0,4
2902262,13.661,60.034,2019-03-14T17:49:00Z,0.0,0.0,0.0,4
2902262,13.661,60.034,2019-03-14T17:49:00Z,0.0,0.0,0.0,4
2902262,13.661,60.034,2019-03-14T17:49:00Z,0.0,0.0,0.0,4
2902262,13.661,60.034,2019-03-14T17:49:00Z,0.0,0.0,0.0,4
2902262,13.661,60.034,2019-03-14T17:49:00Z,0.0,0.0,0.0,4
2902262,13.661,60.034,2019-03-14T17:49:00Z,0.0,0.0,0.0,4
2902262,13.661,60.034,2019-03-14T17:49:00Z,0.0,0.0,0.0,4
2902262,13.661,60.034,2019-03-14T17:49:00Z,0.0,0.0,0.0,4
2902262,13.661,60.034,2019-03-14T17:49:00Z,0.0,0.0,0.0,4
2902262,13.661,60.034,2019-03-14T17:49:00Z,0.0,0.0,0.0,4
2902262,13.661,60.034,2019-03-14T17:49:00Z,0.0,0.0,0.0,4
2902262,13.661,60.034,2019-03-14T17:49:00Z,0.0,0.0,0.0,4
2902262,13.661,60.034,2019-03-14T17:49:00Z,0.0,0.0,0.0,4
2902262,13.661,60.034,2019-03-14T17:49:00Z,0.0,0.0,0.0,4
2902262,13.661,60.034,2019-03-14T17:49:00Z,0.0,0.0,0.0,4
2902262,13.661,60.034,2019-03-14T17:49:00Z,0.0,0.0,0.0,4
2902262,13.661,60.034,2019-03-14T17:49:00Z,0.0,0.0,0.0,4
2902262,13.661,60.034,2019-03-14T17:49:00Z,0.0,0.0,0.0,4
2902262,13.661,60.034,2019-03-14T17:49:00Z,0.0,0.0,0.0,4
2902262,13.661,60.034,2019-03-14T17:49:00Z,0.0,0.0,0.0,4
2902262,13.661,60.034,2019-03-14T17:49:00Z,0.0,0.0,0.0,4
2902262,13.661,60.034,2019-03-14T17:49:00Z,0.0,0.0,0.0,4
2902262,13.661,60.034,2019-03-14T17:49:00Z,0.0,0.0,0.0,4
2902262,13.661,60.034,2019-03-14T17:49:00Z,0.0,0.0,0.0,4
2902262,13.661,60.034,2019-03-14T17:49:00Z,0.0,0.0,0.0,4
2902262,13.661,60.034,2019-03-14T17:49:00Z,0.0,0.0,0.0,4
2902262,13.661,60.034,2019-03-14T17:49:00Z,0.0,0.0,0.0,4
2902262,13.661,60.034,2019-03-14T17:49:00Z,0.0,0.0,0.0,4
2902262,13.661,60.034,2019-03-14T17:49:00Z,0.0,0.0,0.0,4
2902262,13.661,60.034,2019-03-14T17:49:00Z,0.0,0.0,0.0,4
2902262,13.661,60.034,2019-03-14T17:49:00Z,0.0,0.0,0.0,4
2902262,13.661,60.034,2019-03-14T17:49:00Z,0.0,0.0,0.0,4
2902262,13.661,60.034,2019-03-14T17:49:00Z,0.0,0.0,0.0,4
2902262,13.661,60.034,2019-03-14T17:49:00Z,0.0,0.0,0.0,4
2902262,13.661,60.034,2019-03-14T17:49:00Z,0.0,0.0,0.0,4
2902262,13.661,60.034,2019-03-14T17:49:00Z,0.0,0.0,0.0,4
2902262,13.661,60.034,2019-03-14T17:49:00Z,0.0,0.0,0.0,4
2902262,13.661,60.034,2019-03-14T17:49:00Z,0.0,0.0,0.0,4
2902262,13.661,60.034,2019-03-14T17:49:00Z,0.0,0.0,0.0,4
2902262,13.661,60.034,2019-03-14T17:49:00Z,0.0,0.0,0.0,4
2902262,13.661,60.034,2019-03-14T17:49:00Z,0.0,0.0,0.0,4
2902262,13.661,60.034,2019-03-14T17:49:00Z,0.0,0.0,0.0,4
2902262,13.661,60.034,2019-03-14T17:49:00Z,0.0,0.0,0.0,4
2902262,13.661,60.034,2019-03-14T17:49:00Z,0.0,0.0,0.0,4
2902262,13.661,60.034,2019-03-14T17:49:00Z,0.0,0.0,0.0,4
2902262,13.661,60.034,2019-03-14T17:49:00Z,0.0,0.0,0.0,4
2902262,13.661,60.034,2019-03-14T17:49:00Z,0.0,0.0,0.0,4
2902262,13.661,60.034,2019-03-14T17:49:00Z,0.0,0.0,0.0,4
2902262,13.661,60.034,2019-03-14T17:49:00Z,0.0,0.0,0.0,4
2902262,13.661,60.034,2019-03-14T17:49:00Z,0.0,0.0,0.0,4
2902262,13.661,60.034,2019-03-14T17:49:00Z,0.0,0.0,0.0,4
2902262,13.661,60.034,2019-03-14T17:49:00Z,0.0,0.0,0.0,4
2902262,13.661,60.034,2019-03-14T17:49:00Z,0.0,0.0,0.0,4
2902262,13.661,60.034,2019-03-14T17:49:00Z,0.0,0.0,0.0,4
2902262,13.661,60.034,2019-03-14T17:49:00Z,0.0,0.0,0.0,4
2902262,13.661,60.034,2019-03-14T17:49:00Z,0.0,0.0,0.0,4
2902262,13.661,60.034,2019-03-14T17:49:00Z,0.0,0.0,0.0,4
2902262,13.661,60.034,2019-03-14T17:49:00Z,0.0,0.0,0.0,4
2902262,13.661,60.034,2019-03-14T17:49:00Z,0.0,0.0,0.0,4
2902262,13.661,60.034,2019-03-14T17:49:00Z,0.0,0.0,0.0,4
2902262,13.661,60.034,2019-03-14T17:49:00Z,0.0,0.0,0.0,4
2902262,13.661,60.034,2019-03-14T17:49:00Z,0.0,0.0,0.0,4
2902262,13.661,60.034,2019-03-14T17:49:00Z,0.0,0.0,0.0,4
2902262,13.661,60.034,2019-03-14T17:49:00Z,0.0,0.0,0.0,4
2902262,13.661,60.034,2019-03-14T17:49:00Z,0.0,0.0,0.0,4
2902262,13.661,60.034,2019-03-14T17:49:00Z,0.0,0.0,0.0,4
2902262,13.661,60.034,2019-03-14T17:49:00Z,0.0,0.0,0.0,4
2902262,13.661,60.034,2019-03-14T17:49:00Z,0.0,0.0,0.0,4
2902262,13.661,60.034,2019-03-14T17:49:00Z,0.0,0.0,0.0,4
2902262,13.661,60.034,2019-03-14T17:49:00Z,0.0,0.0,0.0,4
2902262,13.661,60.034,2019-03-14T17:49:00Z,0.0,0.0,0.0,4
2902262,13.661,60.034,2019-03-14T17:49:00Z,0.0,0.0,0.0,4
2902262,13.661,60.034,2019-03-14T17:49:00Z,0.0,0.0,0.0,4
2902262,13.661,60.034,2019-03-14T17:49:00Z,0.0,0.0,0.0,4
2902262,13.661,60.034,2019-03-14T17:49:00Z,0.0,0.0,0.0,4
2902262,13.661,60.034,2019-03-14T17:49:00Z,0.0,0.0,0.0,4
2902262,13.661,60.034,2019-03-14T17:49:00Z,0.0,0.0,0.0,4
2902262,13.661,60.034,2019-03-14T17:49:00Z,0.0,0.0,0.0,4
2902262,13.661,60.034,2019-03-14T17:49:00Z,0.0,0.0,0.0,4
2902262,13.661,60.034,2019-03-14T17:49:00Z,0.0,0.0,0.0,4
2902262,13.661,60.034,2019-03-14T17:49:00Z,0.0,0.0,0.0,4
2902262,13.661,60.034,2019-03-14T17:49:00Z,0.0,0.0,0.0,4
2902262,13.661,60.034,2019-03-14T17:49:00Z,0.0,0.0,0.0,4
2902262,13.661,60.034,2019-03-14T17:49:00Z,0.0,0.0,0.0,4
2902262,13.661,60.034,2019-03-14T17:49:00Z,0.0,0.0,0.0,4
2902262,13.661,60.034,2019-03-14T17:49:00Z,0.0,0.0,0.0,4
2902262,13.661,60.034,2019-03-14T17:49:00Z,0.0,0.0,0.0,4
2902262,13.661,60.034,2019-03-14T17:49:00Z,0.0,0.0,0.0,4
2902262,13.661,60.034,2019-03-14T17:49:00Z,0.0,0.0,0.0,4
2902262,13.661,60.034,2019-03-14T17:49:00Z,0.0,0.0,0.0,4
2902262,13.661,60.034,2019-03-14T17:49:00Z,0.0,0.0,0.0,4
2902262,13.661,60.034,2019-03-14T17:49:00Z,0.0,0.0,0.0,4
2902262,13.661,60.034,2019-03-14T17:49:00Z,0.0,0.0,0.0,4
2902262,13.661,60.034,2019-03-14T17:49:00Z,0.0,0.0,0.0,4
2902262,13.661,60.034,2019-03-14T17:49:00Z,0.0,0.0,0.0,4
2902262,13.661,60.034,2019-03-14T17:49:00Z,0.0,0.0,0.0,4
2902262,13.661,60.034,2019-03-14T17:49:00Z,0.0,0.0,0.0,4
2902262,13.661,60.034,2019-03-14T17:49:00Z,0.0,0.0,0.0,4
2902262,13.661,60.034,2019-03-14T17:49:00Z,0.0,0.0,0.0,4
2902262,13.661,60.034,2019-03-14T17:49:00Z,0.0,0.0,0.0,4
2902262,13.661,60.034,2019-03-14T17:49:00Z,0.0,0.0,0.0,4
2902262,13.661,60.034,2019-03-14T17:49:00Z,0.0,0.0,0.0,4
2902262,13.661,60.034,2019-03-14T17:49:00Z,0.0,0.0,0.0,4
2902262,13.661,60.034,2019-03-14T17:49:00Z,0.0,0.0,0.0,4
2902262,13.661,60.034,2019-03-14T17:49:00Z,0.0,0.0,0.0,4
2902262,13.661,60.034,2019-03-14T17:49:00Z,0.0,0.0,0.0,4
2902262,13.661,60.034,2019-03-14T17:49:00Z,0.0,0.0,0.0,4
2902262,13.661,60.034,2019-03-14T17:49:00Z,0.0,0.0,0.0,4
2902262,13.661,60.034,2019-03-14T17:49:00Z,0.0,0.0,0.0,4
2902262,13.661,60.034,2019-03-14T17:49:00Z,0.0,0.0,0.0,4
2902262,13.661,60.034,2019-03-14T17:49:00Z,0.0,0.0,0.0,4
2902262,13.661,60.034,2019-03-14T17:49:00Z,0.0,0.0,0.0,4
2902262,13.661,60.034,2019-03-14T17:49:00Z,0.0,0.0,0.0,4
2902262,13.661,60.034,2019-03-14T17:49:00Z,0.0,0.0,0.0,4
2902262,13.661,60.034,2019-03-14T17:49:00Z,0.0,0.0,0.0,4
2902262,13.661,60.034,2019-03-14T17:49:00Z,0.0,0.0,0.0,4
2902262,13.661,60.034,2019-03-14T17:49:00Z,0.0,0.0,0.0,4
2902262,13.661,60.034,2019-03-14T17:49:00Z,0.0,0.0,0.0,4
2902262,13.661,60.034,2019-03-14T17:49:00Z,0.0,0.0,0.0,4
2902262,13.661,60.034,2019-03-14T17:49:00Z,0.0,0.0,0.0,4
2902262,13.661,60.034,2019-03-14T17:49:00Z,0.0,0.0,0.0,4
2902262,13.661,60.034,2019-03-14T17:49:00Z,0.0,0.0,0.0,4
2902262,13.661,60.034,2019-03-14T17:49:00Z,0.0,0.0,0.0,4
2902262,13.661,60.034,2019-03-14T17:49:00Z,0.0,0.0,0.0,4
2902262,13.661,60.034,2019-03-14T17:49:00Z,0.0,0.0,0.0,4
2902262,13.661,60.034,2019-03-14T17:49:00Z,0.0,0.0,0.0,4
2902262,13.661,60.034,2019-03-14T17:49:00Z,0.0,0.0,0.0,4
2902262,13.661,60.034,2019-03-14T17:49:00Z,0.0,0.0,0.0,4
2902262,13.661,60.034,2019-03-14T17:49:00Z,0.0,0.0,0.0,4
2902262,13.661,60.034,2019-03-14T17:49:00Z,0.0,0.0,0.0,4
2902262,13.661,60.034,2019-03-14T17:49:00Z,0.0,0.0,0.0,4
2902262,13.661,60.034,2019-03-14T17:49:00Z,0.0,0.0,0.0,4
2902262,13.661,60.034,2019-03-14T17:49:00Z,0.0,0.0,0.0,4
2902262,13.661,60.034,2019-03-14T17:49:00Z,0.0,0.0,0.0,4
2902262,13.661,60.034,2019-03-14T17:49:00Z,0.0,0.0,0.0,4
2902262,13.661,60.034,2019-03-14T17:49:00Z,0.0,0.0,0.0,4
2902262,13.661,60.034,2019-03-14T17:49:00Z,0.0,0.0,0.0,4
2902262,13.661,60.034,2019-03-14T17:49:00Z,0.0,0.0,0.0,4
2902262,13.661,60.034,2019-03-14T17:49:00Z,0.0,0.0,0.0,4
2902262,13.661,60.034,2019-03-14T17:49:00Z,0.0,0.0,0.0,4
2902262,13.661,60.034,2019-03-14T17:49:00Z,0.0,0.0,0.0,4
2902262,13.661,60.034,2019-03-14T17:49:00Z,0.0,0.0,0.0,4
2902262,13.661,60.034,2019-03-14T17:49:00Z,0.0,0.0,0.0,4
2902262,13.661,60.034,2019-03-14T17:49:00Z,0.0,0.0,0.0,4
2902262,13.661,60.034,2019-03-14T17:49:00Z,0.0,0.0,0.0,4
2902262,13.661,60.034,2019-03-14T17:49:00Z,0.0,0.0,0.0,4
2902262,13.661,60.034,2019-03-14T17:49:00Z,0.0,0.0,0.0,4
2902262,13.661,60.034,2019-03-14T17:49:00Z,0.0,0.0,0.0,4
2902262,13.661,60.034,2019-03-14T17:49:00Z,0.0,0.0,0.0,4
2902262,13.661,60.034,2019-03-14T17:49:00Z,0.0,0.0,0.0,4
2902262,13.661,60.034,2019-03-14T17:49:00Z,0.0,0.0,0.0,4
2902262,13.661,60.034,2019-03-14T17:49:00Z,0.0,0.0,0.0,4
2902262,13.661,60.034,2019-03-14T17:49:00Z,0.0,0.0,0.0,4
2902262,13.661,60.034,2019-03-14T17:49:00Z,0.0,0.0,0.0,4
2902262,13.661,60.034,2019-03-14T17:49:00Z,0.0,0.0,0.0,4
2902262,13.661,60.034,2019-03-14T17:49:00Z,0.0,0.0,0.0,4
2902262,13.661,60.034,2019-03-14T17:49:00Z,0.0,0.0,0.0,4
2902262,13.661,60.034,2019-03-14T17:49:00Z,0.0,0.0,0.0,4
2902262,13.661,60.034,2019-03-14T17:49:00Z,0.0,0.0,0.0,4
2902262,13.661,60.034,2019-03-14T17:49:00Z,0.0,0.0,0.0,4
2902262,13.661,60.034,2019-03-14T17:49:00Z,0.0,0.0,0.0,4
2902262,13.661,60.034,2019-03-14T17:49:00Z,0.0,0.0,0.0,4
2902262,13.661,60.034,2019-03-14T17:49:00Z,0.0,0.0,0.0,4
2902262,13.661,60.034,2019-03-14T17:49:00Z,0.0,0.0,0.0,4
2902262,13.661,60.034,2019-03-14T17:49:00Z,0.0,0.0,0.0,4
2902262,13.661,60.034,2019-03-14T17:49:00Z,0.0,0.0,0.0,4
2902262,13.661,60.034,2019-03-14T17:49:00Z,0.0,0.0,0.0,4
2902262,13.661,60.034,2019-03-14T17:49:00Z,0.0,0.0,0.0,4
2902262,13.661,60.034,2019-03-14T17:49:00Z,0.0,0.0,0.0,4
2902262,13.661,60.034,2019-03-14T17:49:00Z,0.0,0.0,0.0,4
2902262,13.661,60.034,2019-03-14T17:49:00Z,0.0,0.0,0.0,4
2902262,13.661,60.034,2019-03-14T17:49:00Z,0.0,0.0,0.0,4
2902262,13.661,60.034,2019-03-14T17:49:00Z,0.0,0.0,0.0,4
2902262,13.661,60.034,2019-03-14T17:49:00Z,0.0,0.0,0.0,4
2902262,13.661,60.034,2019-03-14T17:49:00Z,0.0,0.0,0.0,4
2902262,13.661,60.034,2019-03-14T17:49:00Z,0.0,0.0,0.0,4
2902262,13.661,60.034,2019-03-14T17:49:00Z,0.0,0.0,0.0,4
2902262,13.661,60.034,2019-03-14T17:49:00Z,0.0,0.0,0.0,4
2902262,13.661,60.034,2019-03-14T17:49:00Z,0.0,0.0,0.0,4
2902262,13.661,60.034,2019-03-14T17:49:00Z,0.0,0.0,0.0,4
2902262,13.661,60.034,2019-03-14T17:49:00Z,0.0,0.0,0.0,4
2902262,13.661,60.034,2019-03-14T17:49:00Z,0.0,0.0,0.0,4
2902262,13.661,60.034,2019-03-14T17:49:00Z,0.0,0.0,0.0,4
2902262,13.661,60.034,2019-03-14T17:49:00Z,0.0,0.0,0.0,4
2902262,13.661,60.034,2019-03-14T17:49:00Z,0.0,0.0,0.0,4
2902262,13.661,60.034,2019-03-14T17:49:00Z,0.0,0.0,0.0,4
2902262,13.661,60.034,2019-03-14T17:49:00Z,0.0,0.0,0.0,4
2902262,13.661,60.034,2019-03-14T17:49:00Z,0.0,0.0,0.0,4
2902262,13.661,60.034,2019-03-14T17:49:00Z,0.0,0.0,0.0,4
2902262,13.661,60.034,2019-03-14T17:49:00Z,0.0,0.0,0.0,4
2902262,13.661,60.034,2019-03-14T17:49:00Z,0.0,0.0,0.0,4
2902262,13.661,60.034,2019-03-14T17:49:00Z,0.0,0.0,0.0,4
2902262,13.661,60.034,2019-03-14T17:49:00Z,0.0,0.0,0.0,4
2902262,13.661,60.034,2019-03-14T17:49:00Z,0.0,0.0,0.0,4
2902262,13.661,60.034,2019-03-14T17:49:00Z,0.0,0.0,0.0,4
2902262,13.661,60.034,2019-03-14T17:49:00Z,0.0,0.0,0.0,4
2902262,13.661,60.034,2019-03-14T17:49:00Z,0.0,0.0,0.0,4
2902262,13.661,60.034,2019-03-14T17:49:00Z,0.0,0.0,0.0,4
2902262,13.661,60.034,2019-03-14T17:49:00Z,0.0,0.0,0.0,4
2902262,13.661,60.034,2019-03-14T17:49:00Z,0.0,0.0,0.0,4
2902262,13.661,60.034,2019-03-14T17:49:00Z,0.0,0.0,0.0,4
2902262,13.661,60.034,2019-03-14T17:49:00Z,0.0,0.0,0.0,4
2902262,13.661,60.034,2019-03-14T17:49:00Z,0.0,0.0,0.0,4
2902262,13.661,60.034,2019-03-14T17:49:00Z,0.0,0.0,0.0,4
2902262,13.661,60.034,2019-03-14T17:49:00Z,0.0,0.0,0.0,4
2902262,13.661,60.034,2019-03-14T17:49:00Z,0.0,0.0,0.0,4
2902262,13.661,60.034,2019-03-14T17:49:00Z,0.0,0.0,0.0,4
2902262,13.661,60.034,2019-03-14T17:49:00Z,0.0,0.0,0.0,4
2902262,13.661,60.034,2019-03-14T17:49:00Z,0.0,0.0,0.0,4
2902262,13.661,60.034,2019-03-14T17:49:00Z,0.0,0.0,0.0,4
2902262,13.661,60.034,2019-03-14T17:49:00Z,0.0,0.0,0.0,4
2902262,13.661,60.034,2019-03-14T17:49:00Z,0.0,0.0,0.0,4
2902262,13.661,60.034,2019-03-14T17:49:00Z,26.149,36.246,1.0,4
2902262,13.661,60.034,2019-03-14T17:49:00Z,26.161,36.238,2.0,1
2902262,13.661,60.034,2019-03-14T17:49:00Z,26.163,36.238,3.0,1
2902262,13.661,60.034,2019-03-14T17:49:00Z,26.162,36.238,4.0,1
2902262,13.661,60.034,2019-03-14T17:49:00Z,26.159,36.238,5.0,1
2902262,13.661,60.034,2019-03-14T17:49:00Z,26.16,36.239,6.0,1
2902232,11.816666666666666,86.86666666666666,2019-03-15T04:10:19Z,28.747,34.806,0.3,4
2902232,11.816666666666666,86.86666666666666,2019-03-15T04:10:19Z,28.73,34.816,0.9,4
2902232,11.816666666666666,86.86666666666666,2019-03-15T04:10:19Z,28.72,34.816,1.8,4
2902232,11.816666666666666,86.86666666666666,2019-03-15T04:10:19Z,28.708,34.813,3.0,4
2902232,11.816666666666666,86.86666666666666,2019-03-15T04:10:19Z,28.681,34.829,4.0,4
2902232,11.816666666666666,86.86666666666666,2019-03-15T04:10:19Z,28.67,34.831,5.0,4
2902182,0.077,83.994,2019-03-15T13:10:55Z,30.212,34.773,4.0,1
2902182,0.077,83.994,2019-03-15T13:10:55Z,30.155,34.774,6.0,1
2902182,0.077,83.994,2019-03-15T13:10:55Z,0.0,0.0,0.0,4
2902236,16.766666666666666,88.65,2019-03-16T01:14:03Z,27.952,32.815,0.3,1
2902236,16.766666666666666,88.65,2019-03-16T01:14:03Z,27.954,32.812,1.1,1
2902236,16.766666666666666,88.65,2019-03-16T01:14:03Z,27.954,32.811,1.8,1
2902236,16.766666666666666,88.65,2019-03-16T01:14:03Z,27.956,32.809,2.9,1
2902236,16.766666666666666,88.65,2019-03-16T01:14:03Z,27.956,32.813,4.1,1
2902236,16.766666666666666,88.65,2019-03-16T01:14:03Z,27.954,32.819,4.8,1
2902236,16.766666666666666,88.65,2019-03-16T01:14:03Z,27.958,32.818,5.8,1
2902122,16.744686666666666,68.38280666666667,2019-03-16T05:46:00Z,26.645,36.676,5.9,1
2902254,15.391,66.589,2019-03-16T07:53:00Z,27.703,36.232,0.0,4
2902254,15.391,66.589,2019-03-16T07:53:00Z,0.0,0.0,0.0,4
2902254,15.391,66.589,2019-03-16T07:53:00Z,0.0,0.0,0.0,4
2902254,15.391,66.589,2019-03-16T07:53:00Z,0.0,0.0,0.0,4
2902254,15.391,66.589,2019-03-16T07:53:00Z,0.0,0.0,0.0,4
2902254,15.391,66.589,2019-03-16T07:53:00Z,0.0,0.0,0.0,4
2902254,15.391,66.589,2019-03-16T07:53:00Z,0.0,0.0,0.0,4
2902254,15.391,66.589,2019-03-16T07:53:00Z,0.0,0.0,0.0,4
2902254,15.391,66.589,2019-03-16T07:53:00Z,0.0,0.0,0.0,4
2902254,15.391,66.589,2019-03-16T07:53:00Z,0.0,0.0,0.0,4
2902254,15.391,66.589,2019-03-16T07:53:00Z,0.0,0.0,0.0,4
2902254,15.391,66.589,2019-03-16T07:53:00Z,0.0,0.0,0.0,4
2902254,15.391,66.589,2019-03-16T07:53:00Z,0.0,0.0,0.0,4
2902254,15.391,66.589,2019-03-16T07:53:00Z,0.0,0.0,0.0,4
2902254,15.391,66.589,2019-03-16T07:53:00Z,0.0,0.0,0.0,4
2902254,15.391,66.589,2019-03-16T07:53:00Z,0.0,0.0,0.0,4
2902254,15.391,66.589,2019-03-16T07:53:00Z,0.0,0.0,0.0,4
2902254,15.391,66.589,2019-03-16T07:53:00Z,0.0,0.0,0.0,4
2902254,15.391,66.589,2019-03-16T07:53:00Z,0.0,0.0,0.0,4
2902254,15.391,66.589,2019-03-16T07:53:00Z,0.0,0.0,0.0,4
2902254,15.391,66.589,2019-03-16T07:53:00Z,0.0,0.0,0.0,4
2902254,15.391,66.589,2019-03-16T07:53:00Z,0.0,0.0,0.0,4
2902254,15.391,66.589,2019-03-16T07:53:00Z,0.0,0.0,0.0,4
2902254,15.391,66.589,2019-03-16T07:53:00Z,0.0,0.0,0.0,4
2902254,15.391,66.589,2019-03-16T07:53:00Z,0.0,0.0,0.0,4
2902254,15.391,66.589,2019-03-16T07:53:00Z,0.0,0.0,0.0,4
2902254,15.391,66.589,2019-03-16T07:53:00Z,0.0,0.0,0.0,4
2902254,15.391,66.589,2019-03-16T07:53:00Z,0.0,0.0,0.0,4
2902254,15.391,66.589,2019-03-16T07:53:00Z,0.0,0.0,0.0,4
2902254,15.391,66.589,2019-03-16T07:53:00Z,0.0,0.0,0.0,4
2902254,15.391,66.589,2019-03-16T07:53:00Z,0.0,0.0,0.0,4
2902254,15.391,66.589,2019-03-16T07:53:00Z,0.0,0.0,0.0,4
2902254,15.391,66.589,2019-03-16T07:53:00Z,0.0,0.0,0.0,4
2902254,15.391,66.589,2019-03-16T07:53:00Z,0.0,0.0,0.0,4
2902254,15.391,66.589,2019-03-16T07:53:00Z,0.0,0.0,0.0,4
2902254,15.391,66.589,2019-03-16T07:53:00Z,0.0,0.0,0.0,4
2902254,15.391,66.589,2019-03-16T07:53:00Z,0.0,0.0,0.0,4
2902254,15.391,66.589,2019-03-16T07:53:00Z,0.0,0.0,0.0,4
2902254,15.391,66.589,2019-03-16T07:53:00Z,0.0,0.0,0.0,4
2902254,15.391,66.589,2019-03-16T07:53:00Z,0.0,0.0,0.0,4
2902254,15.391,66.589,2019-03-16T07:53:00Z,0.0,0.0,0.0,4
2902254,15.391,66.589,2019-03-16T07:53:00Z,0.0,0.0,0.0,4
2902254,15.391,66.589,2019-03-16T07:53:00Z,0.0,0.0,0.0,4
2902254,15.391,66.589,2019-03-16T07:53:00Z,0.0,0.0,0.0,4
2902254,15.391,66.589,2019-03-16T07:53:00Z,0.0,0.0,0.0,4
2902254,15.391,66.589,2019-03-16T07:53:00Z,0.0,0.0,0.0,4
2902254,15.391,66.589,2019-03-16T07:53:00Z,0.0,0.0,0.0,4
2902254,15.391,66.589,2019-03-16T07:53:00Z,0.0,0.0,0.0,4
2902254,15.391,66.589,2019-03-16T07:53:00Z,0.0,0.0,0.0,4
2902254,15.391,66.589,2019-03-16T07:53:00Z,0.0,0.0,0.0,4
2902254,15.391,66.589,2019-03-16T07:53:00Z,0.0,0.0,0.0,4
2902254,15.391,66.589,2019-03-16T07:53:00Z,0.0,0.0,0.0,4
2902254,15.391,66.589,2019-03-16T07:53:00Z,0.0,0.0,0.0,4
2902254,15.391,66.589,2019-03-16T07:53:00Z,0.0,0.0,0.0,4
2902254,15.391,66.589,2019-03-16T07:53:00Z,0.0,0.0,0.0,4
2902254,15.391,66.589,2019-03-16T07:53:00Z,0.0,0.0,0.0,4
2902254,15.391,66.589,2019-03-16T07:53:00Z,0.0,0.0,0.0,4
2902254,15.391,66.589,2019-03-16T07:53:00Z,0.0,0.0,0.0,4
2902254,15.391,66.589,2019-03-16T07:53:00Z,0.0,0.0,0.0,4
2902254,15.391,66.589,2019-03-16T07:53:00Z,0.0,0.0,0.0,4
2902254,15.391,66.589,2019-03-16T07:53:00Z,0.0,0.0,0.0,4
2902254,15.391,66.589,2019-03-16T07:53:00Z,0.0,0.0,0.0,4
2902254,15.391,66.589,2019-03-16T07:53:00Z,0.0,0.0,0.0,4
2902254,15.391,66.589,2019-03-16T07:53:00Z,0.0,0.0,0.0,4
2902254,15.391,66.589,2019-03-16T07:53:00Z,0.0,0.0,0.0,4
2902254,15.391,66.589,2019-03-16T07:53:00Z,0.0,0.0,0.0,4
2902254,15.391,66.589,2019-03-16T07:53:00Z,0.0,0.0,0.0,4
2902254,15.391,66.589,2019-03-16T07:53:00Z,0.0,0.0,0.0,4
2902254,15.391,66.589,2019-03-16T07:53:00Z,0.0,0.0,0.0,4
2902254,15.391,66.589,2019-03-16T07:53:00Z,0.0,0.0,0.0,4
2902254,15.391,66.589,2019-03-16T07:53:00Z,0.0,0.0,0.0,4
2902254,15.391,66.589,2019-03-16T07:53:00Z,0.0,0.0,0.0,4
2902254,15.391,66.589,2019-03-16T07:53:00Z,0.0,0.0,0.0,4
2902254,15.391,66.589,2019-03-16T07:53:00Z,0.0,0.0,0.0,4
2902254,15.391,66.589,2019-03-16T07:53:00Z,0.0,0.0,0.0,4
2902254,15.391,66.589,2019-03-16T07:53:00Z,0.0,0.0,0.0,4
2902254,15.391,66.589,2019-03-16T07:53:00Z,0.0,0.0,0.0,4
2902254,15.391,66.589,2019-03-16T07:53:00Z,0.0,0.0,0.0,4
2902254,15.391,66.589,2019-03-16T07:53:00Z,0.0,0.0,0.0,4
2902254,15.391,66.589,2019-03-16T07:53:00Z,0.0,0.0,0.0,4
2902254,15.391,66.589,2019-03-16T07:53:00Z,0.0,0.0,0.0,4
2902254,15.391,66.589,2019-03-16T07:53:00Z,0.0,0.0,0.0,4
2902254,15.391,66.589,2019-03-16T07:53:00Z,0.0,0.0,0.0,4
2902254,15.391,66.589,2019-03-16T07:53:00Z,0.0,0.0,0.0,4
2902254,15.391,66.589,2019-03-16T07:53:00Z,0.0,0.0,0.0,4
2902254,15.391,66.589,2019-03-16T07:53:00Z,0.0,0.0,0.0,4
2902254,15.391,66.589,2019-03-16T07:53:00Z,0.0,0.0,0.0,4
2902254,15.391,66.589,2019-03-16T07:53:00Z,0.0,0.0,0.0,4
2902254,15.391,66.589,2019-03-16T07:53:00Z,0.0,0.0,0.0,4
2902254,15.391,66.589,2019-03-16T07:53:00Z,0.0,0.0,0.0,4
2902254,15.391,66.589,2019-03-16T07:53:00Z,0.0,0.0,0.0,4
2902254,15.391,66.589,2019-03-16T07:53:00Z,0.0,0.0,0.0,4
2902254,15.391,66.589,2019-03-16T07:53:00Z,0.0,0.0,0.0,4
2902254,15.391,66.589,2019-03-16T07:53:00Z,0.0,0.0,0.0,4
2902254,15.391,66.589,2019-03-16T07:53:00Z,0.0,0.0,0.0,4
2902254,15.391,66.589,2019-03-16T07:53:00Z,0.0,0.0,0.0,4
2902254,15.391,66.589,2019-03-16T07:53:00Z,0.0,0.0,0.0,4
2902254,15.391,66.589,2019-03-16T07:53:00Z,0.0,0.0,0.0,4
2902254,15.391,66.589,2019-03-16T07:53:00Z,0.0,0.0,0.0,4
2902254,15.391,66.589,2019-03-16T07:53:00Z,0.0,0.0,0.0,4
2902254,15.391,66.589,2019-03-16T07:53:00Z,0.0,0.0,0.0,4
2902254,15.391,66.589,2019-03-16T07:53:00Z,0.0,0.0,0.0,4
2902254,15.391,66.589,2019-03-16T07:53:00Z,0.0,0.0,0.0,4
2902254,15.391,66.589,2019-03-16T07:53:00Z,0.0,0.0,0.0,4
2902254,15.391,66.589,2019-03-16T07:53:00Z,0.0,0.0,0.0,4
2902254,15.391,66.589,2019-03-16T07:53:00Z,0.0,0.0,0.0,4
2902254,15.391,66.589,2019-03-16T07:53:00Z,0.0,0.0,0.0,4
2902254,15.391,66.589,2019-03-16T07:53:00Z,0.0,0.0,0.0,4
2902254,15.391,66.589,2019-03-16T07:53:00Z,0.0,0.0,0.0,4
2902254,15.391,66.589,2019-03-16T07:53:00Z,0.0,0.0,0.0,4
2902254,15.391,66.589,2019-03-16T07:53:00Z,0.0,0.0,0.0,4
2902254,15.391,66.589,2019-03-16T07:53:00Z,0.0,0.0,0.0,4
2902254,15.391,66.589,2019-03-16T07:53:00Z,0.0,0.0,0.0,4
2902254,15.391,66.589,2019-03-16T07:53:00Z,0.0,0.0,0.0,4
2902254,15.391,66.589,2019-03-16T07:53:00Z,0.0,0.0,0.0,4
2902254,15.391,66.589,2019-03-16T07:53:00Z,0.0,0.0,0.0,4
2902254,15.391,66.589,2019-03-16T07:53:00Z,0.0,0.0,0.0,4
2902254,15.391,66.589,2019-03-16T07:53:00Z,0.0,0.0,0.0,4
2902254,15.391,66.589,2019-03-16T07:53:00Z,0.0,0.0,0.0,4
2902254,15.391,66.589,2019-03-16T07:53:00Z,0.0,0.0,0.0,4
2902254,15.391,66.589,2019-03-16T07:53:00Z,0.0,0.0,0.0,4
2902254,15.391,66.589,2019-03-16T07:53:00Z,0.0,0.0,0.0,4
2902254,15.391,66.589,2019-03-16T07:53:00Z,0.0,0.0,0.0,4
2902254,15.391,66.589,2019-03-16T07:53:00Z,0.0,0.0,0.0,4
2902254,15.391,66.589,2019-03-16T07:53:00Z,0.0,0.0,0.0,4
2902254,15.391,66.589,2019-03-16T07:53:00Z,0.0,0.0,0.0,4
2902254,15.391,66.589,2019-03-16T07:53:00Z,0.0,0.0,0.0,4
2902254,15.391,66.589,2019-03-16T07:53:00Z,0.0,0.0,0.0,4
2902254,15.391,66.589,2019-03-16T07:53:00Z,0.0,0.0,0.0,4
2902254,15.391,66.589,2019-03-16T07:53:00Z,0.0,0.0,0.0,4
2902254,15.391,66.589,2019-03-16T07:53:00Z,0.0,0.0,0.0,4
2902254,15.391,66.589,2019-03-16T07:53:00Z,0.0,0.0,0.0,4
2902254,15.391,66.589,2019-03-16T07:53:00Z,0.0,0.0,0.0,4
2902254,15.391,66.589,2019-03-16T07:53:00Z,0.0,0.0,0.0,4
2902254,15.391,66.589,2019-03-16T07:53:00Z,0.0,0.0,0.0,4
2902254,15.391,66.589,2019-03-16T07:53:00Z,0.0,0.0,0.0,4
2902254,15.391,66.589,2019-03-16T07:53:00Z,0.0,0.0,0.0,4
2902254,15.391,66.589,2019-03-16T07:53:00Z,0.0,0.0,0.0,4
2902254,15.391,66.589,2019-03-16T07:53:00Z,0.0,0.0,0.0,4
2902254,15.391,66.589,2019-03-16T07:53:00Z,0.0,0.0,0.0,4
2902254,15.391,66.589,2019-03-16T07:53:00Z,0.0,0.0,0.0,4
2902254,15.391,66.589,2019-03-16T07:53:00Z,0.0,0.0,0.0,4
2902254,15.391,66.589,2019-03-16T07:53:00Z,0.0,0.0,0.0,4
2902254,15.391,66.589,2019-03-16T07:53:00Z,0.0,0.0,0.0,4
2902254,15.391,66.589,2019-03-16T07:53:00Z,0.0,0.0,0.0,4
2902254,15.391,66.589,2019-03-16T07:53:00Z,0.0,0.0,0.0,4
2902254,15.391,66.589,2019-03-16T07:53:00Z,0.0,0.0,0.0,4
2902254,15.391,66.589,2019-03-16T07:53:00Z,0.0,0.0,0.0,4
2902254,15.391,66.589,2019-03-16T07:53:00Z,0.0,0.0,0.0,4
2902254,15.391,66.589,2019-03-16T07:53:00Z,0.0,0.0,0.0,4
2902254,15.391,66.589,2019-03-16T07:53:00Z,0.0,0.0,0.0,4
2902254,15.391,66.589,2019-03-16T07:53:00Z,0.0,0.0,0.0,4
2902254,15.391,66.589,2019-03-16T07:53:00Z,0.0,0.0,0.0,4
2902254,15.391,66.589,2019-03-16T07:53:00Z,0.0,0.0,0.0,4
2902254,15.391,66.589,2019-03-16T07:53:00Z,0.0,0.0,0.0,4
2902254,15.391,66.589,2019-03-16T07:53:00Z,0.0,0.0,0.0,4
2902254,15.391,66.589,2019-03-16T07:53:00Z,0.0,0.0,0.0,4
2902254,15.391,66.589,2019-03-16T07:53:00Z,0.0,0.0,0.0,4
2902254,15.391,66.589,2019-03-16T07:53:00Z,0.0,0.0,0.0,4
2902254,15.391,66.589,2019-03-16T07:53:00Z,0.0,0.0,0.0,4
2902254,15.391,66.589,2019-03-16T07:53:00Z,0.0,0.0,0.0,4
2902254,15.391,66.589,2019-03-16T07:53:00Z,0.0,0.0,0.0,4
2902254,15.391,66.589,2019-03-16T07:53:00Z,0.0,0.0,0.0,4
2902254,15.391,66.589,2019-03-16T07:53:00Z,0.0,0.0,0.0,4
2902254,15.391,66.589,2019-03-16T07:53:00Z,0.0,0.0,0.0,4
2902254,15.391,66.589,2019-03-16T07:53:00Z,0.0,0.0,0.0,4
2902254,15.391,66.589,2019-03-16T07:53:00Z,0.0,0.0,0.0,4
2902254,15.391,66.589,2019-03-16T07:53:00Z,0.0,0.0,0.0,4
2902254,15.391,66.589,2019-03-16T07:53:00Z,0.0,0.0,0.0,4
2902254,15.391,66.589,2019-03-16T07:53:00Z,0.0,0.0,0.0,4
2902254,15.391,66.589,2019-03-16T07:53:00Z,0.0,0.0,0.0,4
2902254,15.391,66.589,2019-03-16T07:53:00Z,0.0,0.0,0.0,4
2902254,15.391,66.589,2019-03-16T07:53:00Z,0.0,0.0,0.0,4
2902254,15.391,66.589,2019-03-16T07:53:00Z,0.0,0.0,0.0,4
2902254,15.391,66.589,2019-03-16T07:53:00Z,0.0,0.0,0.0,4
2902254,15.391,66.589,2019-03-16T07:53:00Z,0.0,0.0,0.0,4
2902254,15.391,66.589,2019-03-16T07:53:00Z,0.0,0.0,0.0,4
2902254,15.391,66.589,2019-03-16T07:53:00Z,0.0,0.0,0.0,4
2902254,15.391,66.589,2019-03-16T07:53:00Z,0.0,0.0,0.0,4
2902254,15.391,66.589,2019-03-16T07:53:00Z,0.0,0.0,0.0,4
2902254,15.391,66.589,2019-03-16T07:53:00Z,0.0,0.0,0.0,4
2902254,15.391,66.589,2019-03-16T07:53:00Z,0.0,0.0,0.0,4
2902254,15.391,66.589,2019-03-16T07:53:00Z,0.0,0.0,0.0,4
2902254,15.391,66.589,2019-03-16T07:53:00Z,0.0,0.0,0.0,4
2902254,15.391,66.589,2019-03-16T07:53:00Z,0.0,0.0,0.0,4
2902254,15.391,66.589,2019-03-16T07:53:00Z,0.0,0.0,0.0,4
2902254,15.391,66.589,2019-03-16T07:53:00Z,0.0,0.0,0.0,4
2902254,15.391,66.589,2019-03-16T07:53:00Z,0.0,0.0,0.0,4
2902254,15.391,66.589,2019-03-16T07:53:00Z,0.0,0.0,0.0,4
2902254,15.391,66.589,2019-03-16T07:53:00Z,0.0,0.0,0.0,4
2902254,15.391,66.589,2019-03-16T07:53:00Z,0.0,0.0,0.0,4
2902254,15.391,66.589,2019-03-16T07:53:00Z,0.0,0.0,0.0,4
2902254,15.391,66.589,2019-03-16T07:53:00Z,0.0,0.0,0.0,4
2902254,15.391,66.589,2019-03-16T07:53:00Z,0.0,0.0,0.0,4
2902254,15.391,66.589,2019-03-16T07:53:00Z,0.0,0.0,0.0,4
2902254,15.391,66.589,2019-03-16T07:53:00Z,0.0,0.0,0.0,4
2902254,15.391,66.589,2019-03-16T07:53:00Z,0.0,0.0,0.0,4
2902254,15.391,66.589,2019-03-16T07:53:00Z,0.0,0.0,0.0,4
2902254,15.391,66.589,2019-03-16T07:53:00Z,0.0,0.0,0.0,4
2902254,15.391,66.589,2019-03-16T07:53:00Z,0.0,0.0,0.0,4
2902254,15.391,66.589,2019-03-16T07:53:00Z,0.0,0.0,0.0,4
2902254,15.391,66.589,2019-03-16T07:53:00Z,0.0,0.0,0.0,4
2902254,15.391,66.589,2019-03-16T07:53:00Z,0.0,0.0,0.0,4
2902254,15.391,66.589,2019-03-16T07:53:00Z,0.0,0.0,0.0,4
2902254,15.391,66.589,2019-03-16T07:53:00Z,0.0,0.0,0.0,4
2902254,15.391,66.589,2019-03-16T07:53:00Z,0.0,0.0,0.0,4
2902254,15.391,66.589,2019-03-16T07:53:00Z,0.0,0.0,0.0,4
2902254,15.391,66.589,2019-03-16T07:53:00Z,0.0,0.0,0.0,4
2902254,15.391,66.589,2019-03-16T07:53:00Z,0.0,0.0,0.0,4
2902254,15.391,66.589,2019-03-16T07:53:00Z,0.0,0.0,0.0,4
2902254,15.391,66.589,2019-03-16T07:53:00Z,0.0,0.0,0.0,4
2902254,15.391,66.589,2019-03-16T07:53:00Z,0.0,0.0,0.0,4
2902254,15.391,66.589,2019-03-16T07:53:00Z,0.0,0.0,0.0,4
2902254,15.391,66.589,2019-03-16T07:53:00Z,0.0,0.0,0.0,4
2902254,15.391,66.589,2019-03-16T07:53:00Z,0.0,0.0,0.0,4
2902254,15.391,66.589,2019-03-16T07:53:00Z,0.0,0.0,0.0,4
2902254,15.391,66.589,2019-03-16T07:53:00Z,0.0,0.0,0.0,4
2902254,15.391,66.589,2019-03-16T07:53:00Z,0.0,0.0,0.0,4
2902254,15.391,66.589,2019-03-16T07:53:00Z,0.0,0.0,0.0,4
2902254,15.391,66.589,2019-03-16T07:53:00Z,0.0,0.0,0.0,4
2902254,15.391,66.589,2019-03-16T07:53:00Z,0.0,0.0,0.0,4
2902254,15.391,66.589,2019-03-16T07:53:00Z,0.0,0.0,0.0,4
2902254,15.391,66.589,2019-03-16T07:53:00Z,0.0,0.0,0.0,4
2902254,15.391,66.589,2019-03-16T07:53:00Z,0.0,0.0,0.0,4
2902254,15.391,66.589,2019-03-16T07:53:00Z,0.0,0.0,0.0,4
2902254,15.391,66.589,2019-03-16T07:53:00Z,0.0,0.0,0.0,4
2902254,15.391,66.589,2019-03-16T07:53:00Z,0.0,0.0,0.0,4
2902254,15.391,66.589,2019-03-16T07:53:00Z,0.0,0.0,0.0,4
2902254,15.391,66.589,2019-03-16T07:53:00Z,0.0,0.0,0.0,4
2902254,15.391,66.589,2019-03-16T07:53:00Z,0.0,0.0,0.0,4
2902254,15.391,66.589,2019-03-16T07:53:00Z,0.0,0.0,0.0,4
2902254,15.391,66.589,2019-03-16T07:53:00Z,0.0,0.0,0.0,4
2902254,15.391,66.589,2019-03-16T07:53:00Z,0.0,0.0,0.0,4
2902254,15.391,66.589,2019-03-16T07:53:00Z,0.0,0.0,0.0,4
2902254,15.391,66.589,2019-03-16T07:53:00Z,0.0,0.0,0.0,4
2902254,15.391,66.589,2019-03-16T07:53:00Z,0.0,0.0,0.0,4
2902254,15.391,66.589,2019-03-16T07:53:00Z,27.705,36.227,1.0,3
2902254,15.391,66.589,2019-03-16T07:53:00Z,27.7,36.232,2.0,1
2902254,15.391,66.589,2019-03-16T07:53:00Z,27.705,36.226,3.0,1
2902254,15.391,66.589,2019-03-16T07:53:00Z,27.703,36.227,4.0,1
2902254,15.391,66.589,2019-03-16T07:53:00Z,27.699,36.235,5.0,1
2902254,15.391,66.589,2019-03-16T07:53:00Z,27.693,36.235,6.0,1
2902199,15.848,67.237,2019-03-16T12:00:50Z,27.067,36.627,4.0,1
2902199,15.848,67.237,2019-03-16T12:00:50Z,0.0,0.0,0.0,4
2902264,15.128225,85.65564,2019-03-16T17:23:00Z,28.953,33.679,5.5,1
2902239,0.8325866666666666,82.830265,2019-03-16T17:28:00Z,30.386,34.695,5.5,1
2902188,0.363,62.552,2019-03-17T01:51:52Z,29.41,35.206,4.3,4
2902188,0.363,62.552,2019-03-17T01:51:52Z,29.401,35.206,6.0,4
2902188,0.363,62.552,2019-03-17T01:51:52Z,0.0,0.0,0.0,4
2901307,8.448,66.492,2019-03-17T09:16:56Z,29.33,35.728,4.3,1
2902266,14.748,66.883,2019-03-17T13:54:00Z,0.0,0.0,0.0,4
2902266,14.748,66.883,2019-03-17T13:54:00Z,0.0,0.0,0.0,4
2902266,14.748,66.883,2019-03-17T13:54:00Z,0.0,0.0,0.0,4
2902266,14.748,66.883,2019-03-17T13:54:00Z,0.0,0.0,0.0,4
2902266,14.748,66.883,2019-03-17T13:54:00Z,0.0,0.0,0.0,4
2902266,14.748,66.883,2019-03-17T13:54:00Z,0.0,0.0,0.0,4
2902266,14.748,66.883,2019-03-17T13:54:00Z,0.0,0.0,0.0,4
2902266,14.748,66.883,2019-03-17T13:54:00Z,0.0,0.0,0.0,4
2902266,14.748,66.883,2019-03-17T13:54:00Z,0.0,0.0,0.0,4
2902266,14.748,66.883,2019-03-17T13:54:00Z,0.0,0.0,0.0,4
2902266,14.748,66.883,2019-03-17T13:54:00Z,0.0,0.0,0.0,4
2902266,14.748,66.883,2019-03-17T13:54:00Z,0.0,0.0,0.0,4
2902266,14.748,66.883,2019-03-17T13:54:00Z,0.0,0.0,0.0,4
2902266,14.748,66.883,2019-03-17T13:54:00Z,0.0,0.0,0.0,4
2902266,14.748,66.883,2019-03-17T13:54:00Z,0.0,0.0,0.0,4
2902266,14.748,66.883,2019-03-17T13:54:00Z,0.0,0.0,0.0,4
2902266,14.748,66.883,2019-03-17T13:54:00Z,0.0,0.0,0.0,4
2902266,14.748,66.883,2019-03-17T13:54:00Z,0.0,0.0,0.0,4
2902266,14.748,66.883,2019-03-17T13:54:00Z,0.0,0.0,0.0,4
2902266,14.748,66.883,2019-03-17T13:54:00Z,0.0,0.0,0.0,4
2902266,14.748,66.883,2019-03-17T13:54:00Z,0.0,0.0,0.0,4
2902266,14.748,66.883,2019-03-17T13:54:00Z,0.0,0.0,0.0,4
2902266,14.748,66.883,2019-03-17T13:54:00Z,0.0,0.0,0.0,4
2902266,14.748,66.883,2019-03-17T13:54:00Z,0.0,0.0,0.0,4
2902266,14.748,66.883,2019-03-17T13:54:00Z,0.0,0.0,0.0,4
2902266,14.748,66.883,2019-03-17T13:54:00Z,0.0,0.0,0.0,4
2902266,14.748,66.883,2019-03-17T13:54:00Z,0.0,0.0,0.0,4
2902266,14.748,66.883,2019-03-17T13:54:00Z,0.0,0.0,0.0,4
2902266,14.748,66.883,2019-03-17T13:54:00Z,0.0,0.0,0.0,4
2902266,14.748,66.883,2019-03-17T13:54:00Z,0.0,0.0,0.0,4
2902266,14.748,66.883,2019-03-17T13:54:00Z,0.0,0.0,0.0,4
2902266,14.748,66.883,2019-03-17T13:54:00Z,0.0,0.0,0.0,4
2902266,14.748,66.883,2019-03-17T13:54:00Z,0.0,0.0,0.0,4
2902266,14.748,66.883,2019-03-17T13:54:00Z,0.0,0.0,0.0,4
2902266,14.748,66.883,2019-03-17T13:54:00Z,0.0,0.0,0.0,4
2902266,14.748,66.883,2019-03-17T13:54:00Z,0.0,0.0,0.0,4
2902266,14.748,66.883,2019-03-17T13:54:00Z,0.0,0.0,0.0,4
2902266,14.748,66.883,2019-03-17T13:54:00Z,0.0,0.0,0.0,4
2902266,14.748,66.883,2019-03-17T13:54:00Z,0.0,0.0,0.0,4
2902266,14.748,66.883,2019-03-17T13:54:00Z,0.0,0.0,0.0,4
2902266,14.748,66.883,2019-03-17T13:54:00Z,0.0,0.0,0.0,4
2902266,14.748,66.883,2019-03-17T13:54:00Z,0.0,0.0,0.0,4
2902266,14.748,66.883,2019-03-17T13:54:00Z,0.0,0.0,0.0,4
2902266,14.748,66.883,2019-03-17T13:54:00Z,0.0,0.0,0.0,4
2902266,14.748,66.883,2019-03-17T13:54:00Z,0.0,0.0,0.0,4
2902266,14.748,66.883,2019-03-17T13:54:00Z,0.0,0.0,0.0,4
2902266,14.748,66.883,2019-03-17T13:54:00Z,0.0,0.0,0.0,4
2902266,14.748,66.883,2019-03-17T13:54:00Z,0.0,0.0,0.0,4
2902266,14.748,66.883,2019-03-17T13:54:00Z,0.0,0.0,0.0,4
2902266,14.748,66.883,2019-03-17T13:54:00Z,0.0,0.0,0.0,4
2902266,14.748,66.883,2019-03-17T13:54:00Z,0.0,0.0,0.0,4
2902266,14.748,66.883,2019-03-17T13:54:00Z,0.0,0.0,0.0,4
2902266,14.748,66.883,2019-03-17T13:54:00Z,0.0,0.0,0.0,4
2902266,14.748,66.883,2019-03-17T13:54:00Z,0.0,0.0,0.0,4
2902266,14.748,66.883,2019-03-17T13:54:00Z,0.0,0.0,0.0,4
2902266,14.748,66.883,2019-03-17T13:54:00Z,0.0,0.0,0.0,4
2902266,14.748,66.883,2019-03-17T13:54:00Z,0.0,0.0,0.0,4
2902266,14.748,66.883,2019-03-17T13:54:00Z,0.0,0.0,0.0,4
2902266,14.748,66.883,2019-03-17T13:54:00Z,0.0,0.0,0.0,4
2902266,14.748,66.883,2019-03-17T13:54:00Z,0.0,0.0,0.0,4
2902266,14.748,66.883,2019-03-17T13:54:00Z,0.0,0.0,0.0,4
2902266,14.748,66.883,2019-03-17T13:54:00Z,0.0,0.0,0.0,4
2902266,14.748,66.883,2019-03-17T13:54:00Z,0.0,0.0,0.0,4
2902266,14.748,66.883,2019-03-17T13:54:00Z,0.0,0.0,0.0,4
2902266,14.748,66.883,2019-03-17T13:54:00Z,0.0,0.0,0.0,4
2902266,14.748,66.883,2019-03-17T13:54:00Z,0.0,0.0,0.0,4
2902266,14.748,66.883,2019-03-17T13:54:00Z,0.0,0.0,0.0,4
2902266,14.748,66.883,2019-03-17T13:54:00Z,0.0,0.0,0.0,4
2902266,14.748,66.883,2019-03-17T13:54:00Z,0.0,0.0,0.0,4
2902266,14.748,66.883,2019-03-17T13:54:00Z,0.0,0.0,0.0,4
2902266,14.748,66.883,2019-03-17T13:54:00Z,0.0,0.0,0.0,4
2902266,14.748,66.883,2019-03-17T13:54:00Z,0.0,0.0,0.0,4
2902266,14.748,66.883,2019-03-17T13:54:00Z,0.0,0.0,0.0,4
2902266,14.748,66.883,2019-03-17T13:54:00Z,0.0,0.0,0.0,4
2902266,14.748,66.883,2019-03-17T13:54:00Z,0.0,0.0,0.0,4
2902266,14.748,66.883,2019-03-17T13:54:00Z,0.0,0.0,0.0,4
2902266,14.748,66.883,2019-03-17T13:54:00Z,0.0,0.0,0.0,4
2902266,14.748,66.883,2019-03-17T13:54:00Z,0.0,0.0,0.0,4
2902266,14.748,66.883,2019-03-17T13:54:00Z,0.0,0.0,0.0,4
2902266,14.748,66.883,2019-03-17T13:54:00Z,0.0,0.0,0.0,4
2902266,14.748,66.883,2019-03-17T13:54:00Z,0.0,0.0,0.0,4
2902266,14.748,66.883,2019-03-17T13:54:00Z,0.0,0.0,0.0,4
2902266,14.748,66.883,2019-03-17T13:54:00Z,0.0,0.0,0.0,4
2902266,14.748,66.883,2019-03-17T13:54:00Z,0.0,0.0,0.0,4
2902266,14.748,66.883,2019-03-17T13:54:00Z,0.0,0.0,0.0,4
2902266,14.748,66.883,2019-03-17T13:54:00Z,0.0,0.0,0.0,4
2902266,14.748,66.883,2019-03-17T13:54:00Z,0.0,0.0,0.0,4
2902266,14.748,66.883,2019-03-17T13:54:00Z,0.0,0.0,0.0,4
2902266,14.748,66.883,2019-03-17T13:54:00Z,0.0,0.0,0.0,4
2902266,14.748,66.883,2019-03-17T13:54:00Z,0.0,0.0,0.0,4
2902266,14.748,66.883,2019-03-17T13:54:00Z,0.0,0.0,0.0,4
2902266,14.748,66.883,2019-03-17T13:54:00Z,0.0,0.0,0.0,4
2902266,14.748,66.883,2019-03-17T13:54:00Z,0.0,0.0,0.0,4
2902266,14.748,66.883,2019-03-17T13:54:00Z,0.0,0.0,0.0,4
2902266,14.748,66.883,2019-03-17T13:54:00Z,0.0,0.0,0.0,4
2902266,14.748,66.883,2019-03-17T13:54:00Z,0.0,0.0,0.0,4
2902266,14.748,66.883,2019-03-17T13:54:00Z,0.0,0.0,0.0,4
2902266,14.748,66.883,2019-03-17T13:54:00Z,0.0,0.0,0.0,4
2902266,14.748,66.883,2019-03-17T13:54:00Z,0.0,0.0,0.0,4
2902266,14.748,66.883,2019-03-17T13:54:00Z,0.0,0.0,0.0,4
2902266,14.748,66.883,2019-03-17T13:54:00Z,0.0,0.0,0.0,4
2902266,14.748,66.883,2019-03-17T13:54:00Z,0.0,0.0,0.0,4
2902266,14.748,66.883,2019-03-17T13:54:00Z,0.0,0.0,0.0,4
2902266,14.748,66.883,2019-03-17T13:54:00Z,0.0,0.0,0.0,4
2902266,14.748,66.883,2019-03-17T13:54:00Z,0.0,0.0,0.0,4
2902266,14.748,66.883,2019-03-17T13:54:00Z,0.0,0.0,0.0,4
2902266,14.748,66.883,2019-03-17T13:54:00Z,0.0,0.0,0.0,4
2902266,14.748,66.883,2019-03-17T13:54:00Z,0.0,0.0,0.0,4
2902266,14.748,66.883,2019-03-17T13:54:00Z,0.0,0.0,0.0,4
2902266,14.748,66.883,2019-03-17T13:54:00Z,0.0,0.0,0.0,4
2902266,14.748,66.883,2019-03-17T13:54:00Z,0.0,0.0,0.0,4
2902266,14.748,66.883,2019-03-17T13:54:00Z,0.0,0.0,0.0,4
2902266,14.748,66.883,2019-03-17T13:54:00Z,0.0,0.0,0.0,4
2902266,14.748,66.883,2019-03-17T13:54:00Z,0.0,0.0,0.0,4
2902266,14.748,66.883,2019-03-17T13:54:00Z,0.0,0.0,0.0,4
2902266,14.748,66.883,2019-03-17T13:54:00Z,0.0,0.0,0.0,4
2902266,14.748,66.883,2019-03-17T13:54:00Z,0.0,0.0,0.0,4
2902266,14.748,66.883,2019-03-17T13:54:00Z,0.0,0.0,0.0,4
2902266,14.748,66.883,2019-03-17T13:54:00Z,0.0,0.0,0.0,4
2902266,14.748,66.883,2019-03-17T13:54:00Z,0.0,0.0,0.0,4
2902266,14.748,66.883,2019-03-17T13:54:00Z,0.0,0.0,0.0,4
2902266,14.748,66.883,2019-03-17T13:54:00Z,0.0,0.0,0.0,4
2902266,14.748,66.883,2019-03-17T13:54:00Z,0.0,0.0,0.0,4
2902266,14.748,66.883,2019-03-17T13:54:00Z,0.0,0.0,0.0,4
2902266,14.748,66.883,2019-03-17T13:54:00Z,0.0,0.0,0.0,4
2902266,14.748,66.883,2019-03-17T13:54:00Z,0.0,0.0,0.0,4
2902266,14.748,66.883,2019-03-17T13:54:00Z,0.0,0.0,0.0,4
2902266,14.748,66.883,2019-03-17T13:54:00Z,0.0,0.0,0.0,4
2902266,14.748,66.883,2019-03-17T13:54:00Z,0.0,0.0,0.0,4
2902266,14.748,66.883,2019-03-17T13:54:00Z,0.0,0.0,0.0,4
2902266,14.748,66.883,2019-03-17T13:54:00Z,0.0,0.0,0.0,4
2902266,14.748,66.883,2019-03-17T13:54:00Z,0.0,0.0,0.0,4
2902266,14.748,66.883,2019-03-17T13:54:00Z,0.0,0.0,0.0,4
2902266,14.748,66.883,2019-03-17T13:54:00Z,0.0,0.0,0.0,4
2902266,14.748,66.883,2019-03-17T13:54:00Z,0.0,0.0,0.0,4
2902266,14.748,66.883,2019-03-17T13:54:00Z,0.0,0.0,0.0,4
2902266,14.748,66.883,2019-03-17T13:54:00Z,0.0,0.0,0.0,4
2902266,14.748,66.883,2019-03-17T13:54:00Z,0.0,0.0,0.0,4
2902266,14.748,66.883,2019-03-17T13:54:00Z,0.0,0.0,0.0,4
2902266,14.748,66.883,2019-03-17T13:54:00Z,0.0,0.0,0.0,4
2902266,14.748,66.883,2019-03-17T13:54:00Z,0.0,0.0,0.0,4
2902266,14.748,66.883,2019-03-17T13:54:00Z,0.0,0.0,0.0,4
2902266,14.748,66.883,2019-03-17T13:54:00Z,0.0,0.0,0.0,4
2902266,14.748,66.883,2019-03-17T13:54:00Z,0.0,0.0,0.0,4
2902266,14.748,66.883,2019-03-17T13:54:00Z,0.0,0.0,0.0,4
2902266,14.748,66.883,2019-03-17T13:54:00Z,0.0,0.0,0.0,4
2902266,14.748,66.883,2019-03-17T13:54:00Z,0.0,0.0,0.0,4
2902266,14.748,66.883,2019-03-17T13:54:00Z,0.0,0.0,0.0,4
2902266,14.748,66.883,2019-03-17T13:54:00Z,0.0,0.0,0.0,4
2902266,14.748,66.883,2019-03-17T13:54:00Z,0.0,0.0,0.0,4
2902266,14.748,66.883,2019-03-17T13:54:00Z,0.0,0.0,0.0,4
2902266,14.748,66.883,2019-03-17T13:54:00Z,0.0,0.0,0.0,4
2902266,14.748,66.883,2019-03-17T13:54:00Z,0.0,0.0,0.0,4
2902266,14.748,66.883,2019-03-17T13:54:00Z,0.0,0.0,0.0,4
2902266,14.748,66.883,2019-03-17T13:54:00Z,0.0,0.0,0.0,4
2902266,14.748,66.883,2019-03-17T13:54:00Z,0.0,0.0,0.0,4
2902266,14.748,66.883,2019-03-17T13:54:00Z,0.0,0.0,0.0,4
2902266,14.748,66.883,2019-03-17T13:54:00Z,0.0,0.0,0.0,4
2902266,14.748,66.883,2019-03-17T13:54:00Z,0.0,0.0,0.0,4
2902266,14.748,66.883,2019-03-17T13:54:00Z,0.0,0.0,0.0,4
2902266,14.748,66.883,2019-03-17T13:54:00Z,0.0,0.0,0.0,4
2902266,14.748,66.883,2019-03-17T13:54:00Z,0.0,0.0,0.0,4
2902266,14.748,66.883,2019-03-17T13:54:00Z,0.0,0.0,0.0,4
2902266,14.748,66.883,2019-03-17T13:54:00Z,0.0,0.0,0.0,4
2902266,14.748,66.883,2019-03-17T13:54:00Z,0.0,0.0,0.0,4
2902266,14.748,66.883,2019-03-17T13:54:00Z,0.0,0.0,0.0,4
2902266,14.748,66.883,2019-03-17T13:54:00Z,0.0,0.0,0.0,4
2902266,14.748,66.883,2019-03-17T13:54:00Z,0.0,0.0,0.0,4
2902266,14.748,66.883,2019-03-17T13:54:00Z,0.0,0.0,0.0,4
2902266,14.748,66.883,2019-03-17T13:54:00Z,0.0,0.0,0.0,4
2902266,14.748,66.883,2019-03-17T13:54:00Z,0.0,0.0,0.0,4
2902266,14.748,66.883,2019-03-17T13:54:00Z,0.0,0.0,0.0,4
2902266,14.748,66.883,2019-03-17T13:54:00Z,0.0,0.0,0.0,4
2902266,14.748,66.883,2019-03-17T13:54:00Z,0.0,0.0,0.0,4
2902266,14.748,66.883,2019-03-17T13:54:00Z,0.0,0.0,0.0,4
2902266,14.748,66.883,2019-03-17T13:54:00Z,0.0,0.0,0.0,4
2902266,14.748,66.883,2019-03-17T13:54:00Z,0.0,0.0,0.0,4
2902266,14.748,66.883,2019-03-17T13:54:00Z,0.0,0.0,0.0,4
2902266,14.748,66.883,2019-03-17T13:54:00Z,0.0,0.0,0.0,4
2902266,14.748,66.883,2019-03-17T13:54:00Z,0.0,0.0,0.0,4
2902266,14.748,66.883,2019-03-17T13:54:00Z,0.0,0.0,0.0,4
2902266,14.748,66.883,2019-03-17T13:54:00Z,0.0,0.0,0.0,4
2902266,14.748,66.883,2019-03-17T13:54:00Z,0.0,0.0,0.0,4
2902266,14.748,66.883,2019-03-17T13:54:00Z,0.0,0.0,0.0,4
2902266,14.748,66.883,2019-03-17T13:54:00Z,0.0,0.0,0.0,4
2902266,14.748,66.883,2019-03-17T13:54:00Z,0.0,0.0,0.0,4
2902266,14.748,66.883,2019-03-17T13:54:00Z,0.0,0.0,0.0,4
2902266,14.748,66.883,2019-03-17T13:54:00Z,0.0,0.0,0.0,4
2902266,14.748,66.883,2019-03-17T13:54:00Z,0.0,0.0,0.0,4
2902266,14.748,66.883,2019-03-17T13:54:00Z,0.0,0.0,0.0,4
2902266,14.748,66.883,2019-03-17T13:54:00Z,0.0,0.0,0.0,4
2902266,14.748,66.883,2019-03-17T13:54:00Z,0.0,0.0,0.0,4
2902266,14.748,66.883,2019-03-17T13:54:00Z,0.0,0.0,0.0,4
2902266,14.748,66.883,2019-03-17T13:54:00Z,0.0,0.0,0.0,4
2902266,14.748,66.883,2019-03-17T13:54:00Z,0.0,0.0,0.0,4
2902266,14.748,66.883,2019-03-17T13:54:00Z,0.0,0.0,0.0,4
2902266,14.748,66.883,2019-03-17T13:54:00Z,0.0,0.0,0.0,4
2902266,14.748,66.883,2019-03-17T13:54:00Z,0.0,0.0,0.0,4
2902266,14.748,66.883,2019-03-17T13:54:00Z,0.0,0.0,0.0,4
2902266,14.748,66.883,2019-03-17T13:54:00Z,0.0,0.0,0.0,4
2902266,14.748,66.883,2019-03-17T13:54:00Z,0.0,0.0,0.0,4
2902266,14.748,66.883,2019-03-17T13:54:00Z,0.0,0.0,0.0,4
2902266,14.748,66.883,2019-03-17T13:54:00Z,0.0,0.0,0.0,4
2902266,14.748,66.883,2019-03-17T13:54:00Z,0.0,0.0,0.0,4
2902266,14.748,66.883,2019-03-17T13:54:00Z,0.0,0.0,0.0,4
2902266,14.748,66.883,2019-03-17T13:54:00Z,0.0,0.0,0.0,4
2902266,14.748,66.883,2019-03-17T13:54:00Z,0.0,0.0,0.0,4
2902266,14.748,66.883,2019-03-17T13:54:00Z,0.0,0.0,0.0,4
2902266,14.748,66.883,2019-03-17T13:54:00Z,0.0,0.0,0.0,4
2902266,14.748,66.883,2019-03-17T13:54:00Z,0.0,0.0,0.0,4
2902266,14.748,66.883,2019-03-17T13:54:00Z,0.0,0.0,0.0,4
2902266,14.748,66.883,2019-03-17T13:54:00Z,0.0,0.0,0.0,4
2902266,14.748,66.883,2019-03-17T13:54:00Z,0.0,0.0,0.0,4
2902266,14.748,66.883,2019-03-17T13:54:00Z,0.0,0.0,0.0,4
2902266,14.748,66.883,2019-03-17T13:54:00Z,0.0,0.0,0.0,4
2902266,14.748,66.883,2019-03-17T13:54:00Z,0.0,0.0,0.0,4
2902266,14.748,66.883,2019-03-17T13:54:00Z,0.0,0.0,0.0,4
2902266,14.748,66.883,2019-03-17T13:54:00Z,0.0,0.0,0.0,4
2902266,14.748,66.883,2019-03-17T13:54:00Z,0.0,0.0,0.0,4
2902266,14.748,66.883,2019-03-17T13:54:00Z,0.0,0.0,0.0,4
2902266,14.748,66.883,2019-03-17T13:54:00Z,0.0,0.0,0.0,4
2902266,14.748,66.883,2019-03-17T13:54:00Z,0.0,0.0,0.0,4
2902266,14.748,66.883,2019-03-17T13:54:00Z,0.0,0.0,0.0,4
2902266,14.748,66.883,2019-03-17T13:54:00Z,0.0,0.0,0.0,4
2902266,14.748,66.883,2019-03-17T13:54:00Z,0.0,0.0,0.0,4
2902266,14.748,66.883,2019-03-17T13:54:00Z,0.0,0.0,0.0,4
2902266,14.748,66.883,2019-03-17T13:54:00Z,0.0,0.0,0.0,4
2902266,14.748,66.883,2019-03-17T13:54:00Z,0.0,0.0,0.0,4
2902266,14.748,66.883,2019-03-17T13:54:00Z,0.0,0.0,0.0,4
2902266,14.748,66.883,2019-03-17T13:54:00Z,0.0,0.0,0.0,4
2902266,14.748,66.883,2019-03-17T13:54:00Z,0.0,0.0,0.0,4
2902266,14.748,66.883,2019-03-17T13:54:00Z,0.0,0.0,0.0,4
2902266,14.748,66.883,2019-03-17T13:54:00Z,27.716,36.147,1.0,4
2902266,14.748,66.883,2019-03-17T13:54:00Z,27.715,36.144,2.0,4
2902266,14.748,66.883,2019-03-17T13:54:00Z,27.716,36.145,3.0,4
2902266,14.748,66.883,2019-03-17T13:54:00Z,27.716,36.149,4.0,1
2902266,14.748,66.883,2019-03-17T13:54:00Z,27.715,36.159,5.0,1
2902266,14.748,66.883,2019-03-17T13:54:00Z,27.696,36.155,6.0,1
2902127,11.59596517469788,65.15345680403087,2019-03-18T05:57:00Z,28.781,35.106,5.9,1
2902216,1.793,81.122,2019-03-18T07:17:11Z,29.974,34.835,4.1,1
2902216,1.793,81.122,2019-03-18T07:17:11Z,29.852,34.83,6.0,1
2902216,1.793,81.122,2019-03-18T07:17:11Z,0.0,0.0,0.0,4
2902265,15.049,70.607,2019-03-18T13:54:00Z,27.745,36.377,0.0,4
2902265,15.049,70.607,2019-03-18T13:54:00Z,0.0,0.0,0.0,4
2902265,15.049,70.607,2019-03-18T13:54:00Z,0.0,0.0,0.0,4
2902265,15.049,70.607,2019-03-18T13:54:00Z,0.0,0.0,0.0,4
2902265,15.049,70.607,2019-03-18T13:54:00Z,0.0,0.0,0.0,4
2902265,15.049,70.607,2019-03-18T13:54:00Z,0.0,0.0,0.0,4
2902265,15.049,70.607,2019-03-18T13:54:00Z,0.0,0.0,0.0,4
2902265,15.049,70.607,2019-03-18T13:54:00Z,0.0,0.0,0.0,4
2902265,15.049,70.607,2019-03-18T13:54:00Z,0.0,0.0,0.0,4
2902265,15.049,70.607,2019-03-18T13:54:00Z,0.0,0.0,0.0,4
2902265,15.049,70.607,2019-03-18T13:54:00Z,0.0,0.0,0.0,4
2902265,15.049,70.607,2019-03-18T13:54:00Z,0.0,0.0,0.0,4
2902265,15.049,70.607,2019-03-18T13:54:00Z,0.0,0.0,0.0,4
2902265,15.049,70.607,2019-03-18T13:54:00Z,0.0,0.0,0.0,4
2902265,15.049,70.607,2019-03-18T13:54:00Z,0.0,0.0,0.0,4
2902265,15.049,70.607,2019-03-18T13:54:00Z,0.0,0.0,0.0,4
2902265,15.049,70.607,2019-03-18T13:54:00Z,0.0,0.0,0.0,4
2902265,15.049,70.607,2019-03-18T13:54:00Z,0.0,0.0,0.0,4
2902265,15.049,70.607,2019-03-18T13:54:00Z,0.0,0.0,0.0,4
2902265,15.049,70.607,2019-03-18T13:54:00Z,0.0,0.0,0.0,4
2902265,15.049,70.607,2019-03-18T13:54:00Z,0.0,0.0,0.0,4
2902265,15.049,70.607,2019-03-18T13:54:00Z,0.0,0.0,0.0,4
2902265,15.049,70.607,2019-03-18T13:54:00Z,0.0,0.0,0.0,4
2902265,15.049,70.607,2019-03-18T13:54:00Z,0.0,0.0,0.0,4
2902265,15.049,70.607,2019-03-18T13:54:00Z,0.0,0.0,0.0,4
2902265,15.049,70.607,2019-03-18T13:54:00Z,0.0,0.0,0.0,4
2902265,15.049,70.607,2019-03-18T13:54:00Z,0.0,0.0,0.0,4
2902265,15.049,70.607,2019-03-18T13:54:00Z,0.0,0.0,0.0,4
2902265,15.049,70.607,2019-03-18T13:54:00Z,0.0,0.0,0.0,4
2902265,15.049,70.607,2019-03-18T13:54:00Z,0.0,0.0,0.0,4
2902265,15.049,70.607,2019-03-18T13:54:00Z,0.0,0.0,0.0,4
2902265,15.049,70.607,2019-03-18T13:54:00Z,0.0,0.0,0.0,4
2902265,15.049,70.607,2019-03-18T13:54:00Z,0.0,0.0,0.0,4
2902265,15.049,70.607,2019-03-18T13:54:00Z,0.0,0.0,0.0,4
2902265,15.049,70.607,2019-03-18T13:54:00Z,0.0,0.0,0.0,4
2902265,15.049,70.607,2019-03-18T13:54:00Z,0.0,0.0,0.0,4
2902265,15.049,70.607,2019-03-18T13:54:00Z,0.0,0.0,0.0,4
2902265,15.049,70.607,2019-03-18T13:54:00Z,0.0,0.0,0.0,4
2902265,15.049,70.607,2019-03-18T13:54:00Z,0.0,0.0,0.0,4
2902265,15.049,70.607,2019-03-18T13:54:00Z,0.0,0.0,0.0,4
2902265,15.049,70.607,2019-03-18T13:54:00Z,0.0,0.0,0.0,4
2902265,15.049,70.607,2019-03-18T13:54:00Z,0.0,0.0,0.0,4
2902265,15.049,70.607,2019-03-18T13:54:00Z,0.0,0.0,0.0,4
2902265,15.049,70.607,2019-03-18T13:54:00Z,0.0,0.0,0.0,4
2902265,15.049,70.607,2019-03-18T13:54:00Z,0.0,0.0,0.0,4
2902265,15.049,70.607,2019-03-18T13:54:00Z,0.0,0.0,0.0,4
2902265,15.049,70.607,2019-03-18T13:54:00Z,0.0,0.0,0.0,4
2902265,15.049,70.607,2019-03-18T13:54:00Z,0.0,0.0,0.0,4
2902265,15.049,70.607,2019-03-18T13:54:00Z,0.0,0.0,0.0,4
2902265,15.049,70.607,2019-03-18T13:54:00Z,0.0,0.0,0.0,4
2902265,15.049,70.607,2019-03-18T13:54:00Z,0.0,0.0,0.0,4
2902265,15.049,70.607,2019-03-18T13:54:00Z,0.0,0.0,0.0,4
2902265,15.049,70.607,2019-03-18T13:54:00Z,0.0,0.0,0.0,4
2902265,15.049,70.607,2019-03-18T13:54:00Z,0.0,0.0,0.0,4
2902265,15.049,70.607,2019-03-18T13:54:00Z,0.0,0.0,0.0,4
2902265,15.049,70.607,2019-03-18T13:54:00Z,0.0,0.0,0.0,4
2902265,15.049,70.607,2019-03-18T13:54:00Z,0.0,0.0,0.0,4
2902265,15.049,70.607,2019-03-18T13:54:00Z,0.0,0.0,0.0,4
2902265,15.049,70.607,2019-03-18T13:54:00Z,0.0,0.0,0.0,4
2902265,15.049,70.607,2019-03-18T13:54:00Z,0.0,0.0,0.0,4
2902265,15.049,70.607,2019-03-18T13:54:00Z,0.0,0.0,0.0,4
2902265,15.049,70.607,2019-03-18T13:54:00Z,0.0,0.0,0.0,4
2902265,15.049,70.607,2019-03-18T13:54:00Z,0.0,0.0,0.0,4
2902265,15.049,70.607,2019-03-18T13:54:00Z,0.0,0.0,0.0,4
2902265,15.049,70.607,2019-03-18T13:54:00Z,0.0,0.0,0.0,4
2902265,15.049,70.607,2019-03-18T13:54:00Z,0.0,0.0,0.0,4
2902265,15.049,70.607,2019-03-18T13:54:00Z,0.0,0.0,0.0,4
2902265,15.049,70.607,2019-03-18T13:54:00Z,0.0,0.0,0.0,4
2902265,15.049,70.607,2019-03-18T13:54:00Z,0.0,0.0,0.0,4
2902265,15.049,70.607,2019-03-18T13:54:00Z,0.0,0.0,0.0,4
2902265,15.049,70.607,2019-03-18T13:54:00Z,0.0,0.0,0.0,4
2902265,15.049,70.607,2019-03-18T13:54:00Z,0.0,0.0,0.0,4
2902265,15.049,70.607,2019-03-18T13:54:00Z,0.0,0.0,0.0,4
2902265,15.049,70.607,2019-03-18T13:54:00Z,0.0,0.0,0.0,4
2902265,15.049,70.607,2019-03-18T13:54:00Z,0.0,0.0,0.0,4
2902265,15.049,70.607,2019-03-18T13:54:00Z,0.0,0.0,0.0,4
2902265,15.049,70.607,2019-03-18T13:54:00Z,0.0,0.0,0.0,4
2902265,15.049,70.607,2019-03-18T13:54:00Z,0.0,0.0,0.0,4
2902265,15.049,70.607,2019-03-18T13:54:00Z,0.0,0.0,0.0,4
2902265,15.049,70.607,2019-03-18T13:54:00Z,0.0,0.0,0.0,4
2902265,15.049,70.607,2019-03-18T13:54:00Z,0.0,0.0,0.0,4
2902265,15.049,70.607,2019-03-18T13:54:00Z,0.0,0.0,0.0,4
2902265,15.049,70.607,2019-03-18T13:54:00Z,0.0,0.0,0.0,4
2902265,15.049,70.607,2019-03-18T13:54:00Z,0.0,0.0,0.0,4
2902265,15.049,70.607,2019-03-18T13:54:00Z,0.0,0.0,0.0,4
2902265,15.049,70.607,2019-03-18T13:54:00Z,0.0,0.0,0.0,4
2902265,15.049,70.607,2019-03-18T13:54:00Z,0.0,0.0,0.0,4
2902265,15.049,70.607,2019-03-18T13:54:00Z,0.0,0.0,0.0,4
2902265,15.049,70.607,2019-03-18T13:54:00Z,0.0,0.0,0.0,4
2902265,15.049,70.607,2019-03-18T13:54:00Z,0.0,0.0,0.0,4
2902265,15.049,70.607,2019-03-18T13:54:00Z,0.0,0.0,0.0,4
2902265,15.049,70.607,2019-03-18T13:54:00Z,0.0,0.0,0.0,4
2902265,15.049,70.607,2019-03-18T13:54:00Z,0.0,0.0,0.0,4
2902265,15.049,70.607,2019-03-18T13:54:00Z,0.0,0.0,0.0,4
2902265,15.049,70.607,2019-03-18T13:54:00Z,0.0,0.0,0.0,4
2902265,15.049,70.607,2019-03-18T13:54:00Z,0.0,0.0,0.0,4
2902265,15.049,70.607,2019-03-18T13:54:00Z,0.0,0.0,0.0,4
2902265,15.049,70.607,2019-03-18T13:54:00Z,0.0,0.0,0.0,4
2902265,15.049,70.607,2019-03-18T13:54:00Z,0.0,0.0,0.0,4
2902265,15.049,70.607,2019-03-18T13:54:00Z,0.0,0.0,0.0,4
2902265,15.049,70.607,2019-03-18T13:54:00Z,0.0,0.0,0.0,4
2902265,15.049,70.607,2019-03-18T13:54:00Z,0.0,0.0,0.0,4
2902265,15.049,70.607,2019-03-18T13:54:00Z,0.0,0.0,0.0,4
2902265,15.049,70.607,2019-03-18T13:54:00Z,0.0,0.0,0.0,4
2902265,15.049,70.607,2019-03-18T13:54:00Z,0.0,0.0,0.0,4
2902265,15.049,70.607,2019-03-18T13:54:00Z,0.0,0.0,0.0,4
2902265,15.049,70.607,2019-03-18T13:54:00Z,0.0,0.0,0.0,4
2902265,15.049,70.607,2019-03-18T13:54:00Z,0.0,0.0,0.0,4
2902265,15.049,70.607,2019-03-18T13:54:00Z,0.0,0.0,0.0,4
2902265,15.049,70.607,2019-03-18T13:54:00Z,0.0,0.0,0.0,4
2902265,15.049,70.607,2019-03-18T13:54:00Z,0.0,0.0,0.0,4
2902265,15.049,70.607,2019-03-18T13:54:00Z,0.0,0.0,0.0,4
2902265,15.049,70.607,2019-03-18T13:54:00Z,0.0,0.0,0.0,4
2902265,15.049,70.607,2019-03-18T13:54:00Z,0.0,0.0,0.0,4
2902265,15.049,70.607,2019-03-18T13:54:00Z,0.0,0.0,0.0,4
2902265,15.049,70.607,2019-03-18T13:54:00Z,0.0,0.0,0.0,4
2902265,15.049,70.607,2019-03-18T13:54:00Z,0.0,0.0,0.0,4
2902265,15.049,70.607,2019-03-18T13:54:00Z,0.0,0.0,0.0,4
2902265,15.049,70.607,2019-03-18T13:54:00Z,0.0,0.0,0.0,4
2902265,15.049,70.607,2019-03-18T13:54:00Z,0.0,0.0,0.0,4
2902265,15.049,70.607,2019-03-18T13:54:00Z,0.0,0.0,0.0,4
2902265,15.049,70.607,2019-03-18T13:54:00Z,0.0,0.0,0.0,4
2902265,15.049,70.607,2019-03-18T13:54:00Z,0.0,0.0,0.0,4
2902265,15.049,70.607,2019-03-18T13:54:00Z,0.0,0.0,0.0,4
2902265,15.049,70.607,2019-03-18T13:54:00Z,0.0,0.0,0.0,4
2902265,15.049,70.607,2019-03-18T13:54:00Z,0.0,0.0,0.0,4
2902265,15.049,70.607,2019-03-18T13:54:00Z,0.0,0.0,0.0,4
2902265,15.049,70.607,2019-03-18T13:54:00Z,0.0,0.0,0.0,4
2902265,15.049,70.607,2019-03-18T13:54:00Z,0.0,0.0,0.0,4
2902265,15.049,70.607,2019-03-18T13:54:00Z,0.0,0.0,0.0,4
2902265,15.049,70.607,2019-03-18T13:54:00Z,0.0,0.0,0.0,4
2902265,15.049,70.607,2019-03-18T13:54:00Z,0.0,0.0,0.0,4
2902265,15.049,70.607,2019-03-18T13:54:00Z,0.0,0.0,0.0,4
2902265,15.049,70.607,2019-03-18T13:54:00Z,0.0,0.0,0.0,4
2902265,15.049,70.607,2019-03-18T13:54:00Z,0.0,0.0,0.0,4
2902265,15.049,70.607,2019-03-18T13:54:00Z,0.0,0.0,0.0,4
2902265,15.049,70.607,2019-03-18T13:54:00Z,0.0,0.0,0.0,4
2902265,15.049,70.607,2019-03-18T13:54:00Z,0.0,0.0,0.0,4
2902265,15.049,70.607,2019-03-18T13:54:00Z,0.0,0.0,0.0,4
2902265,15.049,70.607,2019-03-18T13:54:00Z,0.0,0.0,0.0,4
2902265,15.049,70.607,2019-03-18T13:54:00Z,0.0,0.0,0.0,4
2902265,15.049,70.607,2019-03-18T13:54:00Z,0.0,0.0,0.0,4
2902265,15.049,70.607,2019-03-18T13:54:00Z,0.0,0.0,0.0,4
2902265,15.049,70.607,2019-03-18T13:54:00Z,0.0,0.0,0.0,4
2902265,15.049,70.607,2019-03-18T13:54:00Z,0.0,0.0,0.0,4
2902265,15.049,70.607,2019-03-18T13:54:00Z,0.0,0.0,0.0,4
2902265,15.049,70.607,2019-03-18T13:54:00Z,0.0,0.0,0.0,4
2902265,15.049,70.607,2019-03-18T13:54:00Z,0.0,0.0,0.0,4
2902265,15.049,70.607,2019-03-18T13:54:00Z,0.0,0.0,0.0,4
2902265,15.049,70.607,2019-03-18T13:54:00Z,0.0,0.0,0.0,4
2902265,15.049,70.607,2019-03-18T13:54:00Z,0.0,0.0,0.0,4
2902265,15.049,70.607,2019-03-18T13:54:00Z,0.0,0.0,0.0,4
2902265,15.049,70.607,2019-03-18T13:54:00Z,0.0,0.0,0.0,4
2902265,15.049,70.607,2019-03-18T13:54:00Z,0.0,0.0,0.0,4
2902265,15.049,70.607,2019-03-18T13:54:00Z,0.0,0.0,0.0,4
2902265,15.049,70.607,2019-03-18T13:54:00Z,0.0,0.0,0.0,4
2902265,15.049,70.607,2019-03-18T13:54:00Z,0.0,0.0,0.0,4
2902265,15.049,70.607,2019-03-18T13:54:00Z,0.0,0.0,0.0,4
2902265,15.049,70.607,2019-03-18T13:54:00Z,0.0,0.0,0.0,4
2902265,15.049,70.607,2019-03-18T13:54:00Z,0.0,0.0,0.0,4
2902265,15.049,70.607,2019-03-18T13:54:00Z,0.0,0.0,0.0,4
2902265,15.049,70.607,2019-03-18T13:54:00Z,0.0,0.0,0.0,4
2902265,15.049,70.607,2019-03-18T13:54:00Z,0.0,0.0,0.0,4
2902265,15.049,70.607,2019-03-18T13:54:00Z,0.0,0.0,0.0,4
2902265,15.049,70.607,2019-03-18T13:54:00Z,0.0,0.0,0.0,4
2902265,15.049,70.607,2019-03-18T13:54:00Z,0.0,0.0,0.0,4
2902265,15.049,70.607,2019-03-18T13:54:00Z,0.0,0.0,0.0,4
2902265,15.049,70.607,2019-03-18T13:54:00Z,0.0,0.0,0.0,4
2902265,15.049,70.607,2019-03-18T13:54:00Z,0.0,0.0,0.0,4
2902265,15.049,70.607,2019-03-18T13:54:00Z,0.0,0.0,0.0,4
2902265,15.049,70.607,2019-03-18T13:54:00Z,0.0,0.0,0.0,4
2902265,15.049,70.607,2019-03-18T13:54:00Z,0.0,0.0,0.0,4
2902265,15.049,70.607,2019-03-18T13:54:00Z,0.0,0.0,0.0,4
2902265,15.049,70.607,2019-03-18T13:54:00Z,0.0,0.0,0.0,4
2902265,15.049,70.607,2019-03-18T13:54:00Z,0.0,0.0,0.0,4
2902265,15.049,70.607,2019-03-18T13:54:00Z,0.0,0.0,0.0,4
2902265,15.049,70.607,2019-03-18T13:54:00Z,0.0,0.0,0.0,4
2902265,15.049,70.607,2019-03-18T13:54:00Z,0.0,0.0,0.0,4
2902265,15.049,70.607,2019-03-18T13:54:00Z,0.0,0.0,0.0,4
2902265,15.049,70.607,2019-03-18T13:54:00Z,0.0,0.0,0.0,4
2902265,15.049,70.607,2019-03-18T13:54:00Z,0.0,0.0,0.0,4
2902265,15.049,70.607,2019-03-18T13:54:00Z,0.0,0.0,0.0,4
2902265,15.049,70.607,2019-03-18T13:54:00Z,0.0,0.0,0.0,4
2902265,15.049,70.607,2019-03-18T13:54:00Z,0.0,0.0,0.0,4
2902265,15.049,70.607,2019-03-18T13:54:00Z,0.0,0.0,0.0,4
2902265,15.049,70.607,2019-03-18T13:54:00Z,0.0,0.0,0.0,4
2902265,15.049,70.607,2019-03-18T13:54:00Z,0.0,0.0,0.0,4
2902265,15.049,70.607,2019-03-18T13:54:00Z,0.0,0.0,0.0,4
2902265,15.049,70.607,2019-03-18T13:54:00Z,0.0,0.0,0.0,4
2902265,15.049,70.607,2019-03-18T13:54:00Z,0.0,0.0,0.0,4
2902265,15.049,70.607,2019-03-18T13:54:00Z,0.0,0.0,0.0,4
2902265,15.049,70.607,2019-03-18T13:54:00Z,0.0,0.0,0.0,4
2902265,15.049,70.607,2019-03-18T13:54:00Z,0.0,0.0,0.0,4
2902265,15.049,70.607,2019-03-18T13:54:00Z,0.0,0.0,0.0,4
2902265,15.049,70.607,2019-03-18T13:54:00Z,0.0,0.0,0.0,4
2902265,15.049,70.607,2019-03-18T13:54:00Z,0.0,0.0,0.0,4
2902265,15.049,70.607,2019-03-18T13:54:00Z,0.0,0.0,0.0,4
2902265,15.049,70.607,2019-03-18T13:54:00Z,0.0,0.0,0.0,4
2902265,15.049,70.607,2019-03-18T13:54:00Z,0.0,0.0,0.0,4
2902265,15.049,70.607,2019-03-18T13:54:00Z,0.0,0.0,0.0,4
2902265,15.049,70.607,2019-03-18T13:54:00Z,0.0,0.0,0.0,4
2902265,15.049,70.607,2019-03-18T13:54:00Z,0.0,0.0,0.0,4
2902265,15.049,70.607,2019-03-18T13:54:00Z,0.0,0.0,0.0,4
2902265,15.049,70.607,2019-03-18T13:54:00Z,0.0,0.0,0.0,4
2902265,15.049,70.607,2019-03-18T13:54:00Z,0.0,0.0,0.0,4
2902265,15.049,70.607,2019-03-18T13:54:00Z,0.0,0.0,0.0,4
2902265,15.049,70.607,2019-03-18T13:54:00Z,0.0,0.0,0.0,4
2902265,15.049,70.607,2019-03-18T13:54:00Z,0.0,0.0,0.0,4
2902265,15.049,70.607,2019-03-18T13:54:00Z,0.0,0.0,0.0,4
2902265,15.049,70.607,2019-03-18T13:54:00Z,0.0,0.0,0.0,4
2902265,15.049,70.607,2019-03-18T13:54:00Z,0.0,0.0,0.0,4
2902265,15.049,70.607,2019-03-18T13:54:00Z,0.0,0.0,0.0,4
2902265,15.049,70.607,2019-03-18T13:54:00Z,0.0,0.0,0.0,4
2902265,15.049,70.607,2019-03-18T13:54:00Z,0.0,0.0,0.0,4
2902265,15.049,70.607,2019-03-18T13:54:00Z,0.0,0.0,0.0,4
2902265,15.049,70.607,2019-03-18T13:54:00Z,0.0,0.0,0.0,4
2902265,15.049,70.607,2019-03-18T13:54:00Z,0.0,0.0,0.0,4
2902265,15.049,70.607,2019-03-18T13:54:00Z,0.0,0.0,0.0,4
2902265,15.049,70.607,2019-03-18T13:54:00Z,0.0,0.0,0.0,4
2902265,15.049,70.607,2019-03-18T13:54:00Z,0.0,0.0,0.0,4
2902265,15.049,70.607,2019-03-18T13:54:00Z,0.0,0.0,0.0,4
2902265,15.049,70.607,2019-03-18T13:54:00Z,0.0,0.0,0.0,4
2902265,15.049,70.607,2019-03-18T13:54:00Z,0.0,0.0,0.0,4
2902265,15.049,70.607,2019-03-18T13:54:00Z,0.0,0.0,0.0,4
2902265,15.049,70.607,2019-03-18T13:54:00Z,0.0,0.0,0.0,4
2902265,15.049,70.607,2019-03-18T13:54:00Z,0.0,0.0,0.0,4
2902265,15.049,70.607,2019-03-18T13:54:00Z,0.0,0.0,0.0,4
2902265,15.049,70.607,2019-03-18T13:54:00Z,0.0,0.0,0.0,4
2902265,15.049,70.607,2019-03-18T13:54:00Z,0.0,0.0,0.0,4
2902265,15.049,70.607,2019-03-18T13:54:00Z,0.0,0.0,0.0,4
2902265,15.049,70.607,2019-03-18T13:54:00Z,0.0,0.0,0.0,4
2902265,15.049,70.607,2019-03-18T13:54:00Z,0.0,0.0,0.0,4
2902265,15.049,70.607,2019-03-18T13:54:00Z,0.0,0.0,0.0,4
2902265,15.049,70.607,2019-03-18T13:54:00Z,0.0,0.0,0.0,4
2902265,15.049,70.607,2019-03-18T13:54:00Z,0.0,0.0,0.0,4
2902265,15.049,70.607,2019-03-18T13:54:00Z,0.0,0.0,0.0,4
2902265,15.049,70.607,2019-03-18T13:54:00Z,27.754,36.371,1.0,4
2902265,15.049,70.607,2019-03-18T13:54:00Z,27.753,36.373,2.0,1
2902265,15.049,70.607,2019-03-18T13:54:00Z,27.754,36.37,3.0,1
2902265,15.049,70.607,2019-03-18T13:54:00Z,27.754,36.372,4.0,1
2902265,15.049,70.607,2019-03-18T13:54:00Z,27.755,36.373,5.0,1
2902265,15.049,70.607,2019-03-18T13:54:00Z,27.752,36.371,6.0,1
2901340,14.86,66.346,2019-03-18T16:22:48Z,27.742,36.261,4.4,1
2902244,1.4489616666666667,74.62106166666666,2019-03-18T17:28:00Z,30.359,34.625,5.5,1
2902245,2.1078283333333334,90.81198166666667,2019-03-18T17:31:00Z,30.593,34.873,5.5,1
2902230,12.833333333333334,83.51666666666667,2019-03-19T04:23:56Z,28.804,32.881,0.2,1
2902230,12.833333333333334,83.51666666666667,2019-03-19T04:23:56Z,28.797,32.88,1.0,1
2902230,12.833333333333334,83.51666666666667,2019-03-19T04:23:56Z,28.792,32.881,1.9,1
2902230,12.833333333333334,83.51666666666667,2019-03-19T04:23:56Z,28.789,32.88,2.7,1
2902230,12.833333333333334,83.51666666666667,2019-03-19T04:23:56Z,28.784,32.882,3.6,1
2902230,12.833333333333334,83.51666666666667,2019-03-19T04:23:56Z,28.773,32.888,4.6,1
2902230,12.833333333333334,83.51666666666667,2019-03-19T04:23:56Z,28.783,32.887,5.6,1
2902128,11.123016666666667,65.47522,2019-03-19T06:25:00Z,29.049,34.991,6.0,1
2901337,16.407,70.486,2019-03-19T11:59:15Z,27.921,36.044,4.6,1
2902238,0.5218716666666666,83.65776333333334,2019-03-19T17:34:00Z,30.234,34.809,5.6,1
2902205,17.92,69.458,2019-03-19T21:51:16Z,26.303,36.791,3.0,1
2902205,17.92,69.458,2019-03-19T21:51:16Z,26.314,36.791,3.9,1
2902205,17.92,69.458,2019-03-19T21:51:16Z,26.299,36.792,6.0,1
2902202,17.506,69.789,2019-03-19T22:05:32Z,27.369,36.364,2.7,1
2902202,17.506,69.789,2019-03-19T22:05:32Z,27.37,36.364,4.0,1
2902202,17.506,69.789,2019-03-19T22:05:32Z,27.371,36.364,6.0,1
2902204,19.891,62.572,2019-03-19T22:49:53Z,25.749,36.517,4.1,1
2902204,19.891,62.572,2019-03-19T22:49:53Z,25.538,36.497,6.0,1
2902204,19.891,62.572,2019-03-19T22:49:53Z,0.0,0.0,0.0,4
2902210,17.239,66.183,2019-03-19T22:51:30Z,26.589,36.765,3.0,1
2902210,17.239,66.183,2019-03-19T22:51:30Z,26.593,36.764,4.0,1
2902210,17.239,66.183,2019-03-19T22:51:30Z,26.591,36.763,6.0,1
2902210,17.239,66.183,2019-03-19T22:51:30Z,0.0,0.0,0.0,4
2902210,17.239,66.183,2019-03-19T22:51:30Z,0.0,0.0,0.0,4
2902211,17.095,65.46,2019-03-19T23:00:09Z,26.77,36.649,2.7,1
2902211,17.095,65.46,2019-03-19T23:00:09Z,26.774,36.648,4.0,1
2902211,17.095,65.46,2019-03-19T23:00:09Z,26.773,36.648,6.0,1
2902175,14.585,69.458,2019-03-19T23:01:43Z,27.865,34.391,4.1,4
2902175,14.585,69.458,2019-03-19T23:01:43Z,27.861,34.389,6.0,4
2902175,14.585,69.458,2019-03-19T23:01:43Z,0.0,0.0,0.0,4
2902174,15.372,72.175,2019-03-19T23:15:22Z,27.968,35.822,2.6,1
2902174,15.372,72.175,2019-03-19T23:15:22Z,27.968,35.823,3.9,1
2902174,15.372,72.175,2019-03-19T23:15:22Z,27.969,35.824,6.0,1
2902232,11.65,86.73333333333333,2019-03-20T04:07:49Z,28.822,34.788,0.4,4
2902232,11.65,86.73333333333333,2019-03-20T04:07:49Z,28.82,34.782,1.0,4
2902232,11.65,86.73333333333333,2019-03-20T04:07:49Z,28.804,34.786,2.1,4
2902232,11.65,86.73333333333333,2019-03-20T04:07:49Z,28.799,34.786,3.0,4
2902232,11.65,86.73333333333333,2019-03-20T04:07:49Z,28.79,34.792,3.9,4
2902232,11.65,86.73333333333333,2019-03-20T04:07:49Z,28.786,34.795,5.1,4
2902233,14.466666666666667,85.45,2019-03-20T04:07:49Z,29.066,34.335,0.3,1
2902233,14.466666666666667,85.45,2019-03-20T04:07:49Z,29.009,34.372,1.1,1
2902233,14.466666666666667,85.45,2019-03-20T04:07:49Z,28.991,34.381,1.8,1
2902233,14.466666666666667,85.45,2019-03-20T04:07:49Z,28.979,34.387,2.7,1
2902233,14.466666666666667,85.45,2019-03-20T04:07:49Z,28.967,34.392,3.9,1
2902233,14.466666666666667,85.45,2019-03-20T04:07:49Z,28.963,34.392,5.2,1
2902235,14.65,91.83333333333333,2019-03-20T04:08:54Z,28.271,31.564,0.2,1
2902235,14.65,91.83333333333333,2019-03-20T04:08:54Z,28.121,31.624,0.7,1
2902235,14.65,91.83333333333333,2019-03-20T04:08:54Z,27.958,31.712,1.9,1
2902235,14.65,91.83333333333333,2019-03-20T04:08:54Z,27.934,31.722,3.3,1
2902235,14.65,91.83333333333333,2019-03-20T04:08:54Z,27.922,31.73,4.2,1
2902235,14.65,91.83333333333333,2019-03-20T04:08:54Z,27.919,31.727,5.2,1
2902234,12.383333333333333,88.55,2019-03-20T04:22:22Z,29.198,33.808,0.1,1
2902234,12.383333333333333,88.55,2019-03-20T04:22:22Z,29.188,33.809,0.9,1
2902234,12.383333333333333,88.55,2019-03-20T04:22:22Z,29.185,33.802,2.0,1
2902234,12.383333333333333,88.55,2019-03-20T04:22:22Z,29.173,33.802,2.8,1
2902234,12.383333333333333,88.55,2019-03-20T04:22:22Z,29.148,33.817,4.0,1
2902234,12.383333333333333,88.55,2019-03-20T04:22:22Z,29.151,33.817,5.2,1
2902234,12.383333333333333,88.55,2019-03-20T04:22:22Z,29.128,33.819,5.9,1
2901338,16.52,65.808,2019-03-20T12:34:13Z,26.938,36.663,4.5,1
2902152,2.529,83.52,2019-03-20T13:58:15Z,30.444,34.851,4.5,1
2902263,17.897858333333332,65.37502166666667,2019-03-20T17:21:00Z,26.246,36.662,5.4,1
2901339,13.387,68.397,2019-03-20T21:45:54Z,28.063,36.216,4.4,1
2902236,16.933333333333334,88.95,2019-03-21T01:07:19Z,28.643,33.0,0.3,1
2902236,16.933333333333334,88.95,2019-03-21T01:07:19Z,28.661,32.988,1.1,1
2902236,16.933333333333334,88.95,2019-03-21T01:07:19Z,28.649,32.995,1.8,1
2902236,16.933333333333334,88.95,2019-03-21T01:07:19Z,28.653,32.993,2.9,1
2902236,16.933333333333334,88.95,2019-03-21T01:07:19Z,28.65,32.998,4.0,1
2902236,16.933333333333334,88.95,2019-03-21T01:07:19Z,28.661,32.992,4.8,1
2902236,16.933333333333334,88.95,2019-03-21T01:07:19Z,28.664,33.0,5.9,1
2902264,14.780213333333334,85.63460833333333,2019-03-21T17:25:00Z,29.374,33.806,5.6,1
2902239,0.7953133333333333,82.67228333333334,2019-03-21T17:36:00Z,30.563,34.644,5.5,1
2902200,12.76,65.345,2019-03-21T22:57:23Z,28.414,35.386,4.6,1
2902257,17.217,69.403,2019-03-22T10:12:58Z,27.342,36.727,0.0,4
2902257,17.217,69.403,2019-03-22T10:12:58Z,0.0,0.0,0.0,4
2902257,17.217,69.403,2019-03-22T10:12:58Z,0.0,0.0,0.0,4
2902257,17.217,69.403,2019-03-22T10:12:58Z,0.0,0.0,0.0,4
2902257,17.217,69.403,2019-03-22T10:12:58Z,0.0,0.0,0.0,4
2902257,17.217,69.403,2019-03-22T10:12:58Z,0.0,0.0,0.0,4
2902257,17.217,69.403,2019-03-22T10:12:58Z,0.0,0.0,0.0,4
2902257,17.217,69.403,2019-03-22T10:12:58Z,0.0,0.0,0.0,4
2902257,17.217,69.403,2019-03-22T10:12:58Z,0.0,0.0,0.0,4
2902257,17.217,69.403,2019-03-22T10:12:58Z,0.0,0.0,0.0,4
2902257,17.217,69.403,2019-03-22T10:12:58Z,0.0,0.0,0.0,4
2902257,17.217,69.403,2019-03-22T10:12:58Z,0.0,0.0,0.0,4
2902257,17.217,69.403,2019-03-22T10:12:58Z,0.0,0.0,0.0,4
2902257,17.217,69.403,2019-03-22T10:12:58Z,0.0,0.0,0.0,4
2902257,17.217,69.403,2019-03-22T10:12:58Z,0.0,0.0,0.0,4
2902257,17.217,69.403,2019-03-22T10:12:58Z,0.0,0.0,0.0,4
2902257,17.217,69.403,2019-03-22T10:12:58Z,0.0,0.0,0.0,4
2902257,17.217,69.403,2019-03-22T10:12:58Z,0.0,0.0,0.0,4
2902257,17.217,69.403,2019-03-22T10:12:58Z,0.0,0.0,0.0,4
2902257,17.217,69.403,2019-03-22T10:12:58Z,0.0,0.0,0.0,4
2902257,17.217,69.403,2019-03-22T10:12:58Z,0.0,0.0,0.0,4
2902257,17.217,69.403,2019-03-22T10:12:58Z,0.0,0.0,0.0,4
2902257,17.217,69.403,2019-03-22T10:12:58Z,0.0,0.0,0.0,4
2902257,17.217,69.403,2019-03-22T10:12:58Z,0.0,0.0,0.0,4
2902257,17.217,69.403,2019-03-22T10:12:58Z,0.0,0.0,0.0,4
2902257,17.217,69.403,2019-03-22T10:12:58Z,0.0,0.0,0.0,4
2902257,17.217,69.403,2019-03-22T10:12:58Z,0.0,0.0,0.0,4
2902257,17.217,69.403,2019-03-22T10:12:58Z,0.0,0.0,0.0,4
2902257,17.217,69.403,2019-03-22T10:12:58Z,0.0,0.0,0.0,4
2902257,17.217,69.403,2019-03-22T10:12:58Z,0.0,0.0,0.0,4
2902257,17.217,69.403,2019-03-22T10:12:58Z,0.0,0.0,0.0,4
2902257,17.217,69.403,2019-03-22T10:12:58Z,0.0,0.0,0.0,4
2902257,17.217,69.403,2019-03-22T10:12:58Z,0.0,0.0,0.0,4
2902257,17.217,69.403,2019-03-22T10:12:58Z,0.0,0.0,0.0,4
2902257,17.217,69.403,2019-03-22T10:12:58Z,0.0,0.0,0.0,4
2902257,17.217,69.403,2019-03-22T10:12:58Z,0.0,0.0,0.0,4
2902257,17.217,69.403,2019-03-22T10:12:58Z,0.0,0.0,0.0,4
2902257,17.217,69.403,2019-03-22T10:12:58Z,0.0,0.0,0.0,4
2902257,17.217,69.403,2019-03-22T10:12:58Z,0.0,0.0,0.0,4
2902257,17.217,69.403,2019-03-22T10:12:58Z,0.0,0.0,0.0,4
2902257,17.217,69.403,2019-03-22T10:12:58Z,0.0,0.0,0.0,4
2902257,17.217,69.403,2019-03-22T10:12:58Z,0.0,0.0,0.0,4
2902257,17.217,69.403,2019-03-22T10:12:58Z,0.0,0.0,0.0,4
2902257,17.217,69.403,2019-03-22T10:12:58Z,0.0,0.0,0.0,4
2902257,17.217,69.403,2019-03-22T10:12:58Z,0.0,0.0,0.0,4
2902257,17.217,69.403,2019-03-22T10:12:58Z,0.0,0.0,0.0,4
2902257,17.217,69.403,2019-03-22T10:12:58Z,0.0,0.0,0.0,4
2902257,17.217,69.403,2019-03-22T10:12:58Z,0.0,0.0,0.0,4
2902257,17.217,69.403,2019-03-22T10:12:58Z,0.0,0.0,0.0,4
2902257,17.217,69.403,2019-03-22T10:12:58Z,0.0,0.0,0.0,4
2902257,17.217,69.403,2019-03-22T10:12:58Z,0.0,0.0,0.0,4
2902257,17.217,69.403,2019-03-22T10:12:58Z,0.0,0.0,0.0,4
2902257,17.217,69.403,2019-03-22T10:12:58Z,0.0,0.0,0.0,4
2902257,17.217,69.403,2019-03-22T10:12:58Z,0.0,0.0,0.0,4
2902257,17.217,69.403,2019-03-22T10:12:58Z,0.0,0.0,0.0,4
2902257,17.217,69.403,2019-03-22T10:12:58Z,0.0,0.0,0.0,4
2902257,17.217,69.403,2019-03-22T10:12:58Z,0.0,0.0,0.0,4
2902257,17.217,69.403,2019-03-22T10:12:58Z,0.0,0.0,0.0,4
2902257,17.217,69.403,2019-03-22T10:12:58Z,0.0,0.0,0.0,4
2902257,17.217,69.403,2019-03-22T10:12:58Z,0.0,0.0,0.0,4
2902257,17.217,69.403,2019-03-22T10:12:58Z,0.0,0.0,0.0,4
2902257,17.217,69.403,2019-03-22T10:12:58Z,0.0,0.0,0.0,4
2902257,17.217,69.403,2019-03-22T10:12:58Z,0.0,0.0,0.0,4
2902257,17.217,69.403,2019-03-22T10:12:58Z,0.0,0.0,0.0,4
2902257,17.217,69.403,2019-03-22T10:12:58Z,0.0,0.0,0.0,4
2902257,17.217,69.403,2019-03-22T10:12:58Z,0.0,0.0,0.0,4
2902257,17.217,69.403,2019-03-22T10:12:58Z,0.0,0.0,0.0,4
2902257,17.217,69.403,2019-03-22T10:12:58Z,0.0,0.0,0.0,4
2902257,17.217,69.403,2019-03-22T10:12:58Z,0.0,0.0,0.0,4
2902257,17.217,69.403,2019-03-22T10:12:58Z,0.0,0.0,0.0,4
2902257,17.217,69.403,2019-03-22T10:12:58Z,0.0,0.0,0.0,4
2902257,17.217,69.403,2019-03-22T10:12:58Z,0.0,0.0,0.0,4
2902257,17.217,69.403,2019-03-22T10:12:58Z,0.0,0.0,0.0,4
2902257,17.217,69.403,2019-03-22T10:12:58Z,0.0,0.0,0.0,4
2902257,17.217,69.403,2019-03-22T10:12:58Z,0.0,0.0,0.0,4
2902257,17.217,69.403,2019-03-22T10:12:58Z,0.0,0.0,0.0,4
2902257,17.217,69.403,2019-03-22T10:12:58Z,0.0,0.0,0.0,4
2902257,17.217,69.403,2019-03-22T10:12:58Z,0.0,0.0,0.0,4
2902257,17.217,69.403,2019-03-22T10:12:58Z,0.0,0.0,0.0,4
2902257,17.217,69.403,2019-03-22T10:12:58Z,0.0,0.0,0.0,4
2902257,17.217,69.403,2019-03-22T10:12:58Z,0.0,0.0,0.0,4
2902257,17.217,69.403,2019-03-22T10:12:58Z,0.0,0.0,0.0,4
2902257,17.217,69.403,2019-03-22T10:12:58Z,0.0,0.0,0.0,4
2902257,17.217,69.403,2019-03-22T10:12:58Z,0.0,0.0,0.0,4
2902257,17.217,69.403,2019-03-22T10:12:58Z,0.0,0.0,0.0,4
2902257,17.217,69.403,2019-03-22T10:12:58Z,0.0,0.0,0.0,4
2902257,17.217,69.403,2019-03-22T10:12:58Z,0.0,0.0,0.0,4
2902257,17.217,69.403,2019-03-22T10:12:58Z,0.0,0.0,0.0,4
2902257,17.217,69.403,2019-03-22T10:12:58Z,0.0,0.0,0.0,4
2902257,17.217,69.403,2019-03-22T10:12:58Z,0.0,0.0,0.0,4
2902257,17.217,69.403,2019-03-22T10:12:58Z,0.0,0.0,0.0,4
2902257,17.217,69.403,2019-03-22T10:12:58Z,0.0,0.0,0.0,4
2902257,17.217,69.403,2019-03-22T10:12:58Z,0.0,0.0,0.0,4
2902257,17.217,69.403,2019-03-22T10:12:58Z,0.0,0.0,0.0,4
2902257,17.217,69.403,2019-03-22T10:12:58Z,0.0,0.0,0.0,4
2902257,17.217,69.403,2019-03-22T10:12:58Z,0.0,0.0,0.0,4
2902257,17.217,69.403,2019-03-22T10:12:58Z,0.0,0.0,0.0,4
2902257,17.217,69.403,2019-03-22T10:12:58Z,0.0,0.0,0.0,4
2902257,17.217,69.403,2019-03-22T10:12:58Z,0.0,0.0,0.0,4
2902257,17.217,69.403,2019-03-22T10:12:58Z,0.0,0.0,0.0,4
2902257,17.217,69.403,2019-03-22T10:12:58Z,0.0,0.0,0.0,4
2902257,17.217,69.403,2019-03-22T10:12:58Z,0.0,0.0,0.0,4
2902257,17.217,69.403,2019-03-22T10:12:58Z,0.0,0.0,0.0,4
2902257,17.217,69.403,2019-03-22T10:12:58Z,0.0,0.0,0.0,4
2902257,17.217,69.403,2019-03-22T10:12:58Z,0.0,0.0,0.0,4
2902257,17.217,69.403,2019-03-22T10:12:58Z,0.0,0.0,0.0,4
2902257,17.217,69.403,2019-03-22T10:12:58Z,0.0,0.0,0.0,4
2902257,17.217,69.403,2019-03-22T10:12:58Z,0.0,0.0,0.0,4
2902257,17.217,69.403,2019-03-22T10:12:58Z,0.0,0.0,0.0,4
2902257,17.217,69.403,2019-03-22T10:12:58Z,0.0,0.0,0.0,4
2902257,17.217,69.403,2019-03-22T10:12:58Z,0.0,0.0,0.0,4
2902257,17.217,69.403,2019-03-22T10:12:58Z,0.0,0.0,0.0,4
2902257,17.217,69.403,2019-03-22T10:12:58Z,0.0,0.0,0.0,4
2902257,17.217,69.403,2019-03-22T10:12:58Z,0.0,0.0,0.0,4
2902257,17.217,69.403,2019-03-22T10:12:58Z,0.0,0.0,0.0,4
2902257,17.217,69.403,2019-03-22T10:12:58Z,0.0,0.0,0.0,4
2902257,17.217,69.403,2019-03-22T10:12:58Z,0.0,0.0,0.0,4
2902257,17.217,69.403,2019-03-22T10:12:58Z,0.0,0.0,0.0,4
2902257,17.217,69.403,2019-03-22T10:12:58Z,0.0,0.0,0.0,4
2902257,17.217,69.403,2019-03-22T10:12:58Z,0.0,0.0,0.0,4
2902257,17.217,69.403,2019-03-22T10:12:58Z,0.0,0.0,0.0,4
2902257,17.217,69.403,2019-03-22T10:12:58Z,0.0,0.0,0.0,4
2902257,17.217,69.403,2019-03-22T10:12:58Z,0.0,0.0,0.0,4
2902257,17.217,69.403,2019-03-22T10:12:58Z,0.0,0.0,0.0,4
2902257,17.217,69.403,2019-03-22T10:12:58Z,0.0,0.0,0.0,4
2902257,17.217,69.403,2019-03-22T10:12:58Z,0.0,0.0,0.0,4
2902257,17.217,69.403,2019-03-22T10:12:58Z,0.0,0.0,0.0,4
2902257,17.217,69.403,2019-03-22T10:12:58Z,0.0,0.0,0.0,4
2902257,17.217,69.403,2019-03-22T10:12:58Z,0.0,0.0,0.0,4
2902257,17.217,69.403,2019-03-22T10:12:58Z,0.0,0.0,0.0,4
2902257,17.217,69.403,2019-03-22T10:12:58Z,0.0,0.0,0.0,4
2902257,17.217,69.403,2019-03-22T10:12:58Z,0.0,0.0,0.0,4
2902257,17.217,69.403,2019-03-22T10:12:58Z,0.0,0.0,0.0,4
2902257,17.217,69.403,2019-03-22T10:12:58Z,0.0,0.0,0.0,4
2902257,17.217,69.403,2019-03-22T10:12:58Z,0.0,0.0,0.0,4
2902257,17.217,69.403,2019-03-22T10:12:58Z,0.0,0.0,0.0,4
2902257,17.217,69.403,2019-03-22T10:12:58Z,0.0,0.0,0.0,4
2902257,17.217,69.403,2019-03-22T10:12:58Z,0.0,0.0,0.0,4
2902257,17.217,69.403,2019-03-22T10:12:58Z,0.0,0.0,0.0,4
2902257,17.217,69.403,2019-03-22T10:12:58Z,0.0,0.0,0.0,4
2902257,17.217,69.403,2019-03-22T10:12:58Z,0.0,0.0,0.0,4
2902257,17.217,69.403,2019-03-22T10:12:58Z,0.0,0.0,0.0,4
2902257,17.217,69.403,2019-03-22T10:12:58Z,0.0,0.0,0.0,4
2902257,17.217,69.403,2019-03-22T10:12:58Z,0.0,0.0,0.0,4
2902257,17.217,69.403,2019-03-22T10:12:58Z,0.0,0.0,0.0,4
2902257,17.217,69.403,2019-03-22T10:12:58Z,0.0,0.0,0.0,4
2902257,17.217,69.403,2019-03-22T10:12:58Z,0.0,0.0,0.0,4
2902257,17.217,69.403,2019-03-22T10:12:58Z,0.0,0.0,0.0,4
2902257,17.217,69.403,2019-03-22T10:12:58Z,0.0,0.0,0.0,4
2902257,17.217,69.403,2019-03-22T10:12:58Z,0.0,0.0,0.0,4
2902257,17.217,69.403,2019-03-22T10:12:58Z,0.0,0.0,0.0,4
2902257,17.217,69.403,2019-03-22T10:12:58Z,0.0,0.0,0.0,4
2902257,17.217,69.403,2019-03-22T10:12:58Z,0.0,0.0,0.0,4
2902257,17.217,69.403,2019-03-22T10:12:58Z,0.0,0.0,0.0,4
2902257,17.217,69.403,2019-03-22T10:12:58Z,0.0,0.0,0.0,4
2902257,17.217,69.403,2019-03-22T10:12:58Z,0.0,0.0,0.0,4
2902257,17.217,69.403,2019-03-22T10:12:58Z,0.0,0.0,0.0,4
2902257,17.217,69.403,2019-03-22T10:12:58Z,0.0,0.0,0.0,4
2902257,17.217,69.403,2019-03-22T10:12:58Z,0.0,0.0,0.0,4
2902257,17.217,69.403,2019-03-22T10:12:58Z,0.0,0.0,0.0,4
2902257,17.217,69.403,2019-03-22T10:12:58Z,0.0,0.0,0.0,4
2902257,17.217,69.403,2019-03-22T10:12:58Z,0.0,0.0,0.0,4
2902257,17.217,69.403,2019-03-22T10:12:58Z,0.0,0.0,0.0,4
2902257,17.217,69.403,2019-03-22T10:12:58Z,0.0,0.0,0.0,4
2902257,17.217,69.403,2019-03-22T10:12:58Z,0.0,0.0,0.0,4
2902257,17.217,69.403,2019-03-22T10:12:58Z,0.0,0.0,0.0,4
2902257,17.217,69.403,2019-03-22T10:12:58Z,0.0,0.0,0.0,4
2902257,17.217,69.403,2019-03-22T10:12:58Z,0.0,0.0,0.0,4
2902257,17.217,69.403,2019-03-22T10:12:58Z,0.0,0.0,0.0,4
2902257,17.217,69.403,2019-03-22T10:12:58Z,0.0,0.0,0.0,4
2902257,17.217,69.403,2019-03-22T10:12:58Z,0.0,0.0,0.0,4
2902257,17.217,69.403,2019-03-22T10:12:58Z,0.0,0.0,0.0,4
2902257,17.217,69.403,2019-03-22T10:12:58Z,0.0,0.0,0.0,4
2902257,17.217,69.403,2019-03-22T10:12:58Z,0.0,0.0,0.0,4
2902257,17.217,69.403,2019-03-22T10:12:58Z,0.0,0.0,0.0,4
2902257,17.217,69.403,2019-03-22T10:12:58Z,0.0,0.0,0.0,4
2902257,17.217,69.403,2019-03-22T10:12:58Z,0.0,0.0,0.0,4
2902257,17.217,69.403,2019-03-22T10:12:58Z,0.0,0.0,0.0,4
2902257,17.217,69.403,2019-03-22T10:12:58Z,0.0,0.0,0.0,4
2902257,17.217,69.403,2019-03-22T10:12:58Z,0.0,0.0,0.0,4
2902257,17.217,69.403,2019-03-22T10:12:58Z,0.0,0.0,0.0,4
2902257,17.217,69.403,2019-03-22T10:12:58Z,0.0,0.0,0.0,4
2902257,17.217,69.403,2019-03-22T10:12:58Z,0.0,0.0,0.0,4
2902257,17.217,69.403,2019-03-22T10:12:58Z,0.0,0.0,0.0,4
2902257,17.217,69.403,2019-03-22T10:12:58Z,0.0,0.0,0.0,4
2902257,17.217,69.403,2019-03-22T10:12:58Z,0.0,0.0,0.0,4
2902257,17.217,69.403,2019-03-22T10:12:58Z,0.0,0.0,0.0,4
2902257,17.217,69.403,2019-03-22T10:12:58Z,0.0,0.0,0.0,4
2902257,17.217,69.403,2019-03-22T10:12:58Z,0.0,0.0,0.0,4
2902257,17.217,69.403,2019-03-22T10:12:58Z,0.0,0.0,0.0,4
2902257,17.217,69.403,2019-03-22T10:12:58Z,0.0,0.0,0.0,4
2902257,17.217,69.403,2019-03-22T10:12:58Z,0.0,0.0,0.0,4
2902257,17.217,69.403,2019-03-22T10:12:58Z,0.0,0.0,0.0,4
2902257,17.217,69.403,2019-03-22T10:12:58Z,0.0,0.0,0.0,4
2902257,17.217,69.403,2019-03-22T10:12:58Z,0.0,0.0,0.0,4
2902257,17.217,69.403,2019-03-22T10:12:58Z,0.0,0.0,0.0,4
2902257,17.217,69.403,2019-03-22T10:12:58Z,0.0,0.0,0.0,4
2902257,17.217,69.403,2019-03-22T10:12:58Z,0.0,0.0,0.0,4
2902257,17.217,69.403,2019-03-22T10:12:58Z,0.0,0.0,0.0,4
2902257,17.217,69.403,2019-03-22T10:12:58Z,0.0,0.0,0.0,4
2902257,17.217,69.403,2019-03-22T10:12:58Z,0.0,0.0,0.0,4
2902257,17.217,69.403,2019-03-22T10:12:58Z,0.0,0.0,0.0,4
2902257,17.217,69.403,2019-03-22T10:12:58Z,0.0,0.0,0.0,4
2902257,17.217,69.403,2019-03-22T10:12:58Z,0.0,0.0,0.0,4
2902257,17.217,69.403,2019-03-22T10:12:58Z,0.0,0.0,0.0,4
2902257,17.217,69.403,2019-03-22T10:12:58Z,0.0,0.0,0.0,4
2902257,17.217,69.403,2019-03-22T10:12:58Z,0.0,0.0,0.0,4
2902257,17.217,69.403,2019-03-22T10:12:58Z,0.0,0.0,0.0,4
2902257,17.217,69.403,2019-03-22T10:12:58Z,0.0,0.0,0.0,4
2902257,17.217,69.403,2019-03-22T10:12:58Z,0.0,0.0,0.0,4
2902257,17.217,69.403,2019-03-22T10:12:58Z,0.0,0.0,0.0,4
2902257,17.217,69.403,2019-03-22T10:12:58Z,0.0,0.0,0.0,4
2902257,17.217,69.403,2019-03-22T10:12:58Z,0.0,0.0,0.0,4
2902257,17.217,69.403,2019-03-22T10:12:58Z,0.0,0.0,0.0,4
2902257,17.217,69.403,2019-03-22T10:12:58Z,27.331,36.731,1.0,4
2902257,17.217,69.403,2019-03-22T10:12:58Z,27.328,36.732,2.0,4
2902257,17.217,69.403,2019-03-22T10:12:58Z,27.329,36.73,3.0,4
2902257,17.217,69.403,2019-03-22T10:12:58Z,27.328,36.729,4.0,4
2902257,17.217,69.403,2019-03-22T10:12:58Z,27.31,36.727,5.0,4
2902257,17.217,69.403,2019-03-22T10:12:58Z,27.311,36.736,6.0,4
2902201,18.554,65.431,2019-03-22T12:18:03Z,26.553,36.621,4.7,1
2902255,14.459,62.118,2019-03-22T13:54:02Z,0.0,0.0,0.0,4
2902255,14.459,62.118,2019-03-22T13:54:02Z,0.0,0.0,0.0,4
2902255,14.459,62.118,2019-03-22T13:54:02Z,0.0,0.0,0.0,4
2902255,14.459,62.118,2019-03-22T13:54:02Z,0.0,0.0,0.0,4
2902255,14.459,62.118,2019-03-22T13:54:02Z,0.0,0.0,0.0,4
2902255,14.459,62.118,2019-03-22T13:54:02Z,0.0,0.0,0.0,4
2902255,14.459,62.118,2019-03-22T13:54:02Z,0.0,0.0,0.0,4
2902255,14.459,62.118,2019-03-22T13:54:02Z,0.0,0.0,0.0,4
2902255,14.459,62.118,2019-03-22T13:54:02Z,0.0,0.0,0.0,4
2902255,14.459,62.118,2019-03-22T13:54:02Z,0.0,0.0,0.0,4
2902255,14.459,62.118,2019-03-22T13:54:02Z,0.0,0.0,0.0,4
2902255,14.459,62.118,2019-03-22T13:54:02Z,0.0,0.0,0.0,4
2902255,14.459,62.118,2019-03-22T13:54:02Z,0.0,0.0,0.0,4
2902255,14.459,62.118,2019-03-22T13:54:02Z,0.0,0.0,0.0,4
2902255,14.459,62.118,2019-03-22T13:54:02Z,0.0,0.0,0.0,4
2902255,14.459,62.118,2019-03-22T13:54:02Z,0.0,0.0,0.0,4
2902255,14.459,62.118,2019-03-22T13:54:02Z,0.0,0.0,0.0,4
2902255,14.459,62.118,2019-03-22T13:54:02Z,0.0,0.0,0.0,4
2902255,14.459,62.118,2019-03-22T13:54:02Z,0.0,0.0,0.0,4
2902255,14.459,62.118,2019-03-22T13:54:02Z,0.0,0.0,0.0,4
2902255,14.459,62.118,2019-03-22T13:54:02Z,0.0,0.0,0.0,4
2902255,14.459,62.118,2019-03-22T13:54:02Z,0.0,0.0,0.0,4
2902255,14.459,62.118,2019-03-22T13:54:02Z,0.0,0.0,0.0,4
2902255,14.459,62.118,2019-03-22T13:54:02Z,0.0,0.0,0.0,4
2902255,14.459,62.118,2019-03-22T13:54:02Z,0.0,0.0,0.0,4
2902255,14.459,62.118,2019-03-22T13:54:02Z,0.0,0.0,0.0,4
2902255,14.459,62.118,2019-03-22T13:54:02Z,0.0,0.0,0.0,4
2902255,14.459,62.118,2019-03-22T13:54:02Z,0.0,0.0,0.0,4
2902255,14.459,62.118,2019-03-22T13:54:02Z,0.0,0.0,0.0,4
2902255,14.459,62.118,2019-03-22T13:54:02Z,0.0,0.0,0.0,4
2902255,14.459,62.118,2019-03-22T13:54:02Z,0.0,0.0,0.0,4
2902255,14.459,62.118,2019-03-22T13:54:02Z,0.0,0.0,0.0,4
2902255,14.459,62.118,2019-03-22T13:54:02Z,0.0,0.0,0.0,4
2902255,14.459,62.118,2019-03-22T13:54:02Z,0.0,0.0,0.0,4
2902255,14.459,62.118,2019-03-22T13:54:02Z,0.0,0.0,0.0,4
2902255,14.459,62.118,2019-03-22T13:54:02Z,0.0,0.0,0.0,4
2902255,14.459,62.118,2019-03-22T13:54:02Z,0.0,0.0,0.0,4
2902255,14.459,62.118,2019-03-22T13:54:02Z,0.0,0.0,0.0,4
2902255,14.459,62.118,2019-03-22T13:54:02Z,0.0,0.0,0.0,4
2902255,14.459,62.118,2019-03-22T13:54:02Z,0.0,0.0,0.0,4
2902255,14.459,62.118,2019-03-22T13:54:02Z,0.0,0.0,0.0,4
2902255,14.459,62.118,2019-03-22T13:54:02Z,0.0,0.0,0.0,4
2902255,14.459,62.118,2019-03-22T13:54:02Z,0.0,0.0,0.0,4
2902255,14.459,62.118,2019-03-22T13:54:02Z,0.0,0.0,0.0,4
2902255,14.459,62.118,2019-03-22T13:54:02Z,0.0,0.0,0.0,4
2902255,14.459,62.118,2019-03-22T13:54:02Z,0.0,0.0,0.0,4
2902255,14.459,62.118,2019-03-22T13:54:02Z,0.0,0.0,0.0,4
2902255,14.459,62.118,2019-03-22T13:54:02Z,0.0,0.0,0.0,4
2902255,14.459,62.118,2019-03-22T13:54:02Z,0.0,0.0,0.0,4
2902255,14.459,62.118,2019-03-22T13:54:02Z,0.0,0.0,0.0,4
2902255,14.459,62.118,2019-03-22T13:54:02Z,0.0,0.0,0.0,4
2902255,14.459,62.118,2019-03-22T13:54:02Z,0.0,0.0,0.0,4
2902255,14.459,62.118,2019-03-22T13:54:02Z,0.0,0.0,0.0,4
2902255,14.459,62.118,2019-03-22T13:54:02Z,0.0,0.0,0.0,4
2902255,14.459,62.118,2019-03-22T13:54:02Z,0.0,0.0,0.0,4
2902255,14.459,62.118,2019-03-22T13:54:02Z,0.0,0.0,0.0,4
2902255,14.459,62.118,2019-03-22T13:54:02Z,0.0,0.0,0.0,4
2902255,14.459,62.118,2019-03-22T13:54:02Z,0.0,0.0,0.0,4
2902255,14.459,62.118,2019-03-22T13:54:02Z,0.0,0.0,0.0,4
2902255,14.459,62.118,2019-03-22T13:54:02Z,0.0,0.0,0.0,4
2902255,14.459,62.118,2019-03-22T13:54:02Z,0.0,0.0,0.0,4
2902255,14.459,62.118,2019-03-22T13:54:02Z,0.0,0.0,0.0,4
2902255,14.459,62.118,2019-03-22T13:54:02Z,0.0,0.0,0.0,4
2902255,14.459,62.118,2019-03-22T13:54:02Z,0.0,0.0,0.0,4
2902255,14.459,62.118,2019-03-22T13:54:02Z,0.0,0.0,0.0,4
2902255,14.459,62.118,2019-03-22T13:54:02Z,0.0,0.0,0.0,4
2902255,14.459,62.118,2019-03-22T13:54:02Z,0.0,0.0,0.0,4
2902255,14.459,62.118,2019-03-22T13:54:02Z,0.0,0.0,0.0,4
2902255,14.459,62.118,2019-03-22T13:54:02Z,0.0,0.0,0.0,4
2902255,14.459,62.118,2019-03-22T13:54:02Z,0.0,0.0,0.0,4
2902255,14.459,62.118,2019-03-22T13:54:02Z,0.0,0.0,0.0,4
2902255,14.459,62.118,2019-03-22T13:54:02Z,0.0,0.0,0.0,4
2902255,14.459,62.118,2019-03-22T13:54:02Z,0.0,0.0,0.0,4
2902255,14.459,62.118,2019-03-22T13:54:02Z,0.0,0.0,0.0,4
2902255,14.459,62.118,2019-03-22T13:54:02Z,0.0,0.0,0.0,4
2902255,14.459,62.118,2019-03-22T13:54:02Z,0.0,0.0,0.0,4
2902255,14.459,62.118,2019-03-22T13:54:02Z,0.0,0.0,0.0,4
2902255,14.459,62.118,2019-03-22T13:54:02Z,0.0,0.0,0.0,4
2902255,14.459,62.118,2019-03-22T13:54:02Z,0.0,0.0,0.0,4
2902255,14.459,62.118,2019-03-22T13:54:02Z,0.0,0.0,0.0,4
2902255,14.459,62.118,2019-03-22T13:54:02Z,0.0,0.0,0.0,4
2902255,14.459,62.118,2019-03-22T13:54:02Z,0.0,0.0,0.0,4
2902255,14.459,62.118,2019-03-22T13:54:02Z,0.0,0.0,0.0,4
2902255,14.459,62.118,2019-03-22T13:54:02Z,0.0,0.0,0.0,4
2902255,14.459,62.118,2019-03-22T13:54:02Z,0.0,0.0,0.0,4
2902255,14.459,62.118,2019-03-22T13:54:02Z,0.0,0.0,0.0,4
2902255,14.459,62.118,2019-03-22T13:54:02Z,0.0,0.0,0.0,4
2902255,14.459,62.118,2019-03-22T13:54:02Z,0.0,0.0,0.0,4
2902255,14.459,62.118,2019-03-22T13:54:02Z,0.0,0.0,0.0,4
2902255,14.459,62.118,2019-03-22T13:54:02Z,0.0,0.0,0.0,4
2902255,14.459,62.118,2019-03-22T13:54:02Z,0.0,0.0,0.0,4
2902255,14.459,62.118,2019-03-22T13:54:02Z,0.0,0.0,0.0,4
2902255,14.459,62.118,2019-03-22T13:54:02Z,0.0,0.0,0.0,4
2902255,14.459,62.118,2019-03-22T13:54:02Z,0.0,0.0,0.0,4
2902255,14.459,62.118,2019-03-22T13:54:02Z,0.0,0.0,0.0,4
2902255,14.459,62.118,2019-03-22T13:54:02Z,0.0,0.0,0.0,4
2902255,14.459,62.118,2019-03-22T13:54:02Z,0.0,0.0,0.0,4
2902255,14.459,62.118,2019-03-22T13:54:02Z,0.0,0.0,0.0,4
2902255,14.459,62.118,2019-03-22T13:54:02Z,0.0,0.0,0.0,4
2902255,14.459,62.118,2019-03-22T13:54:02Z,0.0,0.0,0.0,4
2902255,14.459,62.118,2019-03-22T13:54:02Z,0.0,0.0,0.0,4
2902255,14.459,62.118,2019-03-22T13:54:02Z,0.0,0.0,0.0,4
2902255,14.459,62.118,2019-03-22T13:54:02Z,0.0,0.0,0.0,4
2902255,14.459,62.118,2019-03-22T13:54:02Z,0.0,0.0,0.0,4
2902255,14.459,62.118,2019-03-22T13:54:02Z,0.0,0.0,0.0,4
2902255,14.459,62.118,2019-03-22T13:54:02Z,0.0,0.0,0.0,4
2902255,14.459,62.118,2019-03-22T13:54:02Z,0.0,0.0,0.0,4
2902255,14.459,62.118,2019-03-22T13:54:02Z,0.0,0.0,0.0,4
2902255,14.459,62.118,2019-03-22T13:54:02Z,0.0,0.0,0.0,4
2902255,14.459,62.118,2019-03-22T13:54:02Z,0.0,0.0,0.0,4
2902255,14.459,62.118,2019-03-22T13:54:02Z,0.0,0.0,0.0,4
2902255,14.459,62.118,2019-03-22T13:54:02Z,0.0,0.0,0.0,4
2902255,14.459,62.118,2019-03-22T13:54:02Z,0.0,0.0,0.0,4
2902255,14.459,62.118,2019-03-22T13:54:02Z,0.0,0.0,0.0,4
2902255,14.459,62.118,2019-03-22T13:54:02Z,0.0,0.0,0.0,4
2902255,14.459,62.118,2019-03-22T13:54:02Z,0.0,0.0,0.0,4
2902255,14.459,62.118,2019-03-22T13:54:02Z,0.0,0.0,0.0,4
2902255,14.459,62.118,2019-03-22T13:54:02Z,0.0,0.0,0.0,4
2902255,14.459,62.118,2019-03-22T13:54:02Z,0.0,0.0,0.0,4
2902255,14.459,62.118,2019-03-22T13:54:02Z,0.0,0.0,0.0,4
2902255,14.459,62.118,2019-03-22T13:54:02Z,0.0,0.0,0.0,4
2902255,14.459,62.118,2019-03-22T13:54:02Z,0.0,0.0,0.0,4
2902255,14.459,62.118,2019-03-22T13:54:02Z,0.0,0.0,0.0,4
2902255,14.459,62.118,2019-03-22T13:54:02Z,0.0,0.0,0.0,4
2902255,14.459,62.118,2019-03-22T13:54:02Z,0.0,0.0,0.0,4
2902255,14.459,62.118,2019-03-22T13:54:02Z,0.0,0.0,0.0,4
2902255,14.459,62.118,2019-03-22T13:54:02Z,0.0,0.0,0.0,4
2902255,14.459,62.118,2019-03-22T13:54:02Z,0.0,0.0,0.0,4
2902255,14.459,62.118,2019-03-22T13:54:02Z,0.0,0.0,0.0,4
2902255,14.459,62.118,2019-03-22T13:54:02Z,0.0,0.0,0.0,4
2902255,14.459,62.118,2019-03-22T13:54:02Z,0.0,0.0,0.0,4
2902255,14.459,62.118,2019-03-22T13:54:02Z,0.0,0.0,0.0,4
2902255,14.459,62.118,2019-03-22T13:54:02Z,0.0,0.0,0.0,4
2902255,14.459,62.118,2019-03-22T13:54:02Z,0.0,0.0,0.0,4
2902255,14.459,62.118,2019-03-22T13:54:02Z,0.0,0.0,0.0,4
2902255,14.459,62.118,2019-03-22T13:54:02Z,0.0,0.0,0.0,4
2902255,14.459,62.118,2019-03-22T13:54:02Z,0.0,0.0,0.0,4
2902255,14.459,62.118,2019-03-22T13:54:02Z,0.0,0.0,0.0,4
2902255,14.459,62.118,2019-03-22T13:54:02Z,0.0,0.0,0.0,4
2902255,14.459,62.118,2019-03-22T13:54:02Z,0.0,0.0,0.0,4
2902255,14.459,62.118,2019-03-22T13:54:02Z,0.0,0.0,0.0,4
2902255,14.459,62.118,2019-03-22T13:54:02Z,0.0,0.0,0.0,4
2902255,14.459,62.118,2019-03-22T13:54:02Z,0.0,0.0,0.0,4
2902255,14.459,62.118,2019-03-22T13:54:02Z,0.0,0.0,0.0,4
2902255,14.459,62.118,2019-03-22T13:54:02Z,0.0,0.0,0.0,4
2902255,14.459,62.118,2019-03-22T13:54:02Z,0.0,0.0,0.0,4
2902255,14.459,62.118,2019-03-22T13:54:02Z,0.0,0.0,0.0,4
2902255,14.459,62.118,2019-03-22T13:54:02Z,0.0,0.0,0.0,4
2902255,14.459,62.118,2019-03-22T13:54:02Z,0.0,0.0,0.0,4
2902255,14.459,62.118,2019-03-22T13:54:02Z,0.0,0.0,0.0,4
2902255,14.459,62.118,2019-03-22T13:54:02Z,0.0,0.0,0.0,4
2902255,14.459,62.118,2019-03-22T13:54:02Z,0.0,0.0,0.0,4
2902255,14.459,62.118,2019-03-22T13:54:02Z,0.0,0.0,0.0,4
2902255,14.459,62.118,2019-03-22T13:54:02Z,0.0,0.0,0.0,4
2902255,14.459,62.118,2019-03-22T13:54:02Z,0.0,0.0,0.0,4
2902255,14.459,62.118,2019-03-22T13:54:02Z,0.0,0.0,0.0,4
2902255,14.459,62.118,2019-03-22T13:54:02Z,0.0,0.0,0.0,4
2902255,14.459,62.118,2019-03-22T13:54:02Z,0.0,0.0,0.0,4
2902255,14.459,62.118,2019-03-22T13:54:02Z,0.0,0.0,0.0,4
2902255,14.459,62.118,2019-03-22T13:54:02Z,0.0,0.0,0.0,4
2902255,14.459,62.118,2019-03-22T13:54:02Z,0.0,0.0,0.0,4
2902255,14.459,62.118,2019-03-22T13:54:02Z,0.0,0.0,0.0,4
2902255,14.459,62.118,2019-03-22T13:54:02Z,0.0,0.0,0.0,4
2902255,14.459,62.118,2019-03-22T13:54:02Z,0.0,0.0,0.0,4
2902255,14.459,62.118,2019-03-22T13:54:02Z,0.0,0.0,0.0,4
2902255,14.459,62.118,2019-03-22T13:54:02Z,0.0,0.0,0.0,4
2902255,14.459,62.118,2019-03-22T13:54:02Z,0.0,0.0,0.0,4
2902255,14.459,62.118,2019-03-22T13:54:02Z,0.0,0.0,0.0,4
2902255,14.459,62.118,2019-03-22T13:54:02Z,0.0,0.0,0.0,4
2902255,14.459,62.118,2019-03-22T13:54:02Z,0.0,0.0,0.0,4
2902255,14.459,62.118,2019-03-22T13:54:02Z,0.0,0.0,0.0,4
2902255,14.459,62.118,2019-03-22T13:54:02Z,0.0,0.0,0.0,4
2902255,14.459,62.118,2019-03-22T13:54:02Z,0.0,0.0,0.0,4
2902255,14.459,62.118,2019-03-22T13:54:02Z,0.0,0.0,0.0,4
2902255,14.459,62.118,2019-03-22T13:54:02Z,0.0,0.0,0.0,4
2902255,14.459,62.118,2019-03-22T13:54:02Z,0.0,0.0,0.0,4
2902255,14.459,62.118,2019-03-22T13:54:02Z,0.0,0.0,0.0,4
2902255,14.459,62.118,2019-03-22T13:54:02Z,0.0,0.0,0.0,4
2902255,14.459,62.118,2019-03-22T13:54:02Z,0.0,0.0,0.0,4
2902255,14.459,62.118,2019-03-22T13:54:02Z,0.0,0.0,0.0,4
2902255,14.459,62.118,2019-03-22T13:54:02Z,0.0,0.0,0.0,4
2902255,14.459,62.118,2019-03-22T13:54:02Z,0.0,0.0,0.0,4
2902255,14.459,62.118,2019-03-22T13:54:02Z,0.0,0.0,0.0,4
2902255,14.459,62.118,2019-03-22T13:54:02Z,0.0,0.0,0.0,4
2902255,14.459,62.118,2019-03-22T13:54:02Z,0.0,0.0,0.0,4
2902255,14.459,62.118,2019-03-22T13:54:02Z,0.0,0.0,0.0,4
2902255,14.459,62.118,2019-03-22T13:54:02Z,0.0,0.0,0.0,4
2902255,14.459,62.118,2019-03-22T13:54:02Z,0.0,0.0,0.0,4
2902255,14.459,62.118,2019-03-22T13:54:02Z,0.0,0.0,0.0,4
2902255,14.459,62.118,2019-03-22T13:54:02Z,0.0,0.0,0.0,4
2902255,14.459,62.118,2019-03-22T13:54:02Z,0.0,0.0,0.0,4
2902255,14.459,62.118,2019-03-22T13:54:02Z,0.0,0.0,0.0,4
2902255,14.459,62.118,2019-03-22T13:54:02Z,0.0,0.0,0.0,4
2902255,14.459,62.118,2019-03-22T13:54:02Z,0.0,0.0,0.0,4
2902255,14.459,62.118,2019-03-22T13:54:02Z,0.0,0.0,0.0,4
2902255,14.459,62.118,2019-03-22T13:54:02Z,0.0,0.0,0.0,4
2902255,14.459,62.118,2019-03-22T13:54:02Z,0.0,0.0,0.0,4
2902255,14.459,62.118,2019-03-22T13:54:02Z,0.0,0.0,0.0,4
2902255,14.459,62.118,2019-03-22T13:54:02Z,0.0,0.0,0.0,4
2902255,14.459,62.118,2019-03-22T13:54:02Z,0.0,0.0,0.0,4
2902255,14.459,62.118,2019-03-22T13:54:02Z,0.0,0.0,0.0,4
2902255,14.459,62.118,2019-03-22T13:54:02Z,0.0,0.0,0.0,4
2902255,14.459,62.118,2019-03-22T13:54:02Z,0.0,0.0,0.0,4
2902255,14.459,62.118,2019-03-22T13:54:02Z,0.0,0.0,0.0,4
2902255,14.459,62.118,2019-03-22T13:54:02Z,0.0,0.0,0.0,4
2902255,14.459,62.118,2019-03-22T13:54:02Z,0.0,0.0,0.0,4
2902255,14.459,62.118,2019-03-22T13:54:02Z,0.0,0.0,0.0,4
2902255,14.459,62.118,2019-03-22T13:54:02Z,0.0,0.0,0.0,4
2902255,14.459,62.118,2019-03-22T13:54:02Z,0.0,0.0,0.0,4
2902255,14.459,62.118,2019-03-22T13:54:02Z,0.0,0.0,0.0,4
2902255,14.459,62.118,2019-03-22T13:54:02Z,0.0,0.0,0.0,4
2902255,14.459,62.118,2019-03-22T13:54:02Z,0.0,0.0,0.0,4
2902255,14.459,62.118,2019-03-22T13:54:02Z,0.0,0.0,0.0,4
2902255,14.459,62.118,2019-03-22T13:54:02Z,0.0,0.0,0.0,4
2902255,14.459,62.118,2019-03-22T13:54:02Z,0.0,0.0,0.0,4
2902255,14.459,62.118,2019-03-22T13:54:02Z,0.0,0.0,0.0,4
2902255,14.459,62.118,2019-03-22T13:54:02Z,0.0,0.0,0.0,4
2902255,14.459,62.118,2019-03-22T13:54:02Z,0.0,0.0,0.0,4
2902255,14.459,62.118,2019-03-22T13:54:02Z,0.0,0.0,0.0,4
2902255,14.459,62.118,2019-03-22T13:54:02Z,0.0,0.0,0.0,4
2902255,14.459,62.118,2019-03-22T13:54:02Z,0.0,0.0,0.0,4
2902255,14.459,62.118,2019-03-22T13:54:02Z,0.0,0.0,0.0,4
2902255,14.459,62.118,2019-03-22T13:54:02Z,0.0,0.0,0.0,4
2902255,14.459,62.118,2019-03-22T13:54:02Z,0.0,0.0,0.0,4
2902255,14.459,62.118,2019-03-22T13:54:02Z,0.0,0.0,0.0,4
2902255,14.459,62.118,2019-03-22T13:54:02Z,0.0,0.0,0.0,4
2902255,14.459,62.118,2019-03-22T13:54:02Z,0.0,0.0,0.0,4
2902255,14.459,62.118,2019-03-22T13:54:02Z,0.0,0.0,0.0,4
2902255,14.459,62.118,2019-03-22T13:54:02Z,0.0,0.0,0.0,4
2902255,14.459,62.118,2019-03-22T13:54:02Z,0.0,0.0,0.0,4
2902255,14.459,62.118,2019-03-22T13:54:02Z,0.0,0.0,0.0,4
2902255,14.459,62.118,2019-03-22T13:54:02Z,0.0,0.0,0.0,4
2902255,14.459,62.118,2019-03-22T13:54:02Z,27.203,36.19,1.0,4
2902255,14.459,62.118,2019-03-22T13:54:02Z,27.097,36.202,2.0,1
2902255,14.459,62.118,2019-03-22T13:54:02Z,26.939,36.295,3.0,1
2902255,14.459,62.118,2019-03-22T13:54:02Z,26.874,36.341,4.0,1
2902255,14.459,62.118,2019-03-22T13:54:02Z,26.854,36.353,5.0,1
2902255,14.459,62.118,2019-03-22T13:54:02Z,26.842,36.353,6.0,1
2902267,20.977,62.715,2019-03-22T14:09:39Z,0.0,0.0,0.0,4
2902267,20.977,62.715,2019-03-22T14:09:39Z,0.0,0.0,0.0,4
2902267,20.977,62.715,2019-03-22T14:09:39Z,0.0,0.0,0.0,4
2902267,20.977,62.715,2019-03-22T14:09:39Z,0.0,0.0,0.0,4
2902267,20.977,62.715,2019-03-22T14:09:39Z,0.0,0.0,0.0,4
2902267,20.977,62.715,2019-03-22T14:09:39Z,0.0,0.0,0.0,4
2902267,20.977,62.715,2019-03-22T14:09:39Z,0.0,0.0,0.0,4
2902267,20.977,62.715,2019-03-22T14:09:39Z,0.0,0.0,0.0,4
2902267,20.977,62.715,2019-03-22T14:09:39Z,0.0,0.0,0.0,4
2902267,20.977,62.715,2019-03-22T14:09:39Z,0.0,0.0,0.0,4
2902267,20.977,62.715,2019-03-22T14:09:39Z,0.0,0.0,0.0,4
2902267,20.977,62.715,2019-03-22T14:09:39Z,0.0,0.0,0.0,4
2902267,20.977,62.715,2019-03-22T14:09:39Z,0.0,0.0,0.0,4
2902267,20.977,62.715,2019-03-22T14:09:39Z,0.0,0.0,0.0,4
2902267,20.977,62.715,2019-03-22T14:09:39Z,0.0,0.0,0.0,4
2902267,20.977,62.715,2019-03-22T14:09:39Z,0.0,0.0,0.0,4
2902267,20.977,62.715,2019-03-22T14:09:39Z,0.0,0.0,0.0,4
2902267,20.977,62.715,2019-03-22T14:09:39Z,0.0,0.0,0.0,4
2902267,20.977,62.715,2019-03-22T14:09:39Z,0.0,0.0,0.0,4
2902267,20.977,62.715,2019-03-22T14:09:39Z,0.0,0.0,0.0,4
2902267,20.977,62.715,2019-03-22T14:09:39Z,0.0,0.0,0.0,4
2902267,20.977,62.715,2019-03-22T14:09:39Z,0.0,0.0,0.0,4
2902267,20.977,62.715,2019-03-22T14:09:39Z,0.0,0.0,0.0,4
2902267,20.977,62.715,2019-03-22T14:09:39Z,0.0,0.0,0.0,4
2902267,20.977,62.715,2019-03-22T14:09:39Z,0.0,0.0,0.0,4
2902267,20.977,62.715,2019-03-22T14:09:39Z,0.0,0.0,0.0,4
2902267,20.977,62.715,2019-03-22T14:09:39Z,0.0,0.0,0.0,4
2902267,20.977,62.715,2019-03-22T14:09:39Z,0.0,0.0,0.0,4
2902267,20.977,62.715,2019-03-22T14:09:39Z,0.0,0.0,0.0,4
2902267,20.977,62.715,2019-03-22T14:09:39Z,0.0,0.0,0.0,4
2902267,20.977,62.715,2019-03-22T14:09:39Z,0.0,0.0,0.0,4
2902267,20.977,62.715,2019-03-22T14:09:39Z,0.0,0.0,0.0,4
2902267,20.977,62.715,2019-03-22T14:09:39Z,0.0,0.0,0.0,4
2902267,20.977,62.715,2019-03-22T14:09:39Z,0.0,0.0,0.0,4
2902267,20.977,62.715,2019-03-22T14:09:39Z,0.0,0.0,0.0,4
2902267,20.977,62.715,2019-03-22T14:09:39Z,0.0,0.0,0.0,4
2902267,20.977,62.715,2019-03-22T14:09:39Z,0.0,0.0,0.0,4
2902267,20.977,62.715,2019-03-22T14:09:39Z,0.0,0.0,0.0,4
2902267,20.977,62.715,2019-03-22T14:09:39Z,0.0,0.0,0.0,4
2902267,20.977,62.715,2019-03-22T14:09:39Z,0.0,0.0,0.0,4
2902267,20.977,62.715,2019-03-22T14:09:39Z,0.0,0.0,0.0,4
2902267,20.977,62.715,2019-03-22T14:09:39Z,0.0,0.0,0.0,4
2902267,20.977,62.715,2019-03-22T14:09:39Z,0.0,0.0,0.0,4
2902267,20.977,62.715,2019-03-22T14:09:39Z,0.0,0.0,0.0,4
2902267,20.977,62.715,2019-03-22T14:09:39Z,0.0,0.0,0.0,4
2902267,20.977,62.715,2019-03-22T14:09:39Z,0.0,0.0,0.0,4
2902267,20.977,62.715,2019-03-22T14:09:39Z,0.0,0.0,0.0,4
2902267,20.977,62.715,2019-03-22T14:09:39Z,0.0,0.0,0.0,4
2902267,20.977,62.715,2019-03-22T14:09:39Z,0.0,0.0,0.0,4
2902267,20.977,62.715,2019-03-22T14:09:39Z,0.0,0.0,0.0,4
2902267,20.977,62.715,2019-03-22T14:09:39Z,0.0,0.0,0.0,4
2902267,20.977,62.715,2019-03-22T14:09:39Z,0.0,0.0,0.0,4
2902267,20.977,62.715,2019-03-22T14:09:39Z,0.0,0.0,0.0,4
2902267,20.977,62.715,2019-03-22T14:09:39Z,0.0,0.0,0.0,4
2902267,20.977,62.715,2019-03-22T14:09:39Z,0.0,0.0,0.0,4
2902267,20.977,62.715,2019-03-22T14:09:39Z,0.0,0.0,0.0,4
2902267,20.977,62.715,2019-03-22T14:09:39Z,0.0,0.0,0.0,4
2902267,20.977,62.715,2019-03-22T14:09:39Z,0.0,0.0,0.0,4
2902267,20.977,62.715,2019-03-22T14:09:39Z,0.0,0.0,0.0,4
2902267,20.977,62.715,2019-03-22T14:09:39Z,0.0,0.0,0.0,4
2902267,20.977,62.715,2019-03-22T14:09:39Z,0.0,0.0,0.0,4
2902267,20.977,62.715,2019-03-22T14:09:39Z,0.0,0.0,0.0,4
2902267,20.977,62.715,2019-03-22T14:09:39Z,0.0,0.0,0.0,4
2902267,20.977,62.715,2019-03-22T14:09:39Z,0.0,0.0,0.0,4
2902267,20.977,62.715,2019-03-22T14:09:39Z,0.0,0.0,0.0,4
2902267,20.977,62.715,2019-03-22T14:09:39Z,0.0,0.0,0.0,4
2902267,20.977,62.715,2019-03-22T14:09:39Z,0.0,0.0,0.0,4
2902267,20.977,62.715,2019-03-22T14:09:39Z,0.0,0.0,0.0,4
2902267,20.977,62.715,2019-03-22T14:09:39Z,0.0,0.0,0.0,4
2902267,20.977,62.715,2019-03-22T14:09:39Z,0.0,0.0,0.0,4
2902267,20.977,62.715,2019-03-22T14:09:39Z,0.0,0.0,0.0,4
2902267,20.977,62.715,2019-03-22T14:09:39Z,0.0,0.0,0.0,4
2902267,20.977,62.715,2019-03-22T14:09:39Z,0.0,0.0,0.0,4
2902267,20.977,62.715,2019-03-22T14:09:39Z,0.0,0.0,0.0,4
2902267,20.977,62.715,2019-03-22T14:09:39Z,0.0,0.0,0.0,4
2902267,20.977,62.715,2019-03-22T14:09:39Z,0.0,0.0,0.0,4
2902267,20.977,62.715,2019-03-22T14:09:39Z,0.0,0.0,0.0,4
2902267,20.977,62.715,2019-03-22T14:09:39Z,0.0,0.0,0.0,4
2902267,20.977,62.715,2019-03-22T14:09:39Z,0.0,0.0,0.0,4
2902267,20.977,62.715,2019-03-22T14:09:39Z,0.0,0.0,0.0,4
2902267,20.977,62.715,2019-03-22T14:09:39Z,0.0,0.0,0.0,4
2902267,20.977,62.715,2019-03-22T14:09:39Z,0.0,0.0,0.0,4
2902267,20.977,62.715,2019-03-22T14:09:39Z,0.0,0.0,0.0,4
2902267,20.977,62.715,2019-03-22T14:09:39Z,0.0,0.0,0.0,4
2902267,20.977,62.715,2019-03-22T14:09:39Z,0.0,0.0,0.0,4
2902267,20.977,62.715,2019-03-22T14:09:39Z,0.0,0.0,0.0,4
2902267,20.977,62.715,2019-03-22T14:09:39Z,0.0,0.0,0.0,4
2902267,20.977,62.715,2019-03-22T14:09:39Z,0.0,0.0,0.0,4
2902267,20.977,62.715,2019-03-22T14:09:39Z,0.0,0.0,0.0,4
2902267,20.977,62.715,2019-03-22T14:09:39Z,0.0,0.0,0.0,4
2902267,20.977,62.715,2019-03-22T14:09:39Z,0.0,0.0,0.0,4
2902267,20.977,62.715,2019-03-22T14:09:39Z,0.0,0.0,0.0,4
2902267,20.977,62.715,2019-03-22T14:09:39Z,0.0,0.0,0.0,4
2902267,20.977,62.715,2019-03-22T14:09:39Z,0.0,0.0,0.0,4
2902267,20.977,62.715,2019-03-22T14:09:39Z,0.0,0.0,0.0,4
2902267,20.977,62.715,2019-03-22T14:09:39Z,0.0,0.0,0.0,4
2902267,20.977,62.715,2019-03-22T14:09:39Z,0.0,0.0,0.0,4
2902267,20.977,62.715,2019-03-22T14:09:39Z,0.0,0.0,0.0,4
2902267,20.977,62.715,2019-03-22T14:09:39Z,0.0,0.0,0.0,4
2902267,20.977,62.715,2019-03-22T14:09:39Z,0.0,0.0,0.0,4
2902267,20.977,62.715,2019-03-22T14:09:39Z,0.0,0.0,0.0,4
2902267,20.977,62.715,2019-03-22T14:09:39Z,0.0,0.0,0.0,4
2902267,20.977,62.715,2019-03-22T14:09:39Z,0.0,0.0,0.0,4
2902267,20.977,62.715,2019-03-22T14:09:39Z,0.0,0.0,0.0,4
2902267,20.977,62.715,2019-03-22T14:09:39Z,0.0,0.0,0.0,4
2902267,20.977,62.715,2019-03-22T14:09:39Z,0.0,0.0,0.0,4
2902267,20.977,62.715,2019-03-22T14:09:39Z,0.0,0.0,0.0,4
2902267,20.977,62.715,2019-03-22T14:09:39Z,0.0,0.0,0.0,4
2902267,20.977,62.715,2019-03-22T14:09:39Z,0.0,0.0,0.0,4
2902267,20.977,62.715,2019-03-22T14:09:39Z,0.0,0.0,0.0,4
2902267,20.977,62.715,2019-03-22T14:09:39Z,0.0,0.0,0.0,4
2902267,20.977,62.715,2019-03-22T14:09:39Z,0.0,0.0,0.0,4
2902267,20.977,62.715,2019-03-22T14:09:39Z,0.0,0.0,0.0,4
2902267,20.977,62.715,2019-03-22T14:09:39Z,0.0,0.0,0.0,4
2902267,20.977,62.715,2019-03-22T14:09:39Z,0.0,0.0,0.0,4
2902267,20.977,62.715,2019-03-22T14:09:39Z,0.0,0.0,0.0,4
2902267,20.977,62.715,2019-03-22T14:09:39Z,0.0,0.0,0.0,4
2902267,20.977,62.715,2019-03-22T14:09:39Z,0.0,0.0,0.0,4
2902267,20.977,62.715,2019-03-22T14:09:39Z,0.0,0.0,0.0,4
2902267,20.977,62.715,2019-03-22T14:09:39Z,0.0,0.0,0.0,4
2902267,20.977,62.715,2019-03-22T14:09:39Z,0.0,0.0,0.0,4
2902267,20.977,62.715,2019-03-22T14:09:39Z,0.0,0.0,0.0,4
2902267,20.977,62.715,2019-03-22T14:09:39Z,0.0,0.0,0.0,4
2902267,20.977,62.715,2019-03-22T14:09:39Z,0.0,0.0,0.0,4
2902267,20.977,62.715,2019-03-22T14:09:39Z,0.0,0.0,0.0,4
2902267,20.977,62.715,2019-03-22T14:09:39Z,0.0,0.0,0.0,4
2902267,20.977,62.715,2019-03-22T14:09:39Z,0.0,0.0,0.0,4
2902267,20.977,62.715,2019-03-22T14:09:39Z,0.0,0.0,0.0,4
2902267,20.977,62.715,2019-03-22T14:09:39Z,0.0,0.0,0.0,4
2902267,20.977,62.715,2019-03-22T14:09:39Z,0.0,0.0,0.0,4
2902267,20.977,62.715,2019-03-22T14:09:39Z,0.0,0.0,0.0,4
2902267,20.977,62.715,2019-03-22T14:09:39Z,0.0,0.0,0.0,4
2902267,20.977,62.715,2019-03-22T14:09:39Z,0.0,0.0,0.0,4
2902267,20.977,62.715,2019-03-22T14:09:39Z,0.0,0.0,0.0,4
2902267,20.977,62.715,2019-03-22T14:09:39Z,0.0,0.0,0.0,4
2902267,20.977,62.715,2019-03-22T14:09:39Z,0.0,0.0,0.0,4
2902267,20.977,62.715,2019-03-22T14:09:39Z,0.0,0.0,0.0,4
2902267,20.977,62.715,2019-03-22T14:09:39Z,0.0,0.0,0.0,4
2902267,20.977,62.715,2019-03-22T14:09:39Z,0.0,0.0,0.0,4
2902267,20.977,62.715,2019-03-22T14:09:39Z,0.0,0.0,0.0,4
2902267,20.977,62.715,2019-03-22T14:09:39Z,0.0,0.0,0.0,4
2902267,20.977,62.715,2019-03-22T14:09:39Z,0.0,0.0,0.0,4
2902267,20.977,62.715,2019-03-22T14:09:39Z,0.0,0.0,0.0,4
2902267,20.977,62.715,2019-03-22T14:09:39Z,0.0,0.0,0.0,4
2902267,20.977,62.715,2019-03-22T14:09:39Z,0.0,0.0,0.0,4
2902267,20.977,62.715,2019-03-22T14:09:39Z,0.0,0.0,0.0,4
2902267,20.977,62.715,2019-03-22T14:09:39Z,0.0,0.0,0.0,4
2902267,20.977,62.715,2019-03-22T14:09:39Z,0.0,0.0,0.0,4
2902267,20.977,62.715,2019-03-22T14:09:39Z,0.0,0.0,0.0,4
2902267,20.977,62.715,2019-03-22T14:09:39Z,0.0,0.0,0.0,4
2902267,20.977,62.715,2019-03-22T14:09:39Z,0.0,0.0,0.0,4
2902267,20.977,62.715,2019-03-22T14:09:39Z,0.0,0.0,0.0,4
2902267,20.977,62.715,2019-03-22T14:09:39Z,0.0,0.0,0.0,4
2902267,20.977,62.715,2019-03-22T14:09:39Z,0.0,0.0,0.0,4
2902267,20.977,62.715,2019-03-22T14:09:39Z,0.0,0.0,0.0,4
2902267,20.977,62.715,2019-03-22T14:09:39Z,0.0,0.0,0.0,4
2902267,20.977,62.715,2019-03-22T14:09:39Z,0.0,0.0,0.0,4
2902267,20.977,62.715,2019-03-22T14:09:39Z,0.0,0.0,0.0,4
2902267,20.977,62.715,2019-03-22T14:09:39Z,0.0,0.0,0.0,4
2902267,20.977,62.715,2019-03-22T14:09:39Z,0.0,0.0,0.0,4
2902267,20.977,62.715,2019-03-22T14:09:39Z,0.0,0.0,0.0,4
2902267,20.977,62.715,2019-03-22T14:09:39Z,0.0,0.0,0.0,4
2902267,20.977,62.715,2019-03-22T14:09:39Z,0.0,0.0,0.0,4
2902267,20.977,62.715,2019-03-22T14:09:39Z,0.0,0.0,0.0,4
2902267,20.977,62.715,2019-03-22T14:09:39Z,0.0,0.0,0.0,4
2902267,20.977,62.715,2019-03-22T14:09:39Z,0.0,0.0,0.0,4
2902267,20.977,62.715,2019-03-22T14:09:39Z,0.0,0.0,0.0,4
2902267,20.977,62.715,2019-03-22T14:09:39Z,0.0,0.0,0.0,4
2902267,20.977,62.715,2019-03-22T14:09:39Z,0.0,0.0,0.0,4
2902267,20.977,62.715,2019-03-22T14:09:39Z,0.0,0.0,0.0,4
2902267,20.977,62.715,2019-03-22T14:09:39Z,0.0,0.0,0.0,4
2902267,20.977,62.715,2019-03-22T14:09:39Z,0.0,0.0,0.0,4
2902267,20.977,62.715,2019-03-22T14:09:39Z,0.0,0.0,0.0,4
2902267,20.977,62.715,2019-03-22T14:09:39Z,0.0,0.0,0.0,4
2902267,20.977,62.715,2019-03-22T14:09:39Z,0.0,0.0,0.0,4
2902267,20.977,62.715,2019-03-22T14:09:39Z,0.0,0.0,0.0,4
2902267,20.977,62.715,2019-03-22T14:09:39Z,0.0,0.0,0.0,4
2902267,20.977,62.715,2019-03-22T14:09:39Z,0.0,0.0,0.0,4
2902267,20.977,62.715,2019-03-22T14:09:39Z,0.0,0.0,0.0,4
2902267,20.977,62.715,2019-03-22T14:09:39Z,0.0,0.0,0.0,4
2902267,20.977,62.715,2019-03-22T14:09:39Z,0.0,0.0,0.0,4
2902267,20.977,62.715,2019-03-22T14:09:39Z,0.0,0.0,0.0,4
2902267,20.977,62.715,2019-03-22T14:09:39Z,0.0,0.0,0.0,4
2902267,20.977,62.715,2019-03-22T14:09:39Z,0.0,0.0,0.0,4
2902267,20.977,62.715,2019-03-22T14:09:39Z,0.0,0.0,0.0,4
2902267,20.977,62.715,2019-03-22T14:09:39Z,0.0,0.0,0.0,4
2902267,20.977,62.715,2019-03-22T14:09:39Z,0.0,0.0,0.0,4
2902267,20.977,62.715,2019-03-22T14:09:39Z,0.0,0.0,0.0,4
2902267,20.977,62.715,2019-03-22T14:09:39Z,0.0,0.0,0.0,4
2902267,20.977,62.715,2019-03-22T14:09:39Z,0.0,0.0,0.0,4
2902267,20.977,62.715,2019-03-22T14:09:39Z,0.0,0.0,0.0,4
2902267,20.977,62.715,2019-03-22T14:09:39Z,0.0,0.0,0.0,4
2902267,20.977,62.715,2019-03-22T14:09:39Z,0.0,0.0,0.0,4
2902267,20.977,62.715,2019-03-22T14:09:39Z,0.0,0.0,0.0,4
2902267,20.977,62.715,2019-03-22T14:09:39Z,0.0,0.0,0.0,4
2902267,20.977,62.715,2019-03-22T14:09:39Z,0.0,0.0,0.0,4
2902267,20.977,62.715,2019-03-22T14:09:39Z,0.0,0.0,0.0,4
2902267,20.977,62.715,2019-03-22T14:09:39Z,0.0,0.0,0.0,4
2902267,20.977,62.715,2019-03-22T14:09:39Z,0.0,0.0,0.0,4
2902267,20.977,62.715,2019-03-22T14:09:39Z,0.0,0.0,0.0,4
2902267,20.977,62.715,2019-03-22T14:09:39Z,0.0,0.0,0.0,4
2902267,20.977,62.715,2019-03-22T14:09:39Z,0.0,0.0,0.0,4
2902267,20.977,62.715,2019-03-22T14:09:39Z,0.0,0.0,0.0,4
2902267,20.977,62.715,2019-03-22T14:09:39Z,0.0,0.0,0.0,4
2902267,20.977,62.715,2019-03-22T14:09:39Z,0.0,0.0,0.0,4
2902267,20.977,62.715,2019-03-22T14:09:39Z,0.0,0.0,0.0,4
2902267,20.977,62.715,2019-03-22T14:09:39Z,0.0,0.0,0.0,4
2902267,20.977,62.715,2019-03-22T14:09:39Z,0.0,0.0,0.0,4
2902267,20.977,62.715,2019-03-22T14:09:39Z,0.0,0.0,0.0,4
2902267,20.977,62.715,2019-03-22T14:09:39Z,0.0,0.0,0.0,4
2902267,20.977,62.715,2019-03-22T14:09:39Z,0.0,0.0,0.0,4
2902267,20.977,62.715,2019-03-22T14:09:39Z,0.0,0.0,0.0,4
2902267,20.977,62.715,2019-03-22T14:09:39Z,0.0,0.0,0.0,4
2902267,20.977,62.715,2019-03-22T14:09:39Z,0.0,0.0,0.0,4
2902267,20.977,62.715,2019-03-22T14:09:39Z,0.0,0.0,0.0,4
2902267,20.977,62.715,2019-03-22T14:09:39Z,0.0,0.0,0.0,4
2902267,20.977,62.715,2019-03-22T14:09:39Z,0.0,0.0,0.0,4
2902267,20.977,62.715,2019-03-22T14:09:39Z,0.0,0.0,0.0,4
2902267,20.977,62.715,2019-03-22T14:09:39Z,0.0,0.0,0.0,4
2902267,20.977,62.715,2019-03-22T14:09:39Z,0.0,0.0,0.0,4
2902267,20.977,62.715,2019-03-22T14:09:39Z,0.0,0.0,0.0,4
2902267,20.977,62.715,2019-03-22T14:09:39Z,0.0,0.0,0.0,4
2902267,20.977,62.715,2019-03-22T14:09:39Z,0.0,0.0,0.0,4
2902267,20.977,62.715,2019-03-22T14:09:39Z,0.0,0.0,0.0,4
2902267,20.977,62.715,2019-03-22T14:09:39Z,0.0,0.0,0.0,4
2902267,20.977,62.715,2019-03-22T14:09:39Z,0.0,0.0,0.0,4
2902267,20.977,62.715,2019-03-22T14:09:39Z,0.0,0.0,0.0,4
2902267,20.977,62.715,2019-03-22T14:09:39Z,0.0,0.0,0.0,4
2902267,20.977,62.715,2019-03-22T14:09:39Z,0.0,0.0,0.0,4
2902267,20.977,62.715,2019-03-22T14:09:39Z,0.0,0.0,0.0,4
2902267,20.977,62.715,2019-03-22T14:09:39Z,0.0,0.0,0.0,4
2902267,20.977,62.715,2019-03-22T14:09:39Z,0.0,0.0,0.0,4
2902267,20.977,62.715,2019-03-22T14:09:39Z,26.375,35.884,1.0,4
2902267,20.977,62.715,2019-03-22T14:09:39Z,25.745,36.355,2.0,4
2902267,20.977,62.715,2019-03-22T14:09:39Z,25.686,36.384,3.0,4
2902267,20.977,62.715,2019-03-22T14:09:39Z,25.636,36.431,4.0,1
2902267,20.977,62.715,2019-03-22T14:09:39Z,25.6,36.446,5.0,1
2902267,20.977,62.715,2019-03-22T14:09:39Z,25.561,36.445,6.0,1
2902156,2.778,79.881,2019-03-22T17:07:07Z,30.552,34.791,4.1,1
2902156,2.778,79.881,2019-03-22T17:07:07Z,30.55,34.791,6.0,1
2902156,2.778,79.881,2019-03-22T17:07:07Z,0.0,0.0,0.0,4
2902118,13.219201666666667,66.28819166666666,2019-03-23T11:15:00Z,28.846,35.144,5.4,1
2902118,13.219201666666667,66.28819166666666,2019-03-23T11:15:00Z,28.821,35.139,6.0,1
2902268,18.56,64.777,2019-03-23T14:56:29Z,0.0,0.0,0.0,4
2902268,18.56,64.777,2019-03-23T14:56:29Z,0.0,0.0,0.0,4
2902268,18.56,64.777,2019-03-23T14:56:29Z,0.0,0.0,0.0,4
2902268,18.56,64.777,2019-03-23T14:56:29Z,0.0,0.0,0.0,4
2902268,18.56,64.777,2019-03-23T14:56:29Z,0.0,0.0,0.0,4
2902268,18.56,64.777,2019-03-23T14:56:29Z,0.0,0.0,0.0,4
2902268,18.56,64.777,2019-03-23T14:56:29Z,0.0,0.0,0.0,4
2902268,18.56,64.777,2019-03-23T14:56:29Z,0.0,0.0,0.0,4
2902268,18.56,64.777,2019-03-23T14:56:29Z,0.0,0.0,0.0,4
2902268,18.56,64.777,2019-03-23T14:56:29Z,0.0,0.0,0.0,4
2902268,18.56,64.777,2019-03-23T14:56:29Z,0.0,0.0,0.0,4
2902268,18.56,64.777,2019-03-23T14:56:29Z,0.0,0.0,0.0,4
2902268,18.56,64.777,2019-03-23T14:56:29Z,0.0,0.0,0.0,4
2902268,18.56,64.777,2019-03-23T14:56:29Z,0.0,0.0,0.0,4
2902268,18.56,64.777,2019-03-23T14:56:29Z,0.0,0.0,0.0,4
2902268,18.56,64.777,2019-03-23T14:56:29Z,0.0,0.0,0.0,4
2902268,18.56,64.777,2019-03-23T14:56:29Z,0.0,0.0,0.0,4
2902268,18.56,64.777,2019-03-23T14:56:29Z,0.0,0.0,0.0,4
2902268,18.56,64.777,2019-03-23T14:56:29Z,0.0,0.0,0.0,4
2902268,18.56,64.777,2019-03-23T14:56:29Z,0.0,0.0,0.0,4
2902268,18.56,64.777,2019-03-23T14:56:29Z,0.0,0.0,0.0,4
2902268,18.56,64.777,2019-03-23T14:56:29Z,0.0,0.0,0.0,4
2902268,18.56,64.777,2019-03-23T14:56:29Z,0.0,0.0,0.0,4
2902268,18.56,64.777,2019-03-23T14:56:29Z,0.0,0.0,0.0,4
2902268,18.56,64.777,2019-03-23T14:56:29Z,0.0,0.0,0.0,4
2902268,18.56,64.777,2019-03-23T14:56:29Z,0.0,0.0,0.0,4
2902268,18.56,64.777,2019-03-23T14:56:29Z,0.0,0.0,0.0,4
2902268,18.56,64.777,2019-03-23T14:56:29Z,0.0,0.0,0.0,4
2902268,18.56,64.777,2019-03-23T14:56:29Z,0.0,0.0,0.0,4
2902268,18.56,64.777,2019-03-23T14:56:29Z,0.0,0.0,0.0,4
2902268,18.56,64.777,2019-03-23T14:56:29Z,0.0,0.0,0.0,4
2902268,18.56,64.777,2019-03-23T14:56:29Z,0.0,0.0,0.0,4
2902268,18.56,64.777,2019-03-23T14:56:29Z,0.0,0.0,0.0,4
2902268,18.56,64.777,2019-03-23T14:56:29Z,0.0,0.0,0.0,4
2902268,18.56,64.777,2019-03-23T14:56:29Z,0.0,0.0,0.0,4
2902268,18.56,64.777,2019-03-23T14:56:29Z,0.0,0.0,0.0,4
2902268,18.56,64.777,2019-03-23T14:56:29Z,0.0,0.0,0.0,4
2902268,18.56,64.777,2019-03-23T14:56:29Z,0.0,0.0,0.0,4
2902268,18.56,64.777,2019-03-23T14:56:29Z,0.0,0.0,0.0,4
2902268,18.56,64.777,2019-03-23T14:56:29Z,0.0,0.0,0.0,4
2902268,18.56,64.777,2019-03-23T14:56:29Z,0.0,0.0,0.0,4
2902268,18.56,64.777,2019-03-23T14:56:29Z,0.0,0.0,0.0,4
2902268,18.56,64.777,2019-03-23T14:56:29Z,0.0,0.0,0.0,4
2902268,18.56,64.777,2019-03-23T14:56:29Z,0.0,0.0,0.0,4
2902268,18.56,64.777,2019-03-23T14:56:29Z,0.0,0.0,0.0,4
2902268,18.56,64.777,2019-03-23T14:56:29Z,0.0,0.0,0.0,4
2902268,18.56,64.777,2019-03-23T14:56:29Z,0.0,0.0,0.0,4
2902268,18.56,64.777,2019-03-23T14:56:29Z,0.0,0.0,0.0,4
2902268,18.56,64.777,2019-03-23T14:56:29Z,0.0,0.0,0.0,4
2902268,18.56,64.777,2019-03-23T14:56:29Z,0.0,0.0,0.0,4
2902268,18.56,64.777,2019-03-23T14:56:29Z,0.0,0.0,0.0,4
2902268,18.56,64.777,2019-03-23T14:56:29Z,0.0,0.0,0.0,4
2902268,18.56,64.777,2019-03-23T14:56:29Z,0.0,0.0,0.0,4
2902268,18.56,64.777,2019-03-23T14:56:29Z,0.0,0.0,0.0,4
2902268,18.56,64.777,2019-03-23T14:56:29Z,0.0,0.0,0.0,4
2902268,18.56,64.777,2019-03-23T14:56:29Z,0.0,0.0,0.0,4
2902268,18.56,64.777,2019-03-23T14:56:29Z,0.0,0.0,0.0,4
2902268,18.56,64.777,2019-03-23T14:56:29Z,0.0,0.0,0.0,4
2902268,18.56,64.777,2019-03-23T14:56:29Z,0.0,0.0,0.0,4
2902268,18.56,64.777,2019-03-23T14:56:29Z,0.0,0.0,0.0,4
2902268,18.56,64.777,2019-03-23T14:56:29Z,0.0,0.0,0.0,4
2902268,18.56,64.777,2019-03-23T14:56:29Z,0.0,0.0,0.0,4
2902268,18.56,64.777,2019-03-23T14:56:29Z,0.0,0.0,0.0,4
2902268,18.56,64.777,2019-03-23T14:56:29Z,0.0,0.0,0.0,4
2902268,18.56,64.777,2019-03-23T14:56:29Z,0.0,0.0,0.0,4
2902268,18.56,64.777,2019-03-23T14:56:29Z,0.0,0.0,0.0,4
2902268,18.56,64.777,2019-03-23T14:56:29Z,0.0,0.0,0.0,4
2902268,18.56,64.777,2019-03-23T14:56:29Z,0.0,0.0,0.0,4
2902268,18.56,64.777,2019-03-23T14:56:29Z,0.0,0.0,0.0,4
2902268,18.56,64.777,2019-03-23T14:56:29Z,0.0,0.0,0.0,4
2902268,18.56,64.777,2019-03-23T14:56:29Z,0.0,0.0,0.0,4
2902268,18.56,64.777,2019-03-23T14:56:29Z,0.0,0.0,0.0,4
2902268,18.56,64.777,2019-03-23T14:56:29Z,0.0,0.0,0.0,4
2902268,18.56,64.777,2019-03-23T14:56:29Z,0.0,0.0,0.0,4
2902268,18.56,64.777,2019-03-23T14:56:29Z,0.0,0.0,0.0,4
2902268,18.56,64.777,2019-03-23T14:56:29Z,0.0,0.0,0.0,4
2902268,18.56,64.777,2019-03-23T14:56:29Z,0.0,0.0,0.0,4
2902268,18.56,64.777,2019-03-23T14:56:29Z,0.0,0.0,0.0,4
2902268,18.56,64.777,2019-03-23T14:56:29Z,0.0,0.0,0.0,4
2902268,18.56,64.777,2019-03-23T14:56:29Z,0.0,0.0,0.0,4
2902268,18.56,64.777,2019-03-23T14:56:29Z,0.0,0.0,0.0,4
2902268,18.56,64.777,2019-03-23T14:56:29Z,0.0,0.0,0.0,4
2902268,18.56,64.777,2019-03-23T14:56:29Z,0.0,0.0,0.0,4
2902268,18.56,64.777,2019-03-23T14:56:29Z,0.0,0.0,0.0,4
2902268,18.56,64.777,2019-03-23T14:56:29Z,0.0,0.0,0.0,4
2902268,18.56,64.777,2019-03-23T14:56:29Z,0.0,0.0,0.0,4
2902268,18.56,64.777,2019-03-23T14:56:29Z,0.0,0.0,0.0,4
2902268,18.56,64.777,2019-03-23T14:56:29Z,0.0,0.0,0.0,4
2902268,18.56,64.777,2019-03-23T14:56:29Z,0.0,0.0,0.0,4
2902268,18.56,64.777,2019-03-23T14:56:29Z,0.0,0.0,0.0,4
2902268,18.56,64.777,2019-03-23T14:56:29Z,0.0,0.0,0.0,4
2902268,18.56,64.777,2019-03-23T14:56:29Z,0.0,0.0,0.0,4
2902268,18.56,64.777,2019-03-23T14:56:29Z,0.0,0.0,0.0,4
2902268,18.56,64.777,2019-03-23T14:56:29Z,0.0,0.0,0.0,4
2902268,18.56,64.777,2019-03-23T14:56:29Z,0.0,0.0,0.0,4
2902268,18.56,64.777,2019-03-23T14:56:29Z,0.0,0.0,0.0,4
2902268,18.56,64.777,2019-03-23T14:56:29Z,0.0,0.0,0.0,4
2902268,18.56,64.777,2019-03-23T14:56:29Z,0.0,0.0,0.0,4
2902268,18.56,64.777,2019-03-23T14:56:29Z,0.0,0.0,0.0,4
2902268,18.56,64.777,2019-03-23T14:56:29Z,0.0,0.0,0.0,4
2902268,18.56,64.777,2019-03-23T14:56:29Z,0.0,0.0,0.0,4
2902268,18.56,64.777,2019-03-23T14:56:29Z,0.0,0.0,0.0,4
2902268,18.56,64.777,2019-03-23T14:56:29Z,0.0,0.0,0.0,4
2902268,18.56,64.777,2019-03-23T14:56:29Z,0.0,0.0,0.0,4
2902268,18.56,64.777,2019-03-23T14:56:29Z,0.0,0.0,0.0,4
2902268,18.56,64.777,2019-03-23T14:56:29Z,0.0,0.0,0.0,4
2902268,18.56,64.777,2019-03-23T14:56:29Z,0.0,0.0,0.0,4
2902268,18.56,64.777,2019-03-23T14:56:29Z,0.0,0.0,0.0,4
2902268,18.56,64.777,2019-03-23T14:56:29Z,0.0,0.0,0.0,4
2902268,18.56,64.777,2019-03-23T14:56:29Z,0.0,0.0,0.0,4
2902268,18.56,64.777,2019-03-23T14:56:29Z,0.0,0.0,0.0,4
2902268,18.56,64.777,2019-03-23T14:56:29Z,0.0,0.0,0.0,4
2902268,18.56,64.777,2019-03-23T14:56:29Z,0.0,0.0,0.0,4
2902268,18.56,64.777,2019-03-23T14:56:29Z,0.0,0.0,0.0,4
2902268,18.56,64.777,2019-03-23T14:56:29Z,0.0,0.0,0.0,4
2902268,18.56,64.777,2019-03-23T14:56:29Z,0.0,0.0,0.0,4
2902268,18.56,64.777,2019-03-23T14:56:29Z,0.0,0.0,0.0,4
2902268,18.56,64.777,2019-03-23T14:56:29Z,0.0,0.0,0.0,4
2902268,18.56,64.777,2019-03-23T14:56:29Z,0.0,0.0,0.0,4
2902268,18.56,64.777,2019-03-23T14:56:29Z,0.0,0.0,0.0,4
2902268,18.56,64.777,2019-03-23T14:56:29Z,0.0,0.0,0.0,4
2902268,18.56,64.777,2019-03-23T14:56:29Z,0.0,0.0,0.0,4
2902268,18.56,64.777,2019-03-23T14:56:29Z,0.0,0.0,0.0,4
2902268,18.56,64.777,2019-03-23T14:56:29Z,0.0,0.0,0.0,4
2902268,18.56,64.777,2019-03-23T14:56:29Z,0.0,0.0,0.0,4
2902268,18.56,64.777,2019-03-23T14:56:29Z,0.0,0.0,0.0,4
2902268,18.56,64.777,2019-03-23T14:56:29Z,0.0,0.0,0.0,4
2902268,18.56,64.777,2019-03-23T14:56:29Z,0.0,0.0,0.0,4
2902268,18.56,64.777,2019-03-23T14:56:29Z,0.0,0.0,0.0,4
2902268,18.56,64.777,2019-03-23T14:56:29Z,0.0,0.0,0.0,4
2902268,18.56,64.777,2019-03-23T14:56:29Z,0.0,0.0,0.0,4
2902268,18.56,64.777,2019-03-23T14:56:29Z,0.0,0.0,0.0,4
2902268,18.56,64.777,2019-03-23T14:56:29Z,0.0,0.0,0.0,4
2902268,18.56,64.777,2019-03-23T14:56:29Z,0.0,0.0,0.0,4
2902268,18.56,64.777,2019-03-23T14:56:29Z,0.0,0.0,0.0,4
2902268,18.56,64.777,2019-03-23T14:56:29Z,0.0,0.0,0.0,4
2902268,18.56,64.777,2019-03-23T14:56:29Z,0.0,0.0,0.0,4
2902268,18.56,64.777,2019-03-23T14:56:29Z,0.0,0.0,0.0,4
2902268,18.56,64.777,2019-03-23T14:56:29Z,0.0,0.0,0.0,4
2902268,18.56,64.777,2019-03-23T14:56:29Z,0.0,0.0,0.0,4
2902268,18.56,64.777,2019-03-23T14:56:29Z,0.0,0.0,0.0,4
2902268,18.56,64.777,2019-03-23T14:56:29Z,0.0,0.0,0.0,4
2902268,18.56,64.777,2019-03-23T14:56:29Z,0.0,0.0,0.0,4
2902268,18.56,64.777,2019-03-23T14:56:29Z,0.0,0.0,0.0,4
2902268,18.56,64.777,2019-03-23T14:56:29Z,0.0,0.0,0.0,4
2902268,18.56,64.777,2019-03-23T14:56:29Z,0.0,0.0,0.0,4
2902268,18.56,64.777,2019-03-23T14:56:29Z,0.0,0.0,0.0,4
2902268,18.56,64.777,2019-03-23T14:56:29Z,0.0,0.0,0.0,4
2902268,18.56,64.777,2019-03-23T14:56:29Z,0.0,0.0,0.0,4
2902268,18.56,64.777,2019-03-23T14:56:29Z,0.0,0.0,0.0,4
2902268,18.56,64.777,2019-03-23T14:56:29Z,0.0,0.0,0.0,4
2902268,18.56,64.777,2019-03-23T14:56:29Z,0.0,0.0,0.0,4
2902268,18.56,64.777,2019-03-23T14:56:29Z,0.0,0.0,0.0,4
2902268,18.56,64.777,2019-03-23T14:56:29Z,0.0,0.0,0.0,4
2902268,18.56,64.777,2019-03-23T14:56:29Z,0.0,0.0,0.0,4
2902268,18.56,64.777,2019-03-23T14:56:29Z,0.0,0.0,0.0,4
2902268,18.56,64.777,2019-03-23T14:56:29Z,0.0,0.0,0.0,4
2902268,18.56,64.777,2019-03-23T14:56:29Z,0.0,0.0,0.0,4
2902268,18.56,64.777,2019-03-23T14:56:29Z,0.0,0.0,0.0,4
2902268,18.56,64.777,2019-03-23T14:56:29Z,0.0,0.0,0.0,4
2902268,18.56,64.777,2019-03-23T14:56:29Z,0.0,0.0,0.0,4
2902268,18.56,64.777,2019-03-23T14:56:29Z,0.0,0.0,0.0,4
2902268,18.56,64.777,2019-03-23T14:56:29Z,0.0,0.0,0.0,4
2902268,18.56,64.777,2019-03-23T14:56:29Z,0.0,0.0,0.0,4
2902268,18.56,64.777,2019-03-23T14:56:29Z,0.0,0.0,0.0,4
2902268,18.56,64.777,2019-03-23T14:56:29Z,0.0,0.0,0.0,4
2902268,18.56,64.777,2019-03-23T14:56:29Z,0.0,0.0,0.0,4
2902268,18.56,64.777,2019-03-23T14:56:29Z,0.0,0.0,0.0,4
2902268,18.56,64.777,2019-03-23T14:56:29Z,0.0,0.0,0.0,4
2902268,18.56,64.777,2019-03-23T14:56:29Z,0.0,0.0,0.0,4
2902268,18.56,64.777,2019-03-23T14:56:29Z,0.0,0.0,0.0,4
2902268,18.56,64.777,2019-03-23T14:56:29Z,0.0,0.0,0.0,4
2902268,18.56,64.777,2019-03-23T14:56:29Z,0.0,0.0,0.0,4
2902268,18.56,64.777,2019-03-23T14:56:29Z,0.0,0.0,0.0,4
2902268,18.56,64.777,2019-03-23T14:56:29Z,0.0,0.0,0.0,4
2902268,18.56,64.777,2019-03-23T14:56:29Z,0.0,0.0,0.0,4
2902268,18.56,64.777,2019-03-23T14:56:29Z,0.0,0.0,0.0,4
2902268,18.56,64.777,2019-03-23T14:56:29Z,0.0,0.0,0.0,4
2902268,18.56,64.777,2019-03-23T14:56:29Z,0.0,0.0,0.0,4
2902268,18.56,64.777,2019-03-23T14:56:29Z,0.0,0.0,0.0,4
2902268,18.56,64.777,2019-03-23T14:56:29Z,0.0,0.0,0.0,4
2902268,18.56,64.777,2019-03-23T14:56:29Z,0.0,0.0,0.0,4
2902268,18.56,64.777,2019-03-23T14:56:29Z,0.0,0.0,0.0,4
2902268,18.56,64.777,2019-03-23T14:56:29Z,0.0,0.0,0.0,4
2902268,18.56,64.777,2019-03-23T14:56:29Z,0.0,0.0,0.0,4
2902268,18.56,64.777,2019-03-23T14:56:29Z,0.0,0.0,0.0,4
2902268,18.56,64.777,2019-03-23T14:56:29Z,0.0,0.0,0.0,4
2902268,18.56,64.777,2019-03-23T14:56:29Z,0.0,0.0,0.0,4
2902268,18.56,64.777,2019-03-23T14:56:29Z,0.0,0.0,0.0,4
2902268,18.56,64.777,2019-03-23T14:56:29Z,0.0,0.0,0.0,4
2902268,18.56,64.777,2019-03-23T14:56:29Z,0.0,0.0,0.0,4
2902268,18.56,64.777,2019-03-23T14:56:29Z,0.0,0.0,0.0,4
2902268,18.56,64.777,2019-03-23T14:56:29Z,0.0,0.0,0.0,4
2902268,18.56,64.777,2019-03-23T14:56:29Z,0.0,0.0,0.0,4
2902268,18.56,64.777,2019-03-23T14:56:29Z,0.0,0.0,0.0,4
2902268,18.56,64.777,2019-03-23T14:56:29Z,0.0,0.0,0.0,4
2902268,18.56,64.777,2019-03-23T14:56:29Z,0.0,0.0,0.0,4
2902268,18.56,64.777,2019-03-23T14:56:29Z,0.0,0.0,0.0,4
2902268,18.56,64.777,2019-03-23T14:56:29Z,0.0,0.0,0.0,4
2902268,18.56,64.777,2019-03-23T14:56:29Z,0.0,0.0,0.0,4
2902268,18.56,64.777,2019-03-23T14:56:29Z,0.0,0.0,0.0,4
2902268,18.56,64.777,2019-03-23T14:56:29Z,0.0,0.0,0.0,4
2902268,18.56,64.777,2019-03-23T14:56:29Z,0.0,0.0,0.0,4
2902268,18.56,64.777,2019-03-23T14:56:29Z,0.0,0.0,0.0,4
2902268,18.56,64.777,2019-03-23T14:56:29Z,0.0,0.0,0.0,4
2902268,18.56,64.777,2019-03-23T14:56:29Z,0.0,0.0,0.0,4
2902268,18.56,64.777,2019-03-23T14:56:29Z,0.0,0.0,0.0,4
2902268,18.56,64.777,2019-03-23T14:56:29Z,0.0,0.0,0.0,4
2902268,18.56,64.777,2019-03-23T14:56:29Z,0.0,0.0,0.0,4
2902268,18.56,64.777,2019-03-23T14:56:29Z,0.0,0.0,0.0,4
2902268,18.56,64.777,2019-03-23T14:56:29Z,0.0,0.0,0.0,4
2902268,18.56,64.777,2019-03-23T14:56:29Z,0.0,0.0,0.0,4
2902268,18.56,64.777,2019-03-23T14:56:29Z,0.0,0.0,0.0,4
2902268,18.56,64.777,2019-03-23T14:56:29Z,27.091,36.081,1.0,4
2902268,18.56,64.777,2019-03-23T14:56:29Z,26.802,36.123,2.0,4
2902268,18.56,64.777,2019-03-23T14:56:29Z,26.388,36.4,3.0,4
2902268,18.56,64.777,2019-03-23T14:56:29Z,26.302,36.47,4.0,1
2902268,18.56,64.777,2019-03-23T14:56:29Z,26.248,36.505,5.0,1
2902268,18.56,64.777,2019-03-23T14:56:29Z,26.203,36.504,6.0,1
2902203,17.484,63.788,2019-03-23T14:56:32Z,26.253,38.603,4.3,4
2902245,2.2126566666666667,90.62639166666666,2019-03-23T17:25:00Z,30.554,34.744,5.5,1
2902244,1.3008016666666666,74.31316166666667,2019-03-23T17:32:00Z,30.407,34.686,5.4,1
2902261,16.073,66.165,2019-03-23T17:50:29Z,0.0,0.0,0.0,4
2902261,16.073,66.165,2019-03-23T17:50:29Z,0.0,0.0,0.0,4
2902261,16.073,66.165,2019-03-23T17:50:29Z,0.0,0.0,0.0,4
2902261,16.073,66.165,2019-03-23T17:50:29Z,0.0,0.0,0.0,4
2902261,16.073,66.165,2019-03-23T17:50:29Z,0.0,0.0,0.0,4
2902261,16.073,66.165,2019-03-23T17:50:29Z,0.0,0.0,0.0,4
2902261,16.073,66.165,2019-03-23T17:50:29Z,0.0,0.0,0.0,4
2902261,16.073,66.165,2019-03-23T17:50:29Z,0.0,0.0,0.0,4
2902261,16.073,66.165,2019-03-23T17:50:29Z,0.0,0.0,0.0,4
2902261,16.073,66.165,2019-03-23T17:50:29Z,0.0,0.0,0.0,4
2902261,16.073,66.165,2019-03-23T17:50:29Z,0.0,0.0,0.0,4
2902261,16.073,66.165,2019-03-23T17:50:29Z,0.0,0.0,0.0,4
2902261,16.073,66.165,2019-03-23T17:50:29Z,0.0,0.0,0.0,4
2902261,16.073,66.165,2019-03-23T17:50:29Z,0.0,0.0,0.0,4
2902261,16.073,66.165,2019-03-23T17:50:29Z,0.0,0.0,0.0,4
2902261,16.073,66.165,2019-03-23T17:50:29Z,0.0,0.0,0.0,4
2902261,16.073,66.165,2019-03-23T17:50:29Z,0.0,0.0,0.0,4
2902261,16.073,66.165,2019-03-23T17:50:29Z,0.0,0.0,0.0,4
2902261,16.073,66.165,2019-03-23T17:50:29Z,0.0,0.0,0.0,4
2902261,16.073,66.165,2019-03-23T17:50:29Z,0.0,0.0,0.0,4
2902261,16.073,66.165,2019-03-23T17:50:29Z,0.0,0.0,0.0,4
2902261,16.073,66.165,2019-03-23T17:50:29Z,0.0,0.0,0.0,4
2902261,16.073,66.165,2019-03-23T17:50:29Z,0.0,0.0,0.0,4
2902261,16.073,66.165,2019-03-23T17:50:29Z,0.0,0.0,0.0,4
2902261,16.073,66.165,2019-03-23T17:50:29Z,0.0,0.0,0.0,4
2902261,16.073,66.165,2019-03-23T17:50:29Z,0.0,0.0,0.0,4
2902261,16.073,66.165,2019-03-23T17:50:29Z,0.0,0.0,0.0,4
2902261,16.073,66.165,2019-03-23T17:50:29Z,0.0,0.0,0.0,4
2902261,16.073,66.165,2019-03-23T17:50:29Z,0.0,0.0,0.0,4
2902261,16.073,66.165,2019-03-23T17:50:29Z,0.0,0.0,0.0,4
2902261,16.073,66.165,2019-03-23T17:50:29Z,0.0,0.0,0.0,4
2902261,16.073,66.165,2019-03-23T17:50:29Z,0.0,0.0,0.0,4
2902261,16.073,66.165,2019-03-23T17:50:29Z,0.0,0.0,0.0,4
2902261,16.073,66.165,2019-03-23T17:50:29Z,0.0,0.0,0.0,4
2902261,16.073,66.165,2019-03-23T17:50:29Z,0.0,0.0,0.0,4
2902261,16.073,66.165,2019-03-23T17:50:29Z,0.0,0.0,0.0,4
2902261,16.073,66.165,2019-03-23T17:50:29Z,0.0,0.0,0.0,4
2902261,16.073,66.165,2019-03-23T17:50:29Z,0.0,0.0,0.0,4
2902261,16.073,66.165,2019-03-23T17:50:29Z,0.0,0.0,0.0,4
2902261,16.073,66.165,2019-03-23T17:50:29Z,0.0,0.0,0.0,4
2902261,16.073,66.165,2019-03-23T17:50:29Z,0.0,0.0,0.0,4
2902261,16.073,66.165,2019-03-23T17:50:29Z,0.0,0.0,0.0,4
2902261,16.073,66.165,2019-03-23T17:50:29Z,0.0,0.0,0.0,4
2902261,16.073,66.165,2019-03-23T17:50:29Z,0.0,0.0,0.0,4
2902261,16.073,66.165,2019-03-23T17:50:29Z,0.0,0.0,0.0,4
2902261,16.073,66.165,2019-03-23T17:50:29Z,0.0,0.0,0.0,4
2902261,16.073,66.165,2019-03-23T17:50:29Z,0.0,0.0,0.0,4
2902261,16.073,66.165,2019-03-23T17:50:29Z,0.0,0.0,0.0,4
2902261,16.073,66.165,2019-03-23T17:50:29Z,0.0,0.0,0.0,4
2902261,16.073,66.165,2019-03-23T17:50:29Z,0.0,0.0,0.0,4
2902261,16.073,66.165,2019-03-23T17:50:29Z,0.0,0.0,0.0,4
2902261,16.073,66.165,2019-03-23T17:50:29Z,0.0,0.0,0.0,4
2902261,16.073,66.165,2019-03-23T17:50:29Z,0.0,0.0,0.0,4
2902261,16.073,66.165,2019-03-23T17:50:29Z,0.0,0.0,0.0,4
2902261,16.073,66.165,2019-03-23T17:50:29Z,0.0,0.0,0.0,4
2902261,16.073,66.165,2019-03-23T17:50:29Z,0.0,0.0,0.0,4
2902261,16.073,66.165,2019-03-23T17:50:29Z,0.0,0.0,0.0,4
2902261,16.073,66.165,2019-03-23T17:50:29Z,0.0,0.0,0.0,4
2902261,16.073,66.165,2019-03-23T17:50:29Z,0.0,0.0,0.0,4
2902261,16.073,66.165,2019-03-23T17:50:29Z,0.0,0.0,0.0,4
2902261,16.073,66.165,2019-03-23T17:50:29Z,0.0,0.0,0.0,4
2902261,16.073,66.165,2019-03-23T17:50:29Z,0.0,0.0,0.0,4
2902261,16.073,66.165,2019-03-23T17:50:29Z,0.0,0.0,0.0,4
2902261,16.073,66.165,2019-03-23T17:50:29Z,0.0,0.0,0.0,4
2902261,16.073,66.165,2019-03-23T17:50:29Z,0.0,0.0,0.0,4
2902261,16.073,66.165,2019-03-23T17:50:29Z,0.0,0.0,0.0,4
2902261,16.073,66.165,2019-03-23T17:50:29Z,0.0,0.0,0.0,4
2902261,16.073,66.165,2019-03-23T17:50:29Z,0.0,0.0,0.0,4
2902261,16.073,66.165,2019-03-23T17:50:29Z,0.0,0.0,0.0,4
2902261,16.073,66.165,2019-03-23T17:50:29Z,0.0,0.0,0.0,4
2902261,16.073,66.165,2019-03-23T17:50:29Z,0.0,0.0,0.0,4
2902261,16.073,66.165,2019-03-23T17:50:29Z,0.0,0.0,0.0,4
2902261,16.073,66.165,2019-03-23T17:50:29Z,0.0,0.0,0.0,4
2902261,16.073,66.165,2019-03-23T17:50:29Z,0.0,0.0,0.0,4
2902261,16.073,66.165,2019-03-23T17:50:29Z,0.0,0.0,0.0,4
2902261,16.073,66.165,2019-03-23T17:50:29Z,0.0,0.0,0.0,4
2902261,16.073,66.165,2019-03-23T17:50:29Z,0.0,0.0,0.0,4
2902261,16.073,66.165,2019-03-23T17:50:29Z,0.0,0.0,0.0,4
2902261,16.073,66.165,2019-03-23T17:50:29Z,0.0,0.0,0.0,4
2902261,16.073,66.165,2019-03-23T17:50:29Z,0.0,0.0,0.0,4
2902261,16.073,66.165,2019-03-23T17:50:29Z,0.0,0.0,0.0,4
2902261,16.073,66.165,2019-03-23T17:50:29Z,0.0,0.0,0.0,4
2902261,16.073,66.165,2019-03-23T17:50:29Z,0.0,0.0,0.0,4
2902261,16.073,66.165,2019-03-23T17:50:29Z,0.0,0.0,0.0,4
2902261,16.073,66.165,2019-03-23T17:50:29Z,0.0,0.0,0.0,4
2902261,16.073,66.165,2019-03-23T17:50:29Z,0.0,0.0,0.0,4
2902261,16.073,66.165,2019-03-23T17:50:29Z,0.0,0.0,0.0,4
2902261,16.073,66.165,2019-03-23T17:50:29Z,0.0,0.0,0.0,4
2902261,16.073,66.165,2019-03-23T17:50:29Z,0.0,0.0,0.0,4
2902261,16.073,66.165,2019-03-23T17:50:29Z,0.0,0.0,0.0,4
2902261,16.073,66.165,2019-03-23T17:50:29Z,0.0,0.0,0.0,4
2902261,16.073,66.165,2019-03-23T17:50:29Z,0.0,0.0,0.0,4
2902261,16.073,66.165,2019-03-23T17:50:29Z,0.0,0.0,0.0,4
2902261,16.073,66.165,2019-03-23T17:50:29Z,0.0,0.0,0.0,4
2902261,16.073,66.165,2019-03-23T17:50:29Z,0.0,0.0,0.0,4
2902261,16.073,66.165,2019-03-23T17:50:29Z,0.0,0.0,0.0,4
2902261,16.073,66.165,2019-03-23T17:50:29Z,0.0,0.0,0.0,4
2902261,16.073,66.165,2019-03-23T17:50:29Z,0.0,0.0,0.0,4
2902261,16.073,66.165,2019-03-23T17:50:29Z,0.0,0.0,0.0,4
2902261,16.073,66.165,2019-03-23T17:50:29Z,0.0,0.0,0.0,4
2902261,16.073,66.165,2019-03-23T17:50:29Z,0.0,0.0,0.0,4
2902261,16.073,66.165,2019-03-23T17:50:29Z,0.0,0.0,0.0,4
2902261,16.073,66.165,2019-03-23T17:50:29Z,0.0,0.0,0.0,4
2902261,16.073,66.165,2019-03-23T17:50:29Z,0.0,0.0,0.0,4
2902261,16.073,66.165,2019-03-23T17:50:29Z,0.0,0.0,0.0,4
2902261,16.073,66.165,2019-03-23T17:50:29Z,0.0,0.0,0.0,4
2902261,16.073,66.165,2019-03-23T17:50:29Z,0.0,0.0,0.0,4
2902261,16.073,66.165,2019-03-23T17:50:29Z,0.0,0.0,0.0,4
2902261,16.073,66.165,2019-03-23T17:50:29Z,0.0,0.0,0.0,4
2902261,16.073,66.165,2019-03-23T17:50:29Z,0.0,0.0,0.0,4
2902261,16.073,66.165,2019-03-23T17:50:29Z,0.0,0.0,0.0,4
2902261,16.073,66.165,2019-03-23T17:50:29Z,0.0,0.0,0.0,4
2902261,16.073,66.165,2019-03-23T17:50:29Z,0.0,0.0,0.0,4
2902261,16.073,66.165,2019-03-23T17:50:29Z,0.0,0.0,0.0,4
2902261,16.073,66.165,2019-03-23T17:50:29Z,0.0,0.0,0.0,4
2902261,16.073,66.165,2019-03-23T17:50:29Z,0.0,0.0,0.0,4
2902261,16.073,66.165,2019-03-23T17:50:29Z,0.0,0.0,0.0,4
2902261,16.073,66.165,2019-03-23T17:50:29Z,0.0,0.0,0.0,4
2902261,16.073,66.165,2019-03-23T17:50:29Z,0.0,0.0,0.0,4
2902261,16.073,66.165,2019-03-23T17:50:29Z,0.0,0.0,0.0,4
2902261,16.073,66.165,2019-03-23T17:50:29Z,0.0,0.0,0.0,4
2902261,16.073,66.165,2019-03-23T17:50:29Z,0.0,0.0,0.0,4
2902261,16.073,66.165,2019-03-23T17:50:29Z,0.0,0.0,0.0,4
2902261,16.073,66.165,2019-03-23T17:50:29Z,0.0,0.0,0.0,4
2902261,16.073,66.165,2019-03-23T17:50:29Z,0.0,0.0,0.0,4
2902261,16.073,66.165,2019-03-23T17:50:29Z,0.0,0.0,0.0,4
2902261,16.073,66.165,2019-03-23T17:50:29Z,0.0,0.0,0.0,4
2902261,16.073,66.165,2019-03-23T17:50:29Z,0.0,0.0,0.0,4
2902261,16.073,66.165,2019-03-23T17:50:29Z,0.0,0.0,0.0,4
2902261,16.073,66.165,2019-03-23T17:50:29Z,0.0,0.0,0.0,4
2902261,16.073,66.165,2019-03-23T17:50:29Z,0.0,0.0,0.0,4
2902261,16.073,66.165,2019-03-23T17:50:29Z,0.0,0.0,0.0,4
2902261,16.073,66.165,2019-03-23T17:50:29Z,0.0,0.0,0.0,4
2902261,16.073,66.165,2019-03-23T17:50:29Z,0.0,0.0,0.0,4
2902261,16.073,66.165,2019-03-23T17:50:29Z,0.0,0.0,0.0,4
2902261,16.073,66.165,2019-03-23T17:50:29Z,0.0,0.0,0.0,4
2902261,16.073,66.165,2019-03-23T17:50:29Z,0.0,0.0,0.0,4
2902261,16.073,66.165,2019-03-23T17:50:29Z,0.0,0.0,0.0,4
2902261,16.073,66.165,2019-03-23T17:50:29Z,0.0,0.0,0.0,4
2902261,16.073,66.165,2019-03-23T17:50:29Z,0.0,0.0,0.0,4
2902261,16.073,66.165,2019-03-23T17:50:29Z,0.0,0.0,0.0,4
2902261,16.073,66.165,2019-03-23T17:50:29Z,0.0,0.0,0.0,4
2902261,16.073,66.165,2019-03-23T17:50:29Z,0.0,0.0,0.0,4
2902261,16.073,66.165,2019-03-23T17:50:29Z,0.0,0.0,0.0,4
2902261,16.073,66.165,2019-03-23T17:50:29Z,0.0,0.0,0.0,4
2902261,16.073,66.165,2019-03-23T17:50:29Z,0.0,0.0,0.0,4
2902261,16.073,66.165,2019-03-23T17:50:29Z,0.0,0.0,0.0,4
2902261,16.073,66.165,2019-03-23T17:50:29Z,0.0,0.0,0.0,4
2902261,16.073,66.165,2019-03-23T17:50:29Z,0.0,0.0,0.0,4
2902261,16.073,66.165,2019-03-23T17:50:29Z,0.0,0.0,0.0,4
2902261,16.073,66.165,2019-03-23T17:50:29Z,0.0,0.0,0.0,4
2902261,16.073,66.165,2019-03-23T17:50:29Z,0.0,0.0,0.0,4
2902261,16.073,66.165,2019-03-23T17:50:29Z,0.0,0.0,0.0,4
2902261,16.073,66.165,2019-03-23T17:50:29Z,0.0,0.0,0.0,4
2902261,16.073,66.165,2019-03-23T17:50:29Z,0.0,0.0,0.0,4
2902261,16.073,66.165,2019-03-23T17:50:29Z,0.0,0.0,0.0,4
2902261,16.073,66.165,2019-03-23T17:50:29Z,0.0,0.0,0.0,4
2902261,16.073,66.165,2019-03-23T17:50:29Z,0.0,0.0,0.0,4
2902261,16.073,66.165,2019-03-23T17:50:29Z,0.0,0.0,0.0,4
2902261,16.073,66.165,2019-03-23T17:50:29Z,0.0,0.0,0.0,4
2902261,16.073,66.165,2019-03-23T17:50:29Z,0.0,0.0,0.0,4
2902261,16.073,66.165,2019-03-23T17:50:29Z,0.0,0.0,0.0,4
2902261,16.073,66.165,2019-03-23T17:50:29Z,0.0,0.0,0.0,4
2902261,16.073,66.165,2019-03-23T17:50:29Z,0.0,0.0,0.0,4
2902261,16.073,66.165,2019-03-23T17:50:29Z,0.0,0.0,0.0,4
2902261,16.073,66.165,2019-03-23T17:50:29Z,0.0,0.0,0.0,4
2902261,16.073,66.165,2019-03-23T17:50:29Z,0.0,0.0,0.0,4
2902261,16.073,66.165,2019-03-23T17:50:29Z,0.0,0.0,0.0,4
2902261,16.073,66.165,2019-03-23T17:50:29Z,0.0,0.0,0.0,4
2902261,16.073,66.165,2019-03-23T17:50:29Z,0.0,0.0,0.0,4
2902261,16.073,66.165,2019-03-23T17:50:29Z,0.0,0.0,0.0,4
2902261,16.073,66.165,2019-03-23T17:50:29Z,0.0,0.0,0.0,4
2902261,16.073,66.165,2019-03-23T17:50:29Z,0.0,0.0,0.0,4
2902261,16.073,66.165,2019-03-23T17:50:29Z,0.0,0.0,0.0,4
2902261,16.073,66.165,2019-03-23T17:50:29Z,0.0,0.0,0.0,4
2902261,16.073,66.165,2019-03-23T17:50:29Z,0.0,0.0,0.0,4
2902261,16.073,66.165,2019-03-23T17:50:29Z,0.0,0.0,0.0,4
2902261,16.073,66.165,2019-03-23T17:50:29Z,0.0,0.0,0.0,4
2902261,16.073,66.165,2019-03-23T17:50:29Z,0.0,0.0,0.0,4
2902261,16.073,66.165,2019-03-23T17:50:29Z,0.0,0.0,0.0,4
2902261,16.073,66.165,2019-03-23T17:50:29Z,0.0,0.0,0.0,4
2902261,16.073,66.165,2019-03-23T17:50:29Z,0.0,0.0,0.0,4
2902261,16.073,66.165,2019-03-23T17:50:29Z,0.0,0.0,0.0,4
2902261,16.073,66.165,2019-03-23T17:50:29Z,0.0,0.0,0.0,4
2902261,16.073,66.165,2019-03-23T17:50:29Z,0.0,0.0,0.0,4
2902261,16.073,66.165,2019-03-23T17:50:29Z,0.0,0.0,0.0,4
2902261,16.073,66.165,2019-03-23T17:50:29Z,0.0,0.0,0.0,4
2902261,16.073,66.165,2019-03-23T17:50:29Z,0.0,0.0,0.0,4
2902261,16.073,66.165,2019-03-23T17:50:29Z,0.0,0.0,0.0,4
2902261,16.073,66.165,2019-03-23T17:50:29Z,0.0,0.0,0.0,4
2902261,16.073,66.165,2019-03-23T17:50:29Z,0.0,0.0,0.0,4
2902261,16.073,66.165,2019-03-23T17:50:29Z,0.0,0.0,0.0,4
2902261,16.073,66.165,2019-03-23T17:50:29Z,0.0,0.0,0.0,4
2902261,16.073,66.165,2019-03-23T17:50:29Z,0.0,0.0,0.0,4
2902261,16.073,66.165,2019-03-23T17:50:29Z,0.0,0.0,0.0,4
2902261,16.073,66.165,2019-03-23T17:50:29Z,0.0,0.0,0.0,4
2902261,16.073,66.165,2019-03-23T17:50:29Z,0.0,0.0,0.0,4
2902261,16.073,66.165,2019-03-23T17:50:29Z,0.0,0.0,0.0,4
2902261,16.073,66.165,2019-03-23T17:50:29Z,0.0,0.0,0.0,4
2902261,16.073,66.165,2019-03-23T17:50:29Z,0.0,0.0,0.0,4
2902261,16.073,66.165,2019-03-23T17:50:29Z,0.0,0.0,0.0,4
2902261,16.073,66.165,2019-03-23T17:50:29Z,0.0,0.0,0.0,4
2902261,16.073,66.165,2019-03-23T17:50:29Z,0.0,0.0,0.0,4
2902261,16.073,66.165,2019-03-23T17:50:29Z,0.0,0.0,0.0,4
2902261,16.073,66.165,2019-03-23T17:50:29Z,0.0,0.0,0.0,4
2902261,16.073,66.165,2019-03-23T17:50:29Z,0.0,0.0,0.0,4
2902261,16.073,66.165,2019-03-23T17:50:29Z,0.0,0.0,0.0,4
2902261,16.073,66.165,2019-03-23T17:50:29Z,0.0,0.0,0.0,4
2902261,16.073,66.165,2019-03-23T17:50:29Z,0.0,0.0,0.0,4
2902261,16.073,66.165,2019-03-23T17:50:29Z,0.0,0.0,0.0,4
2902261,16.073,66.165,2019-03-23T17:50:29Z,0.0,0.0,0.0,4
2902261,16.073,66.165,2019-03-23T17:50:29Z,0.0,0.0,0.0,4
2902261,16.073,66.165,2019-03-23T17:50:29Z,0.0,0.0,0.0,4
2902261,16.073,66.165,2019-03-23T17:50:29Z,0.0,0.0,0.0,4
2902261,16.073,66.165,2019-03-23T17:50:29Z,0.0,0.0,0.0,4
2902261,16.073,66.165,2019-03-23T17:50:29Z,0.0,0.0,0.0,4
2902261,16.073,66.165,2019-03-23T17:50:29Z,0.0,0.0,0.0,4
2902261,16.073,66.165,2019-03-23T17:50:29Z,0.0,0.0,0.0,4
2902261,16.073,66.165,2019-03-23T17:50:29Z,0.0,0.0,0.0,4
2902261,16.073,66.165,2019-03-23T17:50:29Z,0.0,0.0,0.0,4
2902261,16.073,66.165,2019-03-23T17:50:29Z,0.0,0.0,0.0,4
2902261,16.073,66.165,2019-03-23T17:50:29Z,0.0,0.0,0.0,4
2902261,16.073,66.165,2019-03-23T17:50:29Z,0.0,0.0,0.0,4
2902261,16.073,66.165,2019-03-23T17:50:29Z,0.0,0.0,0.0,4
2902261,16.073,66.165,2019-03-23T17:50:29Z,0.0,0.0,0.0,4
2902261,16.073,66.165,2019-03-23T17:50:29Z,0.0,0.0,0.0,4
2902261,16.073,66.165,2019-03-23T17:50:29Z,0.0,0.0,0.0,4
2902261,16.073,66.165,2019-03-23T17:50:29Z,0.0,0.0,0.0,4
2902261,16.073,66.165,2019-03-23T17:50:29Z,0.0,0.0,0.0,4
2902261,16.073,66.165,2019-03-23T17:50:29Z,0.0,0.0,0.0,4
2902261,16.073,66.165,2019-03-23T17:50:29Z,0.0,0.0,0.0,4
2902261,16.073,66.165,2019-03-23T17:50:29Z,0.0,0.0,0.0,4
2902261,16.073,66.165,2019-03-23T17:50:29Z,0.0,0.0,0.0,4
2902261,16.073,66.165,2019-03-23T17:50:29Z,0.0,0.0,0.0,4
2902261,16.073,66.165,2019-03-23T17:50:29Z,0.0,0.0,0.0,4
2902261,16.073,66.165,2019-03-23T17:50:29Z,27.406,36.281,1.0,4
2902261,16.073,66.165,2019-03-23T17:50:29Z,27.403,36.278,2.0,1
2902261,16.073,66.165,2019-03-23T17:50:29Z,27.401,36.277,3.0,1
2902261,16.073,66.165,2019-03-23T17:50:29Z,27.4,36.288,4.0,1
2902261,16.073,66.165,2019-03-23T17:50:29Z,27.382,36.306,5.0,1
2902261,16.073,66.165,2019-03-23T17:50:29Z,27.276,36.347,6.0,1
2902260,11.356,68.06,2019-03-23T17:53:08Z,0.0,0.0,0.0,4
2902260,11.356,68.06,2019-03-23T17:53:08Z,0.0,0.0,0.0,4
2902260,11.356,68.06,2019-03-23T17:53:08Z,0.0,0.0,0.0,4
2902260,11.356,68.06,2019-03-23T17:53:08Z,0.0,0.0,0.0,4
2902260,11.356,68.06,2019-03-23T17:53:08Z,0.0,0.0,0.0,4
2902260,11.356,68.06,2019-03-23T17:53:08Z,0.0,0.0,0.0,4
2902260,11.356,68.06,2019-03-23T17:53:08Z,0.0,0.0,0.0,4
2902260,11.356,68.06,2019-03-23T17:53:08Z,0.0,0.0,0.0,4
2902260,11.356,68.06,2019-03-23T17:53:08Z,0.0,0.0,0.0,4
2902260,11.356,68.06,2019-03-23T17:53:08Z,0.0,0.0,0.0,4
2902260,11.356,68.06,2019-03-23T17:53:08Z,0.0,0.0,0.0,4
2902260,11.356,68.06,2019-03-23T17:53:08Z,0.0,0.0,0.0,4
2902260,11.356,68.06,2019-03-23T17:53:08Z,0.0,0.0,0.0,4
2902260,11.356,68.06,2019-03-23T17:53:08Z,0.0,0.0,0.0,4
2902260,11.356,68.06,2019-03-23T17:53:08Z,0.0,0.0,0.0,4
2902260,11.356,68.06,2019-03-23T17:53:08Z,0.0,0.0,0.0,4
2902260,11.356,68.06,2019-03-23T17:53:08Z,0.0,0.0,0.0,4
2902260,11.356,68.06,2019-03-23T17:53:08Z,0.0,0.0,0.0,4
2902260,11.356,68.06,2019-03-23T17:53:08Z,0.0,0.0,0.0,4
2902260,11.356,68.06,2019-03-23T17:53:08Z,0.0,0.0,0.0,4
2902260,11.356,68.06,2019-03-23T17:53:08Z,0.0,0.0,0.0,4
2902260,11.356,68.06,2019-03-23T17:53:08Z,0.0,0.0,0.0,4
2902260,11.356,68.06,2019-03-23T17:53:08Z,0.0,0.0,0.0,4
2902260,11.356,68.06,2019-03-23T17:53:08Z,0.0,0.0,0.0,4
2902260,11.356,68.06,2019-03-23T17:53:08Z,0.0,0.0,0.0,4
2902260,11.356,68.06,2019-03-23T17:53:08Z,0.0,0.0,0.0,4
2902260,11.356,68.06,2019-03-23T17:53:08Z,0.0,0.0,0.0,4
2902260,11.356,68.06,2019-03-23T17:53:08Z,0.0,0.0,0.0,4
2902260,11.356,68.06,2019-03-23T17:53:08Z,0.0,0.0,0.0,4
2902260,11.356,68.06,2019-03-23T17:53:08Z,0.0,0.0,0.0,4
2902260,11.356,68.06,2019-03-23T17:53:08Z,0.0,0.0,0.0,4
2902260,11.356,68.06,2019-03-23T17:53:08Z,0.0,0.0,0.0,4
2902260,11.356,68.06,2019-03-23T17:53:08Z,0.0,0.0,0.0,4
2902260,11.356,68.06,2019-03-23T17:53:08Z,0.0,0.0,0.0,4
2902260,11.356,68.06,2019-03-23T17:53:08Z,0.0,0.0,0.0,4
2902260,11.356,68.06,2019-03-23T17:53:08Z,0.0,0.0,0.0,4
2902260,11.356,68.06,2019-03-23T17:53:08Z,0.0,0.0,0.0,4
2902260,11.356,68.06,2019-03-23T17:53:08Z,0.0,0.0,0.0,4
2902260,11.356,68.06,2019-03-23T17:53:08Z,0.0,0.0,0.0,4
2902260,11.356,68.06,2019-03-23T17:53:08Z,0.0,0.0,0.0,4
2902260,11.356,68.06,2019-03-23T17:53:08Z,0.0,0.0,0.0,4
2902260,11.356,68.06,2019-03-23T17:53:08Z,0.0,0.0,0.0,4
2902260,11.356,68.06,2019-03-23T17:53:08Z,0.0,0.0,0.0,4
2902260,11.356,68.06,2019-03-23T17:53:08Z,0.0,0.0,0.0,4
2902260,11.356,68.06,2019-03-23T17:53:08Z,0.0,0.0,0.0,4
2902260,11.356,68.06,2019-03-23T17:53:08Z,0.0,0.0,0.0,4
2902260,11.356,68.06,2019-03-23T17:53:08Z,0.0,0.0,0.0,4
2902260,11.356,68.06,2019-03-23T17:53:08Z,0.0,0.0,0.0,4
2902260,11.356,68.06,2019-03-23T17:53:08Z,0.0,0.0,0.0,4
2902260,11.356,68.06,2019-03-23T17:53:08Z,0.0,0.0,0.0,4
2902260,11.356,68.06,2019-03-23T17:53:08Z,0.0,0.0,0.0,4
2902260,11.356,68.06,2019-03-23T17:53:08Z,0.0,0.0,0.0,4
2902260,11.356,68.06,2019-03-23T17:53:08Z,0.0,0.0,0.0,4
2902260,11.356,68.06,2019-03-23T17:53:08Z,0.0,0.0,0.0,4
2902260,11.356,68.06,2019-03-23T17:53:08Z,0.0,0.0,0.0,4
2902260,11.356,68.06,2019-03-23T17:53:08Z,0.0,0.0,0.0,4
2902260,11.356,68.06,2019-03-23T17:53:08Z,0.0,0.0,0.0,4
2902260,11.356,68.06,2019-03-23T17:53:08Z,0.0,0.0,0.0,4
2902260,11.356,68.06,2019-03-23T17:53:08Z,0.0,0.0,0.0,4
2902260,11.356,68.06,2019-03-23T17:53:08Z,0.0,0.0,0.0,4
2902260,11.356,68.06,2019-03-23T17:53:08Z,0.0,0.0,0.0,4
2902260,11.356,68.06,2019-03-23T17:53:08Z,0.0,0.0,0.0,4
2902260,11.356,68.06,2019-03-23T17:53:08Z,0.0,0.0,0.0,4
2902260,11.356,68.06,2019-03-23T17:53:08Z,0.0,0.0,0.0,4
2902260,11.356,68.06,2019-03-23T17:53:08Z,0.0,0.0,0.0,4
2902260,11.356,68.06,2019-03-23T17:53:08Z,0.0,0.0,0.0,4
2902260,11.356,68.06,2019-03-23T17:53:08Z,0.0,0.0,0.0,4
2902260,11.356,68.06,2019-03-23T17:53:08Z,0.0,0.0,0.0,4
2902260,11.356,68.06,2019-03-23T17:53:08Z,0.0,0.0,0.0,4
2902260,11.356,68.06,2019-03-23T17:53:08Z,0.0,0.0,0.0,4
2902260,11.356,68.06,2019-03-23T17:53:08Z,0.0,0.0,0.0,4
2902260,11.356,68.06,2019-03-23T17:53:08Z,0.0,0.0,0.0,4
2902260,11.356,68.06,2019-03-23T17:53:08Z,0.0,0.0,0.0,4
2902260,11.356,68.06,2019-03-23T17:53:08Z,0.0,0.0,0.0,4
2902260,11.356,68.06,2019-03-23T17:53:08Z,0.0,0.0,0.0,4
2902260,11.356,68.06,2019-03-23T17:53:08Z,0.0,0.0,0.0,4
2902260,11.356,68.06,2019-03-23T17:53:08Z,0.0,0.0,0.0,4
2902260,11.356,68.06,2019-03-23T17:53:08Z,0.0,0.0,0.0,4
2902260,11.356,68.06,2019-03-23T17:53:08Z,0.0,0.0,0.0,4
2902260,11.356,68.06,2019-03-23T17:53:08Z,0.0,0.0,0.0,4
2902260,11.356,68.06,2019-03-23T17:53:08Z,0.0,0.0,0.0,4
2902260,11.356,68.06,2019-03-23T17:53:08Z,0.0,0.0,0.0,4
2902260,11.356,68.06,2019-03-23T17:53:08Z,0.0,0.0,0.0,4
2902260,11.356,68.06,2019-03-23T17:53:08Z,0.0,0.0,0.0,4
2902260,11.356,68.06,2019-03-23T17:53:08Z,0.0,0.0,0.0,4
2902260,11.356,68.06,2019-03-23T17:53:08Z,0.0,0.0,0.0,4
2902260,11.356,68.06,2019-03-23T17:53:08Z,0.0,0.0,0.0,4
2902260,11.356,68.06,2019-03-23T17:53:08Z,0.0,0.0,0.0,4
2902260,11.356,68.06,2019-03-23T17:53:08Z,0.0,0.0,0.0,4
2902260,11.356,68.06,2019-03-23T17:53:08Z,0.0,0.0,0.0,4
2902260,11.356,68.06,2019-03-23T17:53:08Z,0.0,0.0,0.0,4
2902260,11.356,68.06,2019-03-23T17:53:08Z,0.0,0.0,0.0,4
2902260,11.356,68.06,2019-03-23T17:53:08Z,0.0,0.0,0.0,4
2902260,11.356,68.06,2019-03-23T17:53:08Z,0.0,0.0,0.0,4
2902260,11.356,68.06,2019-03-23T17:53:08Z,0.0,0.0,0.0,4
2902260,11.356,68.06,2019-03-23T17:53:08Z,0.0,0.0,0.0,4
2902260,11.356,68.06,2019-03-23T17:53:08Z,0.0,0.0,0.0,4
2902260,11.356,68.06,2019-03-23T17:53:08Z,0.0,0.0,0.0,4
2902260,11.356,68.06,2019-03-23T17:53:08Z,0.0,0.0,0.0,4
2902260,11.356,68.06,2019-03-23T17:53:08Z,0.0,0.0,0.0,4
2902260,11.356,68.06,2019-03-23T17:53:08Z,0.0,0.0,0.0,4
2902260,11.356,68.06,2019-03-23T17:53:08Z,0.0,0.0,0.0,4
2902260,11.356,68.06,2019-03-23T17:53:08Z,0.0,0.0,0.0,4
2902260,11.356,68.06,2019-03-23T17:53:08Z,0.0,0.0,0.0,4
2902260,11.356,68.06,2019-03-23T17:53:08Z,0.0,0.0,0.0,4
2902260,11.356,68.06,2019-03-23T17:53:08Z,0.0,0.0,0.0,4
2902260,11.356,68.06,2019-03-23T17:53:08Z,0.0,0.0,0.0,4
2902260,11.356,68.06,2019-03-23T17:53:08Z,0.0,0.0,0.0,4
2902260,11.356,68.06,2019-03-23T17:53:08Z,0.0,0.0,0.0,4
2902260,11.356,68.06,2019-03-23T17:53:08Z,0.0,0.0,0.0,4
2902260,11.356,68.06,2019-03-23T17:53:08Z,0.0,0.0,0.0,4
2902260,11.356,68.06,2019-03-23T17:53:08Z,0.0,0.0,0.0,4
2902260,11.356,68.06,2019-03-23T17:53:08Z,0.0,0.0,0.0,4
2902260,11.356,68.06,2019-03-23T17:53:08Z,0.0,0.0,0.0,4
2902260,11.356,68.06,2019-03-23T17:53:08Z,0.0,0.0,0.0,4
2902260,11.356,68.06,2019-03-23T17:53:08Z,0.0,0.0,0.0,4
2902260,11.356,68.06,2019-03-23T17:53:08Z,0.0,0.0,0.0,4
2902260,11.356,68.06,2019-03-23T17:53:08Z,0.0,0.0,0.0,4
2902260,11.356,68.06,2019-03-23T17:53:08Z,0.0,0.0,0.0,4
2902260,11.356,68.06,2019-03-23T17:53:08Z,0.0,0.0,0.0,4
2902260,11.356,68.06,2019-03-23T17:53:08Z,0.0,0.0,0.0,4
2902260,11.356,68.06,2019-03-23T17:53:08Z,0.0,0.0,0.0,4
2902260,11.356,68.06,2019-03-23T17:53:08Z,0.0,0.0,0.0,4
2902260,11.356,68.06,2019-03-23T17:53:08Z,0.0,0.0,0.0,4
2902260,11.356,68.06,2019-03-23T17:53:08Z,0.0,0.0,0.0,4
2902260,11.356,68.06,2019-03-23T17:53:08Z,0.0,0.0,0.0,4
2902260,11.356,68.06,2019-03-23T17:53:08Z,0.0,0.0,0.0,4
2902260,11.356,68.06,2019-03-23T17:53:08Z,0.0,0.0,0.0,4
2902260,11.356,68.06,2019-03-23T17:53:08Z,0.0,0.0,0.0,4
2902260,11.356,68.06,2019-03-23T17:53:08Z,0.0,0.0,0.0,4
2902260,11.356,68.06,2019-03-23T17:53:08Z,0.0,0.0,0.0,4
2902260,11.356,68.06,2019-03-23T17:53:08Z,0.0,0.0,0.0,4
2902260,11.356,68.06,2019-03-23T17:53:08Z,0.0,0.0,0.0,4
2902260,11.356,68.06,2019-03-23T17:53:08Z,0.0,0.0,0.0,4
2902260,11.356,68.06,2019-03-23T17:53:08Z,0.0,0.0,0.0,4
2902260,11.356,68.06,2019-03-23T17:53:08Z,0.0,0.0,0.0,4
2902260,11.356,68.06,2019-03-23T17:53:08Z,0.0,0.0,0.0,4
2902260,11.356,68.06,2019-03-23T17:53:08Z,0.0,0.0,0.0,4
2902260,11.356,68.06,2019-03-23T17:53:08Z,0.0,0.0,0.0,4
2902260,11.356,68.06,2019-03-23T17:53:08Z,0.0,0.0,0.0,4
2902260,11.356,68.06,2019-03-23T17:53:08Z,0.0,0.0,0.0,4
2902260,11.356,68.06,2019-03-23T17:53:08Z,0.0,0.0,0.0,4
2902260,11.356,68.06,2019-03-23T17:53:08Z,0.0,0.0,0.0,4
2902260,11.356,68.06,2019-03-23T17:53:08Z,0.0,0.0,0.0,4
2902260,11.356,68.06,2019-03-23T17:53:08Z,0.0,0.0,0.0,4
2902260,11.356,68.06,2019-03-23T17:53:08Z,0.0,0.0,0.0,4
2902260,11.356,68.06,2019-03-23T17:53:08Z,0.0,0.0,0.0,4
2902260,11.356,68.06,2019-03-23T17:53:08Z,0.0,0.0,0.0,4
2902260,11.356,68.06,2019-03-23T17:53:08Z,0.0,0.0,0.0,4
2902260,11.356,68.06,2019-03-23T17:53:08Z,0.0,0.0,0.0,4
2902260,11.356,68.06,2019-03-23T17:53:08Z,0.0,0.0,0.0,4
2902260,11.356,68.06,2019-03-23T17:53:08Z,0.0,0.0,0.0,4
2902260,11.356,68.06,2019-03-23T17:53:08Z,0.0,0.0,0.0,4
2902260,11.356,68.06,2019-03-23T17:53:08Z,0.0,0.0,0.0,4
2902260,11.356,68.06,2019-03-23T17:53:08Z,0.0,0.0,0.0,4
2902260,11.356,68.06,2019-03-23T17:53:08Z,0.0,0.0,0.0,4
2902260,11.356,68.06,2019-03-23T17:53:08Z,0.0,0.0,0.0,4
2902260,11.356,68.06,2019-03-23T17:53:08Z,0.0,0.0,0.0,4
2902260,11.356,68.06,2019-03-23T17:53:08Z,0.0,0.0,0.0,4
2902260,11.356,68.06,2019-03-23T17:53:08Z,0.0,0.0,0.0,4
2902260,11.356,68.06,2019-03-23T17:53:08Z,0.0,0.0,0.0,4
2902260,11.356,68.06,2019-03-23T17:53:08Z,0.0,0.0,0.0,4
2902260,11.356,68.06,2019-03-23T17:53:08Z,0.0,0.0,0.0,4
2902260,11.356,68.06,2019-03-23T17:53:08Z,0.0,0.0,0.0,4
2902260,11.356,68.06,2019-03-23T17:53:08Z,0.0,0.0,0.0,4
2902260,11.356,68.06,2019-03-23T17:53:08Z,0.0,0.0,0.0,4
2902260,11.356,68.06,2019-03-23T17:53:08Z,0.0,0.0,0.0,4
2902260,11.356,68.06,2019-03-23T17:53:08Z,0.0,0.0,0.0,4
2902260,11.356,68.06,2019-03-23T17:53:08Z,0.0,0.0,0.0,4
2902260,11.356,68.06,2019-03-23T17:53:08Z,0.0,0.0,0.0,4
2902260,11.356,68.06,2019-03-23T17:53:08Z,0.0,0.0,0.0,4
2902260,11.356,68.06,2019-03-23T17:53:08Z,0.0,0.0,0.0,4
2902260,11.356,68.06,2019-03-23T17:53:08Z,0.0,0.0,0.0,4
2902260,11.356,68.06,2019-03-23T17:53:08Z,0.0,0.0,0.0,4
2902260,11.356,68.06,2019-03-23T17:53:08Z,0.0,0.0,0.0,4
2902260,11.356,68.06,2019-03-23T17:53:08Z,0.0,0.0,0.0,4
2902260,11.356,68.06,2019-03-23T17:53:08Z,0.0,0.0,0.0,4
2902260,11.356,68.06,2019-03-23T17:53:08Z,0.0,0.0,0.0,4
2902260,11.356,68.06,2019-03-23T17:53:08Z,0.0,0.0,0.0,4
2902260,11.356,68.06,2019-03-23T17:53:08Z,0.0,0.0,0.0,4
2902260,11.356,68.06,2019-03-23T17:53:08Z,0.0,0.0,0.0,4
2902260,11.356,68.06,2019-03-23T17:53:08Z,0.0,0.0,0.0,4
2902260,11.356,68.06,2019-03-23T17:53:08Z,0.0,0.0,0.0,4
2902260,11.356,68.06,2019-03-23T17:53:08Z,0.0,0.0,0.0,4
2902260,11.356,68.06,2019-03-23T17:53:08Z,0.0,0.0,0.0,4
2902260,11.356,68.06,2019-03-23T17:53:08Z,0.0,0.0,0.0,4
2902260,11.356,68.06,2019-03-23T17:53:08Z,0.0,0.0,0.0,4
2902260,11.356,68.06,2019-03-23T17:53:08Z,0.0,0.0,0.0,4
2902260,11.356,68.06,2019-03-23T17:53:08Z,0.0,0.0,0.0,4
2902260,11.356,68.06,2019-03-23T17:53:08Z,0.0,0.0,0.0,4
2902260,11.356,68.06,2019-03-23T17:53:08Z,0.0,0.0,0.0,4
2902260,11.356,68.06,2019-03-23T17:53:08Z,0.0,0.0,0.0,4
2902260,11.356,68.06,2019-03-23T17:53:08Z,0.0,0.0,0.0,4
2902260,11.356,68.06,2019-03-23T17:53:08Z,0.0,0.0,0.0,4
2902260,11.356,68.06,2019-03-23T17:53:08Z,0.0,0.0,0.0,4
2902260,11.356,68.06,2019-03-23T17:53:08Z,0.0,0.0,0.0,4
2902260,11.356,68.06,2019-03-23T17:53:08Z,0.0,0.0,0.0,4
2902260,11.356,68.06,2019-03-23T17:53:08Z,0.0,0.0,0.0,4
2902260,11.356,68.06,2019-03-23T17:53:08Z,0.0,0.0,0.0,4
2902260,11.356,68.06,2019-03-23T17:53:08Z,0.0,0.0,0.0,4
2902260,11.356,68.06,2019-03-23T17:53:08Z,0.0,0.0,0.0,4
2902260,11.356,68.06,2019-03-23T17:53:08Z,0.0,0.0,0.0,4
2902260,11.356,68.06,2019-03-23T17:53:08Z,0.0,0.0,0.0,4
2902260,11.356,68.06,2019-03-23T17:53:08Z,0.0,0.0,0.0,4
2902260,11.356,68.06,2019-03-23T17:53:08Z,0.0,0.0,0.0,4
2902260,11.356,68.06,2019-03-23T17:53:08Z,0.0,0.0,0.0,4
2902260,11.356,68.06,2019-03-23T17:53:08Z,0.0,0.0,0.0,4
2902260,11.356,68.06,2019-03-23T17:53:08Z,0.0,0.0,0.0,4
2902260,11.356,68.06,2019-03-23T17:53:08Z,0.0,0.0,0.0,4
2902260,11.356,68.06,2019-03-23T17:53:08Z,0.0,0.0,0.0,4
2902260,11.356,68.06,2019-03-23T17:53:08Z,0.0,0.0,0.0,4
2902260,11.356,68.06,2019-03-23T17:53:08Z,0.0,0.0,0.0,4
2902260,11.356,68.06,2019-03-23T17:53:08Z,0.0,0.0,0.0,4
2902260,11.356,68.06,2019-03-23T17:53:08Z,0.0,0.0,0.0,4
2902260,11.356,68.06,2019-03-23T17:53:08Z,0.0,0.0,0.0,4
2902260,11.356,68.06,2019-03-23T17:53:08Z,0.0,0.0,0.0,4
2902260,11.356,68.06,2019-03-23T17:53:08Z,0.0,0.0,0.0,4
2902260,11.356,68.06,2019-03-23T17:53:08Z,0.0,0.0,0.0,4
2902260,11.356,68.06,2019-03-23T17:53:08Z,0.0,0.0,0.0,4
2902260,11.356,68.06,2019-03-23T17:53:08Z,0.0,0.0,0.0,4
2902260,11.356,68.06,2019-03-23T17:53:08Z,0.0,0.0,0.0,4
2902260,11.356,68.06,2019-03-23T17:53:08Z,0.0,0.0,0.0,4
2902260,11.356,68.06,2019-03-23T17:53:08Z,0.0,0.0,0.0,4
2902260,11.356,68.06,2019-03-23T17:53:08Z,0.0,0.0,0.0,4
2902260,11.356,68.06,2019-03-23T17:53:08Z,0.0,0.0,0.0,4
2902260,11.356,68.06,2019-03-23T17:53:08Z,0.0,0.0,0.0,4
2902260,11.356,68.06,2019-03-23T17:53:08Z,0.0,0.0,0.0,4
2902260,11.356,68.06,2019-03-23T17:53:08Z,0.0,0.0,0.0,4
2902260,11.356,68.06,2019-03-23T17:53:08Z,0.0,0.0,0.0,4
2902260,11.356,68.06,2019-03-23T17:53:08Z,0.0,0.0,0.0,4
2902260,11.356,68.06,2019-03-23T17:53:08Z,0.0,0.0,0.0,4
2902260,11.356,68.06,2019-03-23T17:53:08Z,0.0,0.0,0.0,4
2902260,11.356,68.06,2019-03-23T17:53:08Z,0.0,0.0,0.0,4
2902260,11.356,68.06,2019-03-23T17:53:08Z,0.0,0.0,0.0,4
2902260,11.356,68.06,2019-03-23T17:53:08Z,0.0,0.0,0.0,4
2902260,11.356,68.06,2019-03-23T17:53:08Z,29.03,34.513,1.0,4
2902260,11.356,68.06,2019-03-23T17:53:08Z,29.031,34.515,2.0,1
2902260,11.356,68.06,2019-03-23T17:53:08Z,29.044,34.509,3.0,1
2902260,11.356,68.06,2019-03-23T17:53:08Z,29.045,34.508,5.0,1
2902260,11.356,68.06,2019-03-23T17:53:08Z,29.043,34.51,6.0,1
2902259,16.027,64.282,2019-03-23T18:35:12Z,0.0,0.0,0.0,4
2902259,16.027,64.282,2019-03-23T18:35:12Z,0.0,0.0,0.0,4
2902259,16.027,64.282,2019-03-23T18:35:12Z,0.0,0.0,0.0,4
2902259,16.027,64.282,2019-03-23T18:35:12Z,0.0,0.0,0.0,4
2902259,16.027,64.282,2019-03-23T18:35:12Z,0.0,0.0,0.0,4
2902259,16.027,64.282,2019-03-23T18:35:12Z,0.0,0.0,0.0,4
2902259,16.027,64.282,2019-03-23T18:35:12Z,0.0,0.0,0.0,4
2902259,16.027,64.282,2019-03-23T18:35:12Z,0.0,0.0,0.0,4
2902259,16.027,64.282,2019-03-23T18:35:12Z,0.0,0.0,0.0,4
2902259,16.027,64.282,2019-03-23T18:35:12Z,0.0,0.0,0.0,4
2902259,16.027,64.282,2019-03-23T18:35:12Z,0.0,0.0,0.0,4
2902259,16.027,64.282,2019-03-23T18:35:12Z,0.0,0.0,0.0,4
2902259,16.027,64.282,2019-03-23T18:35:12Z,0.0,0.0,0.0,4
2902259,16.027,64.282,2019-03-23T18:35:12Z,0.0,0.0,0.0,4
2902259,16.027,64.282,2019-03-23T18:35:12Z,0.0,0.0,0.0,4
2902259,16.027,64.282,2019-03-23T18:35:12Z,0.0,0.0,0.0,4
2902259,16.027,64.282,2019-03-23T18:35:12Z,0.0,0.0,0.0,4
2902259,16.027,64.282,2019-03-23T18:35:12Z,0.0,0.0,0.0,4
2902259,16.027,64.282,2019-03-23T18:35:12Z,0.0,0.0,0.0,4
2902259,16.027,64.282,2019-03-23T18:35:12Z,0.0,0.0,0.0,4
2902259,16.027,64.282,2019-03-23T18:35:12Z,0.0,0.0,0.0,4
2902259,16.027,64.282,2019-03-23T18:35:12Z,0.0,0.0,0.0,4
2902259,16.027,64.282,2019-03-23T18:35:12Z,0.0,0.0,0.0,4
2902259,16.027,64.282,2019-03-23T18:35:12Z,0.0,0.0,0.0,4
2902259,16.027,64.282,2019-03-23T18:35:12Z,0.0,0.0,0.0,4
2902259,16.027,64.282,2019-03-23T18:35:12Z,0.0,0.0,0.0,4
2902259,16.027,64.282,2019-03-23T18:35:12Z,0.0,0.0,0.0,4
2902259,16.027,64.282,2019-03-23T18:35:12Z,0.0,0.0,0.0,4
2902259,16.027,64.282,2019-03-23T18:35:12Z,0.0,0.0,0.0,4
2902259,16.027,64.282,2019-03-23T18:35:12Z,0.0,0.0,0.0,4
2902259,16.027,64.282,2019-03-23T18:35:12Z,0.0,0.0,0.0,4
2902259,16.027,64.282,2019-03-23T18:35:12Z,0.0,0.0,0.0,4
2902259,16.027,64.282,2019-03-23T18:35:12Z,0.0,0.0,0.0,4
2902259,16.027,64.282,2019-03-23T18:35:12Z,0.0,0.0,0.0,4
2902259,16.027,64.282,2019-03-23T18:35:12Z,0.0,0.0,0.0,4
2902259,16.027,64.282,2019-03-23T18:35:12Z,0.0,0.0,0.0,4
2902259,16.027,64.282,2019-03-23T18:35:12Z,0.0,0.0,0.0,4
2902259,16.027,64.282,2019-03-23T18:35:12Z,0.0,0.0,0.0,4
2902259,16.027,64.282,2019-03-23T18:35:12Z,0.0,0.0,0.0,4
2902259,16.027,64.282,2019-03-23T18:35:12Z,0.0,0.0,0.0,4
2902259,16.027,64.282,2019-03-23T18:35:12Z,0.0,0.0,0.0,4
2902259,16.027,64.282,2019-03-23T18:35:12Z,0.0,0.0,0.0,4
2902259,16.027,64.282,2019-03-23T18:35:12Z,0.0,0.0,0.0,4
2902259,16.027,64.282,2019-03-23T18:35:12Z,0.0,0.0,0.0,4
2902259,16.027,64.282,2019-03-23T18:35:12Z,0.0,0.0,0.0,4
2902259,16.027,64.282,2019-03-23T18:35:12Z,0.0,0.0,0.0,4
2902259,16.027,64.282,2019-03-23T18:35:12Z,0.0,0.0,0.0,4
2902259,16.027,64.282,2019-03-23T18:35:12Z,0.0,0.0,0.0,4
2902259,16.027,64.282,2019-03-23T18:35:12Z,0.0,0.0,0.0,4
2902259,16.027,64.282,2019-03-23T18:35:12Z,0.0,0.0,0.0,4
2902259,16.027,64.282,2019-03-23T18:35:12Z,0.0,0.0,0.0,4
2902259,16.027,64.282,2019-03-23T18:35:12Z,0.0,0.0,0.0,4
2902259,16.027,64.282,2019-03-23T18:35:12Z,0.0,0.0,0.0,4
2902259,16.027,64.282,2019-03-23T18:35:12Z,0.0,0.0,0.0,4
2902259,16.027,64.282,2019-03-23T18:35:12Z,0.0,0.0,0.0,4
2902259,16.027,64.282,2019-03-23T18:35:12Z,0.0,0.0,0.0,4
2902259,16.027,64.282,2019-03-23T18:35:12Z,0.0,0.0,0.0,4
2902259,16.027,64.282,2019-03-23T18:35:12Z,0.0,0.0,0.0,4
2902259,16.027,64.282,2019-03-23T18:35:12Z,0.0,0.0,0.0,4
2902259,16.027,64.282,2019-03-23T18:35:12Z,0.0,0.0,0.0,4
2902259,16.027,64.282,2019-03-23T18:35:12Z,0.0,0.0,0.0,4
2902259,16.027,64.282,2019-03-23T18:35:12Z,0.0,0.0,0.0,4
2902259,16.027,64.282,2019-03-23T18:35:12Z,0.0,0.0,0.0,4
2902259,16.027,64.282,2019-03-23T18:35:12Z,0.0,0.0,0.0,4
2902259,16.027,64.282,2019-03-23T18:35:12Z,0.0,0.0,0.0,4
2902259,16.027,64.282,2019-03-23T18:35:12Z,0.0,0.0,0.0,4
2902259,16.027,64.282,2019-03-23T18:35:12Z,0.0,0.0,0.0,4
2902259,16.027,64.282,2019-03-23T18:35:12Z,0.0,0.0,0.0,4
2902259,16.027,64.282,2019-03-23T18:35:12Z,0.0,0.0,0.0,4
2902259,16.027,64.282,2019-03-23T18:35:12Z,0.0,0.0,0.0,4
2902259,16.027,64.282,2019-03-23T18:35:12Z,0.0,0.0,0.0,4
2902259,16.027,64.282,2019-03-23T18:35:12Z,0.0,0.0,0.0,4
2902259,16.027,64.282,2019-03-23T18:35:12Z,0.0,0.0,0.0,4
2902259,16.027,64.282,2019-03-23T18:35:12Z,0.0,0.0,0.0,4
2902259,16.027,64.282,2019-03-23T18:35:12Z,0.0,0.0,0.0,4
2902259,16.027,64.282,2019-03-23T18:35:12Z,0.0,0.0,0.0,4
2902259,16.027,64.282,2019-03-23T18:35:12Z,0.0,0.0,0.0,4
2902259,16.027,64.282,2019-03-23T18:35:12Z,0.0,0.0,0.0,4
2902259,16.027,64.282,2019-03-23T18:35:12Z,0.0,0.0,0.0,4
2902259,16.027,64.282,2019-03-23T18:35:12Z,0.0,0.0,0.0,4
2902259,16.027,64.282,2019-03-23T18:35:12Z,0.0,0.0,0.0,4
2902259,16.027,64.282,2019-03-23T18:35:12Z,0.0,0.0,0.0,4
2902259,16.027,64.282,2019-03-23T18:35:12Z,0.0,0.0,0.0,4
2902259,16.027,64.282,2019-03-23T18:35:12Z,0.0,0.0,0.0,4
2902259,16.027,64.282,2019-03-23T18:35:12Z,0.0,0.0,0.0,4
2902259,16.027,64.282,2019-03-23T18:35:12Z,0.0,0.0,0.0,4
2902259,16.027,64.282,2019-03-23T18:35:12Z,0.0,0.0,0.0,4
2902259,16.027,64.282,2019-03-23T18:35:12Z,0.0,0.0,0.0,4
2902259,16.027,64.282,2019-03-23T18:35:12Z,0.0,0.0,0.0,4
2902259,16.027,64.282,2019-03-23T18:35:12Z,0.0,0.0,0.0,4
2902259,16.027,64.282,2019-03-23T18:35:12Z,0.0,0.0,0.0,4
2902259,16.027,64.282,2019-03-23T18:35:12Z,0.0,0.0,0.0,4
2902259,16.027,64.282,2019-03-23T18:35:12Z,0.0,0.0,0.0,4
2902259,16.027,64.282,2019-03-23T18:35:12Z,0.0,0.0,0.0,4
2902259,16.027,64.282,2019-03-23T18:35:12Z,0.0,0.0,0.0,4
2902259,16.027,64.282,2019-03-23T18:35:12Z,0.0,0.0,0.0,4
2902259,16.027,64.282,2019-03-23T18:35:12Z,0.0,0.0,0.0,4
2902259,16.027,64.282,2019-03-23T18:35:12Z,0.0,0.0,0.0,4
2902259,16.027,64.282,2019-03-23T18:35:12Z,0.0,0.0,0.0,4
2902259,16.027,64.282,2019-03-23T18:35:12Z,0.0,0.0,0.0,4
2902259,16.027,64.282,2019-03-23T18:35:12Z,0.0,0.0,0.0,4
2902259,16.027,64.282,2019-03-23T18:35:12Z,0.0,0.0,0.0,4
2902259,16.027,64.282,2019-03-23T18:35:12Z,0.0,0.0,0.0,4
2902259,16.027,64.282,2019-03-23T18:35:12Z,0.0,0.0,0.0,4
2902259,16.027,64.282,2019-03-23T18:35:12Z,0.0,0.0,0.0,4
2902259,16.027,64.282,2019-03-23T18:35:12Z,0.0,0.0,0.0,4
2902259,16.027,64.282,2019-03-23T18:35:12Z,0.0,0.0,0.0,4
2902259,16.027,64.282,2019-03-23T18:35:12Z,0.0,0.0,0.0,4
2902259,16.027,64.282,2019-03-23T18:35:12Z,0.0,0.0,0.0,4
2902259,16.027,64.282,2019-03-23T18:35:12Z,0.0,0.0,0.0,4
2902259,16.027,64.282,2019-03-23T18:35:12Z,0.0,0.0,0.0,4
2902259,16.027,64.282,2019-03-23T18:35:12Z,0.0,0.0,0.0,4
2902259,16.027,64.282,2019-03-23T18:35:12Z,0.0,0.0,0.0,4
2902259,16.027,64.282,2019-03-23T18:35:12Z,0.0,0.0,0.0,4
2902259,16.027,64.282,2019-03-23T18:35:12Z,0.0,0.0,0.0,4
2902259,16.027,64.282,2019-03-23T18:35:12Z,0.0,0.0,0.0,4
2902259,16.027,64.282,2019-03-23T18:35:12Z,0.0,0.0,0.0,4
2902259,16.027,64.282,2019-03-23T18:35:12Z,0.0,0.0,0.0,4
2902259,16.027,64.282,2019-03-23T18:35:12Z,0.0,0.0,0.0,4
2902259,16.027,64.282,2019-03-23T18:35:12Z,0.0,0.0,0.0,4
2902259,16.027,64.282,2019-03-23T18:35:12Z,0.0,0.0,0.0,4
2902259,16.027,64.282,2019-03-23T18:35:12Z,0.0,0.0,0.0,4
2902259,16.027,64.282,2019-03-23T18:35:12Z,0.0,0.0,0.0,4
2902259,16.027,64.282,2019-03-23T18:35:12Z,0.0,0.0,0.0,4
2902259,16.027,64.282,2019-03-23T18:35:12Z,0.0,0.0,0.0,4
2902259,16.027,64.282,2019-03-23T18:35:12Z,0.0,0.0,0.0,4
2902259,16.027,64.282,2019-03-23T18:35:12Z,0.0,0.0,0.0,4
2902259,16.027,64.282,2019-03-23T18:35:12Z,0.0,0.0,0.0,4
2902259,16.027,64.282,2019-03-23T18:35:12Z,0.0,0.0,0.0,4
2902259,16.027,64.282,2019-03-23T18:35:12Z,0.0,0.0,0.0,4
2902259,16.027,64.282,2019-03-23T18:35:12Z,0.0,0.0,0.0,4
2902259,16.027,64.282,2019-03-23T18:35:12Z,0.0,0.0,0.0,4
2902259,16.027,64.282,2019-03-23T18:35:12Z,0.0,0.0,0.0,4
2902259,16.027,64.282,2019-03-23T18:35:12Z,0.0,0.0,0.0,4
2902259,16.027,64.282,2019-03-23T18:35:12Z,0.0,0.0,0.0,4
2902259,16.027,64.282,2019-03-23T18:35:12Z,0.0,0.0,0.0,4
2902259,16.027,64.282,2019-03-23T18:35:12Z,0.0,0.0,0.0,4
2902259,16.027,64.282,2019-03-23T18:35:12Z,0.0,0.0,0.0,4
2902259,16.027,64.282,2019-03-23T18:35:12Z,0.0,0.0,0.0,4
2902259,16.027,64.282,2019-03-23T18:35:12Z,0.0,0.0,0.0,4
2902259,16.027,64.282,2019-03-23T18:35:12Z,0.0,0.0,0.0,4
2902259,16.027,64.282,2019-03-23T18:35:12Z,0.0,0.0,0.0,4
2902259,16.027,64.282,2019-03-23T18:35:12Z,0.0,0.0,0.0,4
2902259,16.027,64.282,2019-03-23T18:35:12Z,0.0,0.0,0.0,4
2902259,16.027,64.282,2019-03-23T18:35:12Z,0.0,0.0,0.0,4
2902259,16.027,64.282,2019-03-23T18:35:12Z,0.0,0.0,0.0,4
2902259,16.027,64.282,2019-03-23T18:35:12Z,0.0,0.0,0.0,4
2902259,16.027,64.282,2019-03-23T18:35:12Z,0.0,0.0,0.0,4
2902259,16.027,64.282,2019-03-23T18:35:12Z,0.0,0.0,0.0,4
2902259,16.027,64.282,2019-03-23T18:35:12Z,0.0,0.0,0.0,4
2902259,16.027,64.282,2019-03-23T18:35:12Z,0.0,0.0,0.0,4
2902259,16.027,64.282,2019-03-23T18:35:12Z,0.0,0.0,0.0,4
2902259,16.027,64.282,2019-03-23T18:35:12Z,0.0,0.0,0.0,4
2902259,16.027,64.282,2019-03-23T18:35:12Z,0.0,0.0,0.0,4
2902259,16.027,64.282,2019-03-23T18:35:12Z,0.0,0.0,0.0,4
2902259,16.027,64.282,2019-03-23T18:35:12Z,0.0,0.0,0.0,4
2902259,16.027,64.282,2019-03-23T18:35:12Z,0.0,0.0,0.0,4
2902259,16.027,64.282,2019-03-23T18:35:12Z,0.0,0.0,0.0,4
2902259,16.027,64.282,2019-03-23T18:35:12Z,0.0,0.0,0.0,4
2902259,16.027,64.282,2019-03-23T18:35:12Z,0.0,0.0,0.0,4
2902259,16.027,64.282,2019-03-23T18:35:12Z,0.0,0.0,0.0,4
2902259,16.027,64.282,2019-03-23T18:35:12Z,0.0,0.0,0.0,4
2902259,16.027,64.282,2019-03-23T18:35:12Z,0.0,0.0,0.0,4
2902259,16.027,64.282,2019-03-23T18:35:12Z,0.0,0.0,0.0,4
2902259,16.027,64.282,2019-03-23T18:35:12Z,0.0,0.0,0.0,4
2902259,16.027,64.282,2019-03-23T18:35:12Z,0.0,0.0,0.0,4
2902259,16.027,64.282,2019-03-23T18:35:12Z,0.0,0.0,0.0,4
2902259,16.027,64.282,2019-03-23T18:35:12Z,0.0,0.0,0.0,4
2902259,16.027,64.282,2019-03-23T18:35:12Z,0.0,0.0,0.0,4
2902259,16.027,64.282,2019-03-23T18:35:12Z,0.0,0.0,0.0,4
2902259,16.027,64.282,2019-03-23T18:35:12Z,0.0,0.0,0.0,4
2902259,16.027,64.282,2019-03-23T18:35:12Z,0.0,0.0,0.0,4
2902259,16.027,64.282,2019-03-23T18:35:12Z,0.0,0.0,0.0,4
2902259,16.027,64.282,2019-03-23T18:35:12Z,0.0,0.0,0.0,4
2902259,16.027,64.282,2019-03-23T18:35:12Z,0.0,0.0,0.0,4
2902259,16.027,64.282,2019-03-23T18:35:12Z,0.0,0.0,0.0,4
2902259,16.027,64.282,2019-03-23T18:35:12Z,0.0,0.0,0.0,4
2902259,16.027,64.282,2019-03-23T18:35:12Z,0.0,0.0,0.0,4
2902259,16.027,64.282,2019-03-23T18:35:12Z,0.0,0.0,0.0,4
2902259,16.027,64.282,2019-03-23T18:35:12Z,0.0,0.0,0.0,4
2902259,16.027,64.282,2019-03-23T18:35:12Z,0.0,0.0,0.0,4
2902259,16.027,64.282,2019-03-23T18:35:12Z,0.0,0.0,0.0,4
2902259,16.027,64.282,2019-03-23T18:35:12Z,0.0,0.0,0.0,4
2902259,16.027,64.282,2019-03-23T18:35:12Z,0.0,0.0,0.0,4
2902259,16.027,64.282,2019-03-23T18:35:12Z,0.0,0.0,0.0,4
2902259,16.027,64.282,2019-03-23T18:35:12Z,0.0,0.0,0.0,4
2902259,16.027,64.282,2019-03-23T18:35:12Z,0.0,0.0,0.0,4
2902259,16.027,64.282,2019-03-23T18:35:12Z,0.0,0.0,0.0,4
2902259,16.027,64.282,2019-03-23T18:35:12Z,0.0,0.0,0.0,4
2902259,16.027,64.282,2019-03-23T18:35:12Z,0.0,0.0,0.0,4
2902259,16.027,64.282,2019-03-23T18:35:12Z,0.0,0.0,0.0,4
2902259,16.027,64.282,2019-03-23T18:35:12Z,0.0,0.0,0.0,4
2902259,16.027,64.282,2019-03-23T18:35:12Z,0.0,0.0,0.0,4
2902259,16.027,64.282,2019-03-23T18:35:12Z,0.0,0.0,0.0,4
2902259,16.027,64.282,2019-03-23T18:35:12Z,0.0,0.0,0.0,4
2902259,16.027,64.282,2019-03-23T18:35:12Z,0.0,0.0,0.0,4
2902259,16.027,64.282,2019-03-23T18:35:12Z,0.0,0.0,0.0,4
2902259,16.027,64.282,2019-03-23T18:35:12Z,0.0,0.0,0.0,4
2902259,16.027,64.282,2019-03-23T18:35:12Z,0.0,0.0,0.0,4
2902259,16.027,64.282,2019-03-23T18:35:12Z,0.0,0.0,0.0,4
2902259,16.027,64.282,2019-03-23T18:35:12Z,0.0,0.0,0.0,4
2902259,16.027,64.282,2019-03-23T18:35:12Z,0.0,0.0,0.0,4
2902259,16.027,64.282,2019-03-23T18:35:12Z,0.0,0.0,0.0,4
2902259,16.027,64.282,2019-03-23T18:35:12Z,0.0,0.0,0.0,4
2902259,16.027,64.282,2019-03-23T18:35:12Z,0.0,0.0,0.0,4
2902259,16.027,64.282,2019-03-23T18:35:12Z,0.0,0.0,0.0,4
2902259,16.027,64.282,2019-03-23T18:35:12Z,0.0,0.0,0.0,4
2902259,16.027,64.282,2019-03-23T18:35:12Z,0.0,0.0,0.0,4
2902259,16.027,64.282,2019-03-23T18:35:12Z,0.0,0.0,0.0,4
2902259,16.027,64.282,2019-03-23T18:35:12Z,0.0,0.0,0.0,4
2902259,16.027,64.282,2019-03-23T18:35:12Z,0.0,0.0,0.0,4
2902259,16.027,64.282,2019-03-23T18:35:12Z,0.0,0.0,0.0,4
2902259,16.027,64.282,2019-03-23T18:35:12Z,0.0,0.0,0.0,4
2902259,16.027,64.282,2019-03-23T18:35:12Z,0.0,0.0,0.0,4
2902259,16.027,64.282,2019-03-23T18:35:12Z,0.0,0.0,0.0,4
2902259,16.027,64.282,2019-03-23T18:35:12Z,0.0,0.0,0.0,4
2902259,16.027,64.282,2019-03-23T18:35:12Z,0.0,0.0,0.0,4
2902259,16.027,64.282,2019-03-23T18:35:12Z,0.0,0.0,0.0,4
2902259,16.027,64.282,2019-03-23T18:35:12Z,0.0,0.0,0.0,4
2902259,16.027,64.282,2019-03-23T18:35:12Z,0.0,0.0,0.0,4
2902259,16.027,64.282,2019-03-23T18:35:12Z,0.0,0.0,0.0,4
2902259,16.027,64.282,2019-03-23T18:35:12Z,0.0,0.0,0.0,4
2902259,16.027,64.282,2019-03-23T18:35:12Z,0.0,0.0,0.0,4
2902259,16.027,64.282,2019-03-23T18:35:12Z,0.0,0.0,0.0,4
2902259,16.027,64.282,2019-03-23T18:35:12Z,0.0,0.0,0.0,4
2902259,16.027,64.282,2019-03-23T18:35:12Z,0.0,0.0,0.0,4
2902259,16.027,64.282,2019-03-23T18:35:12Z,0.0,0.0,0.0,4
2902259,16.027,64.282,2019-03-23T18:35:12Z,0.0,0.0,0.0,4
2902259,16.027,64.282,2019-03-23T18:35:12Z,0.0,0.0,0.0,4
2902259,16.027,64.282,2019-03-23T18:35:12Z,0.0,0.0,0.0,4
2902259,16.027,64.282,2019-03-23T18:35:12Z,0.0,0.0,0.0,4
2902259,16.027,64.282,2019-03-23T18:35:12Z,0.0,0.0,0.0,4
2902259,16.027,64.282,2019-03-23T18:35:12Z,0.0,0.0,0.0,4
2902259,16.027,64.282,2019-03-23T18:35:12Z,0.0,0.0,0.0,4
2902259,16.027,64.282,2019-03-23T18:35:12Z,0.0,0.0,0.0,4
2902259,16.027,64.282,2019-03-23T18:35:12Z,26.996,36.478,1.0,4
2902259,16.027,64.282,2019-03-23T18:35:12Z,26.996,36.455,2.0,1
2902259,16.027,64.282,2019-03-23T18:35:12Z,26.992,36.436,3.0,1
2902259,16.027,64.282,2019-03-23T18:35:12Z,26.905,36.5,4.0,1
2902259,16.027,64.282,2019-03-23T18:35:12Z,26.868,36.53,5.0,1
2902259,16.027,64.282,2019-03-23T18:35:12Z,26.805,36.503,6.0,1
2902093,15.115168333333333,68.11643,2019-03-24T03:43:00Z,27.904,36.235,5.4,1
2902230,13.0,83.3,2019-03-24T04:04:57Z,29.062,32.851,0.4,1
2902230,13.0,83.3,2019-03-24T04:04:57Z,29.019,32.869,1.0,1
2902230,13.0,83.3,2019-03-24T04:04:57Z,28.979,32.89,1.9,1
2902230,13.0,83.3,2019-03-24T04:04:57Z,28.963,32.902,3.0,1
2902230,13.0,83.3,2019-03-24T04:04:57Z,28.955,32.91,4.4,1
2902230,13.0,83.3,2019-03-24T04:04:57Z,28.944,32.909,6.0,1
2902123,12.845483333333334,61.91025,2019-03-24T11:36:00Z,27.865,36.361,5.4,1
2902269,15.979,63.449,2019-03-24T13:48:00Z,27.063,36.505,0.0,4
2902269,15.979,63.449,2019-03-24T13:48:00Z,0.0,0.0,0.0,4
2902269,15.979,63.449,2019-03-24T13:48:00Z,0.0,0.0,0.0,4
2902269,15.979,63.449,2019-03-24T13:48:00Z,0.0,0.0,0.0,4
2902269,15.979,63.449,2019-03-24T13:48:00Z,0.0,0.0,0.0,4
2902269,15.979,63.449,2019-03-24T13:48:00Z,0.0,0.0,0.0,4
2902269,15.979,63.449,2019-03-24T13:48:00Z,0.0,0.0,0.0,4
2902269,15.979,63.449,2019-03-24T13:48:00Z,0.0,0.0,0.0,4
2902269,15.979,63.449,2019-03-24T13:48:00Z,0.0,0.0,0.0,4
2902269,15.979,63.449,2019-03-24T13:48:00Z,0.0,0.0,0.0,4
2902269,15.979,63.449,2019-03-24T13:48:00Z,0.0,0.0,0.0,4
2902269,15.979,63.449,2019-03-24T13:48:00Z,0.0,0.0,0.0,4
2902269,15.979,63.449,2019-03-24T13:48:00Z,0.0,0.0,0.0,4
2902269,15.979,63.449,2019-03-24T13:48:00Z,0.0,0.0,0.0,4
2902269,15.979,63.449,2019-03-24T13:48:00Z,0.0,0.0,0.0,4
2902269,15.979,63.449,2019-03-24T13:48:00Z,0.0,0.0,0.0,4
2902269,15.979,63.449,2019-03-24T13:48:00Z,0.0,0.0,0.0,4
2902269,15.979,63.449,2019-03-24T13:48:00Z,0.0,0.0,0.0,4
2902269,15.979,63.449,2019-03-24T13:48:00Z,0.0,0.0,0.0,4
2902269,15.979,63.449,2019-03-24T13:48:00Z,0.0,0.0,0.0,4
2902269,15.979,63.449,2019-03-24T13:48:00Z,0.0,0.0,0.0,4
2902269,15.979,63.449,2019-03-24T13:48:00Z,0.0,0.0,0.0,4
2902269,15.979,63.449,2019-03-24T13:48:00Z,0.0,0.0,0.0,4
2902269,15.979,63.449,2019-03-24T13:48:00Z,0.0,0.0,0.0,4
2902269,15.979,63.449,2019-03-24T13:48:00Z,0.0,0.0,0.0,4
2902269,15.979,63.449,2019-03-24T13:48:00Z,0.0,0.0,0.0,4
2902269,15.979,63.449,2019-03-24T13:48:00Z,0.0,0.0,0.0,4
2902269,15.979,63.449,2019-03-24T13:48:00Z,0.0,0.0,0.0,4
2902269,15.979,63.449,2019-03-24T13:48:00Z,0.0,0.0,0.0,4
2902269,15.979,63.449,2019-03-24T13:48:00Z,0.0,0.0,0.0,4
2902269,15.979,63.449,2019-03-24T13:48:00Z,0.0,0.0,0.0,4
2902269,15.979,63.449,2019-03-24T13:48:00Z,0.0,0.0,0.0,4
2902269,15.979,63.449,2019-03-24T13:48:00Z,0.0,0.0,0.0,4
2902269,15.979,63.449,2019-03-24T13:48:00Z,0.0,0.0,0.0,4
2902269,15.979,63.449,2019-03-24T13:48:00Z,0.0,0.0,0.0,4
2902269,15.979,63.449,2019-03-24T13:48:00Z,0.0,0.0,0.0,4
2902269,15.979,63.449,2019-03-24T13:48:00Z,0.0,0.0,0.0,4
2902269,15.979,63.449,2019-03-24T13:48:00Z,0.0,0.0,0.0,4
2902269,15.979,63.449,2019-03-24T13:48:00Z,0.0,0.0,0.0,4
2902269,15.979,63.449,2019-03-24T13:48:00Z,0.0,0.0,0.0,4
2902269,15.979,63.449,2019-03-24T13:48:00Z,0.0,0.0,0.0,4
2902269,15.979,63.449,2019-03-24T13:48:00Z,0.0,0.0,0.0,4
2902269,15.979,63.449,2019-03-24T13:48:00Z,0.0,0.0,0.0,4
2902269,15.979,63.449,2019-03-24T13:48:00Z,0.0,0.0,0.0,4
2902269,15.979,63.449,2019-03-24T13:48:00Z,0.0,0.0,0.0,4
2902269,15.979,63.449,2019-03-24T13:48:00Z,0.0,0.0,0.0,4
2902269,15.979,63.449,2019-03-24T13:48:00Z,0.0,0.0,0.0,4
2902269,15.979,63.449,2019-03-24T13:48:00Z,0.0,0.0,0.0,4
2902269,15.979,63.449,2019-03-24T13:48:00Z,0.0,0.0,0.0,4
2902269,15.979,63.449,2019-03-24T13:48:00Z,0.0,0.0,0.0,4
2902269,15.979,63.449,2019-03-24T13:48:00Z,0.0,0.0,0.0,4
2902269,15.979,63.449,2019-03-24T13:48:00Z,0.0,0.0,0.0,4
2902269,15.979,63.449,2019-03-24T13:48:00Z,0.0,0.0,0.0,4
2902269,15.979,63.449,2019-03-24T13:48:00Z,0.0,0.0,0.0,4
2902269,15.979,63.449,2019-03-24T13:48:00Z,0.0,0.0,0.0,4
2902269,15.979,63.449,2019-03-24T13:48:00Z,0.0,0.0,0.0,4
2902269,15.979,63.449,2019-03-24T13:48:00Z,0.0,0.0,0.0,4
2902269,15.979,63.449,2019-03-24T13:48:00Z,0.0,0.0,0.0,4
2902269,15.979,63.449,2019-03-24T13:48:00Z,0.0,0.0,0.0,4
2902269,15.979,63.449,2019-03-24T13:48:00Z,0.0,0.0,0.0,4
2902269,15.979,63.449,2019-03-24T13:48:00Z,0.0,0.0,0.0,4
2902269,15.979,63.449,2019-03-24T13:48:00Z,0.0,0.0,0.0,4
2902269,15.979,63.449,2019-03-24T13:48:00Z,0.0,0.0,0.0,4
2902269,15.979,63.449,2019-03-24T13:48:00Z,0.0,0.0,0.0,4
2902269,15.979,63.449,2019-03-24T13:48:00Z,0.0,0.0,0.0,4
2902269,15.979,63.449,2019-03-24T13:48:00Z,0.0,0.0,0.0,4
2902269,15.979,63.449,2019-03-24T13:48:00Z,0.0,0.0,0.0,4
2902269,15.979,63.449,2019-03-24T13:48:00Z,0.0,0.0,0.0,4
2902269,15.979,63.449,2019-03-24T13:48:00Z,0.0,0.0,0.0,4
2902269,15.979,63.449,2019-03-24T13:48:00Z,0.0,0.0,0.0,4
2902269,15.979,63.449,2019-03-24T13:48:00Z,0.0,0.0,0.0,4
2902269,15.979,63.449,2019-03-24T13:48:00Z,0.0,0.0,0.0,4
2902269,15.979,63.449,2019-03-24T13:48:00Z,0.0,0.0,0.0,4
2902269,15.979,63.449,2019-03-24T13:48:00Z,0.0,0.0,0.0,4
2902269,15.979,63.449,2019-03-24T13:48:00Z,0.0,0.0,0.0,4
2902269,15.979,63.449,2019-03-24T13:48:00Z,0.0,0.0,0.0,4
2902269,15.979,63.449,2019-03-24T13:48:00Z,0.0,0.0,0.0,4
2902269,15.979,63.449,2019-03-24T13:48:00Z,0.0,0.0,0.0,4
2902269,15.979,63.449,2019-03-24T13:48:00Z,0.0,0.0,0.0,4
2902269,15.979,63.449,2019-03-24T13:48:00Z,0.0,0.0,0.0,4
2902269,15.979,63.449,2019-03-24T13:48:00Z,0.0,0.0,0.0,4
2902269,15.979,63.449,2019-03-24T13:48:00Z,0.0,0.0,0.0,4
2902269,15.979,63.449,2019-03-24T13:48:00Z,0.0,0.0,0.0,4
2902269,15.979,63.449,2019-03-24T13:48:00Z,0.0,0.0,0.0,4
2902269,15.979,63.449,2019-03-24T13:48:00Z,0.0,0.0,0.0,4
2902269,15.979,63.449,2019-03-24T13:48:00Z,0.0,0.0,0.0,4
2902269,15.979,63.449,2019-03-24T13:48:00Z,0.0,0.0,0.0,4
2902269,15.979,63.449,2019-03-24T13:48:00Z,0.0,0.0,0.0,4
2902269,15.979,63.449,2019-03-24T13:48:00Z,0.0,0.0,0.0,4
2902269,15.979,63.449,2019-03-24T13:48:00Z,0.0,0.0,0.0,4
2902269,15.979,63.449,2019-03-24T13:48:00Z,0.0,0.0,0.0,4
2902269,15.979,63.449,2019-03-24T13:48:00Z,0.0,0.0,0.0,4
2902269,15.979,63.449,2019-03-24T13:48:00Z,0.0,0.0,0.0,4
2902269,15.979,63.449,2019-03-24T13:48:00Z,0.0,0.0,0.0,4
2902269,15.979,63.449,2019-03-24T13:48:00Z,0.0,0.0,0.0,4
2902269,15.979,63.449,2019-03-24T13:48:00Z,0.0,0.0,0.0,4
2902269,15.979,63.449,2019-03-24T13:48:00Z,0.0,0.0,0.0,4
2902269,15.979,63.449,2019-03-24T13:48:00Z,0.0,0.0,0.0,4
2902269,15.979,63.449,2019-03-24T13:48:00Z,0.0,0.0,0.0,4
2902269,15.979,63.449,2019-03-24T13:48:00Z,0.0,0.0,0.0,4
2902269,15.979,63.449,2019-03-24T13:48:00Z,0.0,0.0,0.0,4
2902269,15.979,63.449,2019-03-24T13:48:00Z,0.0,0.0,0.0,4
2902269,15.979,63.449,2019-03-24T13:48:00Z,0.0,0.0,0.0,4
2902269,15.979,63.449,2019-03-24T13:48:00Z,0.0,0.0,0.0,4
2902269,15.979,63.449,2019-03-24T13:48:00Z,0.0,0.0,0.0,4
2902269,15.979,63.449,2019-03-24T13:48:00Z,0.0,0.0,0.0,4
2902269,15.979,63.449,2019-03-24T13:48:00Z,0.0,0.0,0.0,4
2902269,15.979,63.449,2019-03-24T13:48:00Z,0.0,0.0,0.0,4
2902269,15.979,63.449,2019-03-24T13:48:00Z,0.0,0.0,0.0,4
2902269,15.979,63.449,2019-03-24T13:48:00Z,0.0,0.0,0.0,4
2902269,15.979,63.449,2019-03-24T13:48:00Z,0.0,0.0,0.0,4
2902269,15.979,63.449,2019-03-24T13:48:00Z,0.0,0.0,0.0,4
2902269,15.979,63.449,2019-03-24T13:48:00Z,0.0,0.0,0.0,4
2902269,15.979,63.449,2019-03-24T13:48:00Z,0.0,0.0,0.0,4
2902269,15.979,63.449,2019-03-24T13:48:00Z,0.0,0.0,0.0,4
2902269,15.979,63.449,2019-03-24T13:48:00Z,0.0,0.0,0.0,4
2902269,15.979,63.449,2019-03-24T13:48:00Z,0.0,0.0,0.0,4
2902269,15.979,63.449,2019-03-24T13:48:00Z,0.0,0.0,0.0,4
2902269,15.979,63.449,2019-03-24T13:48:00Z,0.0,0.0,0.0,4
2902269,15.979,63.449,2019-03-24T13:48:00Z,0.0,0.0,0.0,4
2902269,15.979,63.449,2019-03-24T13:48:00Z,0.0,0.0,0.0,4
2902269,15.979,63.449,2019-03-24T13:48:00Z,0.0,0.0,0.0,4
2902269,15.979,63.449,2019-03-24T13:48:00Z,0.0,0.0,0.0,4
2902269,15.979,63.449,2019-03-24T13:48:00Z,0.0,0.0,0.0,4
2902269,15.979,63.449,2019-03-24T13:48:00Z,0.0,0.0,0.0,4
2902269,15.979,63.449,2019-03-24T13:48:00Z,0.0,0.0,0.0,4
2902269,15.979,63.449,2019-03-24T13:48:00Z,0.0,0.0,0.0,4
2902269,15.979,63.449,2019-03-24T13:48:00Z,0.0,0.0,0.0,4
2902269,15.979,63.449,2019-03-24T13:48:00Z,0.0,0.0,0.0,4
2902269,15.979,63.449,2019-03-24T13:48:00Z,0.0,0.0,0.0,4
2902269,15.979,63.449,2019-03-24T13:48:00Z,0.0,0.0,0.0,4
2902269,15.979,63.449,2019-03-24T13:48:00Z,0.0,0.0,0.0,4
2902269,15.979,63.449,2019-03-24T13:48:00Z,0.0,0.0,0.0,4
2902269,15.979,63.449,2019-03-24T13:48:00Z,0.0,0.0,0.0,4
2902269,15.979,63.449,2019-03-24T13:48:00Z,0.0,0.0,0.0,4
2902269,15.979,63.449,2019-03-24T13:48:00Z,0.0,0.0,0.0,4
2902269,15.979,63.449,2019-03-24T13:48:00Z,0.0,0.0,0.0,4
2902269,15.979,63.449,2019-03-24T13:48:00Z,0.0,0.0,0.0,4
2902269,15.979,63.449,2019-03-24T13:48:00Z,0.0,0.0,0.0,4
2902269,15.979,63.449,2019-03-24T13:48:00Z,0.0,0.0,0.0,4
2902269,15.979,63.449,2019-03-24T13:48:00Z,0.0,0.0,0.0,4
2902269,15.979,63.449,2019-03-24T13:48:00Z,0.0,0.0,0.0,4
2902269,15.979,63.449,2019-03-24T13:48:00Z,0.0,0.0,0.0,4
2902269,15.979,63.449,2019-03-24T13:48:00Z,0.0,0.0,0.0,4
2902269,15.979,63.449,2019-03-24T13:48:00Z,0.0,0.0,0.0,4
2902269,15.979,63.449,2019-03-24T13:48:00Z,0.0,0.0,0.0,4
2902269,15.979,63.449,2019-03-24T13:48:00Z,0.0,0.0,0.0,4
2902269,15.979,63.449,2019-03-24T13:48:00Z,0.0,0.0,0.0,4
2902269,15.979,63.449,2019-03-24T13:48:00Z,0.0,0.0,0.0,4
2902269,15.979,63.449,2019-03-24T13:48:00Z,0.0,0.0,0.0,4
2902269,15.979,63.449,2019-03-24T13:48:00Z,0.0,0.0,0.0,4
2902269,15.979,63.449,2019-03-24T13:48:00Z,0.0,0.0,0.0,4
2902269,15.979,63.449,2019-03-24T13:48:00Z,0.0,0.0,0.0,4
2902269,15.979,63.449,2019-03-24T13:48:00Z,0.0,0.0,0.0,4
2902269,15.979,63.449,2019-03-24T13:48:00Z,0.0,0.0,0.0,4
2902269,15.979,63.449,2019-03-24T13:48:00Z,0.0,0.0,0.0,4
2902269,15.979,63.449,2019-03-24T13:48:00Z,0.0,0.0,0.0,4
2902269,15.979,63.449,2019-03-24T13:48:00Z,0.0,0.0,0.0,4
2902269,15.979,63.449,2019-03-24T13:48:00Z,0.0,0.0,0.0,4
2902269,15.979,63.449,2019-03-24T13:48:00Z,0.0,0.0,0.0,4
2902269,15.979,63.449,2019-03-24T13:48:00Z,0.0,0.0,0.0,4
2902269,15.979,63.449,2019-03-24T13:48:00Z,0.0,0.0,0.0,4
2902269,15.979,63.449,2019-03-24T13:48:00Z,0.0,0.0,0.0,4
2902269,15.979,63.449,2019-03-24T13:48:00Z,0.0,0.0,0.0,4
2902269,15.979,63.449,2019-03-24T13:48:00Z,0.0,0.0,0.0,4
2902269,15.979,63.449,2019-03-24T13:48:00Z,0.0,0.0,0.0,4
2902269,15.979,63.449,2019-03-24T13:48:00Z,0.0,0.0,0.0,4
2902269,15.979,63.449,2019-03-24T13:48:00Z,0.0,0.0,0.0,4
2902269,15.979,63.449,2019-03-24T13:48:00Z,0.0,0.0,0.0,4
2902269,15.979,63.449,2019-03-24T13:48:00Z,0.0,0.0,0.0,4
2902269,15.979,63.449,2019-03-24T13:48:00Z,0.0,0.0,0.0,4
2902269,15.979,63.449,2019-03-24T13:48:00Z,0.0,0.0,0.0,4
2902269,15.979,63.449,2019-03-24T13:48:00Z,0.0,0.0,0.0,4
2902269,15.979,63.449,2019-03-24T13:48:00Z,0.0,0.0,0.0,4
2902269,15.979,63.449,2019-03-24T13:48:00Z,0.0,0.0,0.0,4
2902269,15.979,63.449,2019-03-24T13:48:00Z,0.0,0.0,0.0,4
2902269,15.979,63.449,2019-03-24T13:48:00Z,0.0,0.0,0.0,4
2902269,15.979,63.449,2019-03-24T13:48:00Z,0.0,0.0,0.0,4
2902269,15.979,63.449,2019-03-24T13:48:00Z,0.0,0.0,0.0,4
2902269,15.979,63.449,2019-03-24T13:48:00Z,0.0,0.0,0.0,4
2902269,15.979,63.449,2019-03-24T13:48:00Z,0.0,0.0,0.0,4
2902269,15.979,63.449,2019-03-24T13:48:00Z,0.0,0.0,0.0,4
2902269,15.979,63.449,2019-03-24T13:48:00Z,0.0,0.0,0.0,4
2902269,15.979,63.449,2019-03-24T13:48:00Z,0.0,0.0,0.0,4
2902269,15.979,63.449,2019-03-24T13:48:00Z,0.0,0.0,0.0,4
2902269,15.979,63.449,2019-03-24T13:48:00Z,0.0,0.0,0.0,4
2902269,15.979,63.449,2019-03-24T13:48:00Z,0.0,0.0,0.0,4
2902269,15.979,63.449,2019-03-24T13:48:00Z,0.0,0.0,0.0,4
2902269,15.979,63.449,2019-03-24T13:48:00Z,0.0,0.0,0.0,4
2902269,15.979,63.449,2019-03-24T13:48:00Z,0.0,0.0,0.0,4
2902269,15.979,63.449,2019-03-24T13:48:00Z,0.0,0.0,0.0,4
2902269,15.979,63.449,2019-03-24T13:48:00Z,0.0,0.0,0.0,4
2902269,15.979,63.449,2019-03-24T13:48:00Z,0.0,0.0,0.0,4
2902269,15.979,63.449,2019-03-24T13:48:00Z,0.0,0.0,0.0,4
2902269,15.979,63.449,2019-03-24T13:48:00Z,0.0,0.0,0.0,4
2902269,15.979,63.449,2019-03-24T13:48:00Z,0.0,0.0,0.0,4
2902269,15.979,63.449,2019-03-24T13:48:00Z,0.0,0.0,0.0,4
2902269,15.979,63.449,2019-03-24T13:48:00Z,0.0,0.0,0.0,4
2902269,15.979,63.449,2019-03-24T13:48:00Z,0.0,0.0,0.0,4
2902269,15.979,63.449,2019-03-24T13:48:00Z,0.0,0.0,0.0,4
2902269,15.979,63.449,2019-03-24T13:48:00Z,0.0,0.0,0.0,4
2902269,15.979,63.449,2019-03-24T13:48:00Z,0.0,0.0,0.0,4
2902269,15.979,63.449,2019-03-24T13:48:00Z,0.0,0.0,0.0,4
2902269,15.979,63.449,2019-03-24T13:48:00Z,0.0,0.0,0.0,4
2902269,15.979,63.449,2019-03-24T13:48:00Z,0.0,0.0,0.0,4
2902269,15.979,63.449,2019-03-24T13:48:00Z,0.0,0.0,0.0,4
2902269,15.979,63.449,2019-03-24T13:48:00Z,0.0,0.0,0.0,4
2902269,15.979,63.449,2019-03-24T13:48:00Z,0.0,0.0,0.0,4
2902269,15.979,63.449,2019-03-24T13:48:00Z,0.0,0.0,0.0,4
2902269,15.979,63.449,2019-03-24T13:48:00Z,0.0,0.0,0.0,4
2902269,15.979,63.449,2019-03-24T13:48:00Z,0.0,0.0,0.0,4
2902269,15.979,63.449,2019-03-24T13:48:00Z,0.0,0.0,0.0,4
2902269,15.979,63.449,2019-03-24T13:48:00Z,0.0,0.0,0.0,4
2902269,15.979,63.449,2019-03-24T13:48:00Z,0.0,0.0,0.0,4
2902269,15.979,63.449,2019-03-24T13:48:00Z,0.0,0.0,0.0,4
2902269,15.979,63.449,2019-03-24T13:48:00Z,0.0,0.0,0.0,4
2902269,15.979,63.449,2019-03-24T13:48:00Z,0.0,0.0,0.0,4
2902269,15.979,63.449,2019-03-24T13:48:00Z,0.0,0.0,0.0,4
2902269,15.979,63.449,2019-03-24T13:48:00Z,0.0,0.0,0.0,4
2902269,15.979,63.449,2019-03-24T13:48:00Z,0.0,0.0,0.0,4
2902269,15.979,63.449,2019-03-24T13:48:00Z,0.0,0.0,0.0,4
2902269,15.979,63.449,2019-03-24T13:48:00Z,0.0,0.0,0.0,4
2902269,15.979,63.449,2019-03-24T13:48:00Z,0.0,0.0,0.0,4
2902269,15.979,63.449,2019-03-24T13:48:00Z,0.0,0.0,0.0,4
2902269,15.979,63.449,2019-03-24T13:48:00Z,0.0,0.0,0.0,4
2902269,15.979,63.449,2019-03-24T13:48:00Z,0.0,0.0,0.0,4
2902269,15.979,63.449,2019-03-24T13:48:00Z,0.0,0.0,0.0,4
2902269,15.979,63.449,2019-03-24T13:48:00Z,0.0,0.0,0.0,4
2902269,15.979,63.449,2019-03-24T13:48:00Z,0.0,0.0,0.0,4
2902269,15.979,63.449,2019-03-24T13:48:00Z,0.0,0.0,0.0,4
2902269,15.979,63.449,2019-03-24T13:48:00Z,0.0,0.0,0.0,4
2902269,15.979,63.449,2019-03-24T13:48:00Z,0.0,0.0,0.0,4
2902269,15.979,63.449,2019-03-24T13:48:00Z,0.0,0.0,0.0,4
2902269,15.979,63.449,2019-03-24T13:48:00Z,0.0,0.0,0.0,4
2902269,15.979,63.449,2019-03-24T13:48:00Z,0.0,0.0,0.0,4
2902269,15.979,63.449,2019-03-24T13:48:00Z,0.0,0.0,0.0,4
2902269,15.979,63.449,2019-03-24T13:48:00Z,27.07,36.499,1.0,4
2902269,15.979,63.449,2019-03-24T13:48:00Z,27.07,36.498,2.0,4
2902269,15.979,63.449,2019-03-24T13:48:00Z,27.074,36.495,3.0,4
2902269,15.979,63.449,2019-03-24T13:48:00Z,27.061,36.503,4.0,1
2902269,15.979,63.449,2019-03-24T13:48:00Z,27.069,36.503,5.0,1
2902269,15.979,63.449,2019-03-24T13:48:00Z,27.068,36.501,6.0,1
2902238,0.7167383333333334,83.70772833333334,2019-03-24T17:32:00Z,30.644,34.582,5.5,1
2902262,13.619,60.042,2019-03-24T17:51:00Z,27.008,36.364,0.0,4
2902262,13.619,60.042,2019-03-24T17:51:00Z,0.0,0.0,0.0,4
2902262,13.619,60.042,2019-03-24T17:51:00Z,0.0,0.0,0.0,4
2902262,13.619,60.042,2019-03-24T17:51:00Z,0.0,0.0,0.0,4
2902262,13.619,60.042,2019-03-24T17:51:00Z,0.0,0.0,0.0,4
2902262,13.619,60.042,2019-03-24T17:51:00Z,0.0,0.0,0.0,4
2902262,13.619,60.042,2019-03-24T17:51:00Z,0.0,0.0,0.0,4
2902262,13.619,60.042,2019-03-24T17:51:00Z,0.0,0.0,0.0,4
2902262,13.619,60.042,2019-03-24T17:51:00Z,0.0,0.0,0.0,4
2902262,13.619,60.042,2019-03-24T17:51:00Z,0.0,0.0,0.0,4
2902262,13.619,60.042,2019-03-24T17:51:00Z,0.0,0.0,0.0,4
2902262,13.619,60.042,2019-03-24T17:51:00Z,0.0,0.0,0.0,4
2902262,13.619,60.042,2019-03-24T17:51:00Z,0.0,0.0,0.0,4
2902262,13.619,60.042,2019-03-24T17:51:00Z,0.0,0.0,0.0,4
2902262,13.619,60.042,2019-03-24T17:51:00Z,0.0,0.0,0.0,4
2902262,13.619,60.042,2019-03-24T17:51:00Z,0.0,0.0,0.0,4
2902262,13.619,60.042,2019-03-24T17:51:00Z,0.0,0.0,0.0,4
2902262,13.619,60.042,2019-03-24T17:51:00Z,0.0,0.0,0.0,4
2902262,13.619,60.042,2019-03-24T17:51:00Z,0.0,0.0,0.0,4
2902262,13.619,60.042,2019-03-24T17:51:00Z,0.0,0.0,0.0,4
2902262,13.619,60.042,2019-03-24T17:51:00Z,0.0,0.0,0.0,4
2902262,13.619,60.042,2019-03-24T17:51:00Z,0.0,0.0,0.0,4
2902262,13.619,60.042,2019-03-24T17:51:00Z,0.0,0.0,0.0,4
2902262,13.619,60.042,2019-03-24T17:51:00Z,0.0,0.0,0.0,4
2902262,13.619,60.042,2019-03-24T17:51:00Z,0.0,0.0,0.0,4
2902262,13.619,60.042,2019-03-24T17:51:00Z,0.0,0.0,0.0,4
2902262,13.619,60.042,2019-03-24T17:51:00Z,0.0,0.0,0.0,4
2902262,13.619,60.042,2019-03-24T17:51:00Z,0.0,0.0,0.0,4
2902262,13.619,60.042,2019-03-24T17:51:00Z,0.0,0.0,0.0,4
2902262,13.619,60.042,2019-03-24T17:51:00Z,0.0,0.0,0.0,4
2902262,13.619,60.042,2019-03-24T17:51:00Z,0.0,0.0,0.0,4
2902262,13.619,60.042,2019-03-24T17:51:00Z,0.0,0.0,0.0,4
2902262,13.619,60.042,2019-03-24T17:51:00Z,0.0,0.0,0.0,4
2902262,13.619,60.042,2019-03-24T17:51:00Z,0.0,0.0,0.0,4
2902262,13.619,60.042,2019-03-24T17:51:00Z,0.0,0.0,0.0,4
2902262,13.619,60.042,2019-03-24T17:51:00Z,0.0,0.0,0.0,4
2902262,13.619,60.042,2019-03-24T17:51:00Z,0.0,0.0,0.0,4
2902262,13.619,60.042,2019-03-24T17:51:00Z,0.0,0.0,0.0,4
2902262,13.619,60.042,2019-03-24T17:51:00Z,0.0,0.0,0.0,4
2902262,13.619,60.042,2019-03-24T17:51:00Z,0.0,0.0,0.0,4
2902262,13.619,60.042,2019-03-24T17:51:00Z,0.0,0.0,0.0,4
2902262,13.619,60.042,2019-03-24T17:51:00Z,0.0,0.0,0.0,4
2902262,13.619,60.042,2019-03-24T17:51:00Z,0.0,0.0,0.0,4
2902262,13.619,60.042,2019-03-24T17:51:00Z,0.0,0.0,0.0,4
2902262,13.619,60.042,2019-03-24T17:51:00Z,0.0,0.0,0.0,4
2902262,13.619,60.042,2019-03-24T17:51:00Z,0.0,0.0,0.0,4
2902262,13.619,60.042,2019-03-24T17:51:00Z,0.0,0.0,0.0,4
2902262,13.619,60.042,2019-03-24T17:51:00Z,0.0,0.0,0.0,4
2902262,13.619,60.042,2019-03-24T17:51:00Z,0.0,0.0,0.0,4
2902262,13.619,60.042,2019-03-24T17:51:00Z,0.0,0.0,0.0,4
2902262,13.619,60.042,2019-03-24T17:51:00Z,0.0,0.0,0.0,4
2902262,13.619,60.042,2019-03-24T17:51:00Z,0.0,0.0,0.0,4
2902262,13.619,60.042,2019-03-24T17:51:00Z,0.0,0.0,0.0,4
2902262,13.619,60.042,2019-03-24T17:51:00Z,0.0,0.0,0.0,4
2902262,13.619,60.042,2019-03-24T17:51:00Z,0.0,0.0,0.0,4
2902262,13.619,60.042,2019-03-24T17:51:00Z,0.0,0.0,0.0,4
2902262,13.619,60.042,2019-03-24T17:51:00Z,0.0,0.0,0.0,4
2902262,13.619,60.042,2019-03-24T17:51:00Z,0.0,0.0,0.0,4
2902262,13.619,60.042,2019-03-24T17:51:00Z,0.0,0.0,0.0,4
2902262,13.619,60.042,2019-03-24T17:51:00Z,0.0,0.0,0.0,4
2902262,13.619,60.042,2019-03-24T17:51:00Z,0.0,0.0,0.0,4
2902262,13.619,60.042,2019-03-24T17:51:00Z,0.0,0.0,0.0,4
2902262,13.619,60.042,2019-03-24T17:51:00Z,0.0,0.0,0.0,4
2902262,13.619,60.042,2019-03-24T17:51:00Z,0.0,0.0,0.0,4
2902262,13.619,60.042,2019-03-24T17:51:00Z,0.0,0.0,0.0,4
2902262,13.619,60.042,2019-03-24T17:51:00Z,0.0,0.0,0.0,4
2902262,13.619,60.042,2019-03-24T17:51:00Z,0.0,0.0,0.0,4
2902262,13.619,60.042,2019-03-24T17:51:00Z,0.0,0.0,0.0,4
2902262,13.619,60.042,2019-03-24T17:51:00Z,0.0,0.0,0.0,4
2902262,13.619,60.042,2019-03-24T17:51:00Z,0.0,0.0,0.0,4
2902262,13.619,60.042,2019-03-24T17:51:00Z,0.0,0.0,0.0,4
2902262,13.619,60.042,2019-03-24T17:51:00Z,0.0,0.0,0.0,4
2902262,13.619,60.042,2019-03-24T17:51:00Z,0.0,0.0,0.0,4
2902262,13.619,60.042,2019-03-24T17:51:00Z,0.0,0.0,0.0,4
2902262,13.619,60.042,2019-03-24T17:51:00Z,0.0,0.0,0.0,4
2902262,13.619,60.042,2019-03-24T17:51:00Z,0.0,0.0,0.0,4
2902262,13.619,60.042,2019-03-24T17:51:00Z,0.0,0.0,0.0,4
2902262,13.619,60.042,2019-03-24T17:51:00Z,0.0,0.0,0.0,4
2902262,13.619,60.042,2019-03-24T17:51:00Z,0.0,0.0,0.0,4
2902262,13.619,60.042,2019-03-24T17:51:00Z,0.0,0.0,0.0,4
2902262,13.619,60.042,2019-03-24T17:51:00Z,0.0,0.0,0.0,4
2902262,13.619,60.042,2019-03-24T17:51:00Z,0.0,0.0,0.0,4
2902262,13.619,60.042,2019-03-24T17:51:00Z,0.0,0.0,0.0,4
2902262,13.619,60.042,2019-03-24T17:51:00Z,0.0,0.0,0.0,4
2902262,13.619,60.042,2019-03-24T17:51:00Z,0.0,0.0,0.0,4
2902262,13.619,60.042,2019-03-24T17:51:00Z,0.0,0.0,0.0,4
2902262,13.619,60.042,2019-03-24T17:51:00Z,0.0,0.0,0.0,4
2902262,13.619,60.042,2019-03-24T17:51:00Z,0.0,0.0,0.0,4
2902262,13.619,60.042,2019-03-24T17:51:00Z,0.0,0.0,0.0,4
2902262,13.619,60.042,2019-03-24T17:51:00Z,0.0,0.0,0.0,4
2902262,13.619,60.042,2019-03-24T17:51:00Z,0.0,0.0,0.0,4
2902262,13.619,60.042,2019-03-24T17:51:00Z,0.0,0.0,0.0,4
2902262,13.619,60.042,2019-03-24T17:51:00Z,0.0,0.0,0.0,4
2902262,13.619,60.042,2019-03-24T17:51:00Z,0.0,0.0,0.0,4
2902262,13.619,60.042,2019-03-24T17:51:00Z,0.0,0.0,0.0,4
2902262,13.619,60.042,2019-03-24T17:51:00Z,0.0,0.0,0.0,4
2902262,13.619,60.042,2019-03-24T17:51:00Z,0.0,0.0,0.0,4
2902262,13.619,60.042,2019-03-24T17:51:00Z,0.0,0.0,0.0,4
2902262,13.619,60.042,2019-03-24T17:51:00Z,0.0,0.0,0.0,4
2902262,13.619,60.042,2019-03-24T17:51:00Z,0.0,0.0,0.0,4
2902262,13.619,60.042,2019-03-24T17:51:00Z,0.0,0.0,0.0,4
2902262,13.619,60.042,2019-03-24T17:51:00Z,0.0,0.0,0.0,4
2902262,13.619,60.042,2019-03-24T17:51:00Z,0.0,0.0,0.0,4
2902262,13.619,60.042,2019-03-24T17:51:00Z,0.0,0.0,0.0,4
2902262,13.619,60.042,2019-03-24T17:51:00Z,0.0,0.0,0.0,4
2902262,13.619,60.042,2019-03-24T17:51:00Z,0.0,0.0,0.0,4
2902262,13.619,60.042,2019-03-24T17:51:00Z,0.0,0.0,0.0,4
2902262,13.619,60.042,2019-03-24T17:51:00Z,0.0,0.0,0.0,4
2902262,13.619,60.042,2019-03-24T17:51:00Z,0.0,0.0,0.0,4
2902262,13.619,60.042,2019-03-24T17:51:00Z,0.0,0.0,0.0,4
2902262,13.619,60.042,2019-03-24T17:51:00Z,0.0,0.0,0.0,4
2902262,13.619,60.042,2019-03-24T17:51:00Z,0.0,0.0,0.0,4
2902262,13.619,60.042,2019-03-24T17:51:00Z,0.0,0.0,0.0,4
2902262,13.619,60.042,2019-03-24T17:51:00Z,0.0,0.0,0.0,4
2902262,13.619,60.042,2019-03-24T17:51:00Z,0.0,0.0,0.0,4
2902262,13.619,60.042,2019-03-24T17:51:00Z,0.0,0.0,0.0,4
2902262,13.619,60.042,2019-03-24T17:51:00Z,0.0,0.0,0.0,4
2902262,13.619,60.042,2019-03-24T17:51:00Z,0.0,0.0,0.0,4
2902262,13.619,60.042,2019-03-24T17:51:00Z,0.0,0.0,0.0,4
2902262,13.619,60.042,2019-03-24T17:51:00Z,0.0,0.0,0.0,4
2902262,13.619,60.042,2019-03-24T17:51:00Z,0.0,0.0,0.0,4
2902262,13.619,60.042,2019-03-24T17:51:00Z,0.0,0.0,0.0,4
2902262,13.619,60.042,2019-03-24T17:51:00Z,0.0,0.0,0.0,4
2902262,13.619,60.042,2019-03-24T17:51:00Z,0.0,0.0,0.0,4
2902262,13.619,60.042,2019-03-24T17:51:00Z,0.0,0.0,0.0,4
2902262,13.619,60.042,2019-03-24T17:51:00Z,0.0,0.0,0.0,4
2902262,13.619,60.042,2019-03-24T17:51:00Z,0.0,0.0,0.0,4
2902262,13.619,60.042,2019-03-24T17:51:00Z,0.0,0.0,0.0,4
2902262,13.619,60.042,2019-03-24T17:51:00Z,0.0,0.0,0.0,4
2902262,13.619,60.042,2019-03-24T17:51:00Z,0.0,0.0,0.0,4
2902262,13.619,60.042,2019-03-24T17:51:00Z,0.0,0.0,0.0,4
2902262,13.619,60.042,2019-03-24T17:51:00Z,0.0,0.0,0.0,4
2902262,13.619,60.042,2019-03-24T17:51:00Z,0.0,0.0,0.0,4
2902262,13.619,60.042,2019-03-24T17:51:00Z,0.0,0.0,0.0,4
2902262,13.619,60.042,2019-03-24T17:51:00Z,0.0,0.0,0.0,4
2902262,13.619,60.042,2019-03-24T17:51:00Z,0.0,0.0,0.0,4
2902262,13.619,60.042,2019-03-24T17:51:00Z,0.0,0.0,0.0,4
2902262,13.619,60.042,2019-03-24T17:51:00Z,0.0,0.0,0.0,4
2902262,13.619,60.042,2019-03-24T17:51:00Z,0.0,0.0,0.0,4
2902262,13.619,60.042,2019-03-24T17:51:00Z,0.0,0.0,0.0,4
2902262,13.619,60.042,2019-03-24T17:51:00Z,0.0,0.0,0.0,4
2902262,13.619,60.042,2019-03-24T17:51:00Z,0.0,0.0,0.0,4
2902262,13.619,60.042,2019-03-24T17:51:00Z,0.0,0.0,0.0,4
2902262,13.619,60.042,2019-03-24T17:51:00Z,0.0,0.0,0.0,4
2902262,13.619,60.042,2019-03-24T17:51:00Z,0.0,0.0,0.0,4
2902262,13.619,60.042,2019-03-24T17:51:00Z,0.0,0.0,0.0,4
2902262,13.619,60.042,2019-03-24T17:51:00Z,0.0,0.0,0.0,4
2902262,13.619,60.042,2019-03-24T17:51:00Z,0.0,0.0,0.0,4
2902262,13.619,60.042,2019-03-24T17:51:00Z,0.0,0.0,0.0,4
2902262,13.619,60.042,2019-03-24T17:51:00Z,0.0,0.0,0.0,4
2902262,13.619,60.042,2019-03-24T17:51:00Z,0.0,0.0,0.0,4
2902262,13.619,60.042,2019-03-24T17:51:00Z,0.0,0.0,0.0,4
2902262,13.619,60.042,2019-03-24T17:51:00Z,0.0,0.0,0.0,4
2902262,13.619,60.042,2019-03-24T17:51:00Z,0.0,0.0,0.0,4
2902262,13.619,60.042,2019-03-24T17:51:00Z,0.0,0.0,0.0,4
2902262,13.619,60.042,2019-03-24T17:51:00Z,0.0,0.0,0.0,4
2902262,13.619,60.042,2019-03-24T17:51:00Z,0.0,0.0,0.0,4
2902262,13.619,60.042,2019-03-24T17:51:00Z,0.0,0.0,0.0,4
2902262,13.619,60.042,2019-03-24T17:51:00Z,0.0,0.0,0.0,4
2902262,13.619,60.042,2019-03-24T17:51:00Z,0.0,0.0,0.0,4
2902262,13.619,60.042,2019-03-24T17:51:00Z,0.0,0.0,0.0,4
2902262,13.619,60.042,2019-03-24T17:51:00Z,0.0,0.0,0.0,4
2902262,13.619,60.042,2019-03-24T17:51:00Z,0.0,0.0,0.0,4
2902262,13.619,60.042,2019-03-24T17:51:00Z,0.0,0.0,0.0,4
2902262,13.619,60.042,2019-03-24T17:51:00Z,0.0,0.0,0.0,4
2902262,13.619,60.042,2019-03-24T17:51:00Z,0.0,0.0,0.0,4
2902262,13.619,60.042,2019-03-24T17:51:00Z,0.0,0.0,0.0,4
2902262,13.619,60.042,2019-03-24T17:51:00Z,0.0,0.0,0.0,4
2902262,13.619,60.042,2019-03-24T17:51:00Z,0.0,0.0,0.0,4
2902262,13.619,60.042,2019-03-24T17:51:00Z,0.0,0.0,0.0,4
2902262,13.619,60.042,2019-03-24T17:51:00Z,0.0,0.0,0.0,4
2902262,13.619,60.042,2019-03-24T17:51:00Z,0.0,0.0,0.0,4
2902262,13.619,60.042,2019-03-24T17:51:00Z,0.0,0.0,0.0,4
2902262,13.619,60.042,2019-03-24T17:51:00Z,0.0,0.0,0.0,4
2902262,13.619,60.042,2019-03-24T17:51:00Z,0.0,0.0,0.0,4
2902262,13.619,60.042,2019-03-24T17:51:00Z,0.0,0.0,0.0,4
2902262,13.619,60.042,2019-03-24T17:51:00Z,0.0,0.0,0.0,4
2902262,13.619,60.042,2019-03-24T17:51:00Z,0.0,0.0,0.0,4
2902262,13.619,60.042,2019-03-24T17:51:00Z,0.0,0.0,0.0,4
2902262,13.619,60.042,2019-03-24T17:51:00Z,0.0,0.0,0.0,4
2902262,13.619,60.042,2019-03-24T17:51:00Z,0.0,0.0,0.0,4
2902262,13.619,60.042,2019-03-24T17:51:00Z,0.0,0.0,0.0,4
2902262,13.619,60.042,2019-03-24T17:51:00Z,0.0,0.0,0.0,4
2902262,13.619,60.042,2019-03-24T17:51:00Z,0.0,0.0,0.0,4
2902262,13.619,60.042,2019-03-24T17:51:00Z,0.0,0.0,0.0,4
2902262,13.619,60.042,2019-03-24T17:51:00Z,0.0,0.0,0.0,4
2902262,13.619,60.042,2019-03-24T17:51:00Z,0.0,0.0,0.0,4
2902262,13.619,60.042,2019-03-24T17:51:00Z,0.0,0.0,0.0,4
2902262,13.619,60.042,2019-03-24T17:51:00Z,0.0,0.0,0.0,4
2902262,13.619,60.042,2019-03-24T17:51:00Z,0.0,0.0,0.0,4
2902262,13.619,60.042,2019-03-24T17:51:00Z,0.0,0.0,0.0,4
2902262,13.619,60.042,2019-03-24T17:51:00Z,0.0,0.0,0.0,4
2902262,13.619,60.042,2019-03-24T17:51:00Z,0.0,0.0,0.0,4
2902262,13.619,60.042,2019-03-24T17:51:00Z,0.0,0.0,0.0,4
2902262,13.619,60.042,2019-03-24T17:51:00Z,0.0,0.0,0.0,4
2902262,13.619,60.042,2019-03-24T17:51:00Z,0.0,0.0,0.0,4
2902262,13.619,60.042,2019-03-24T17:51:00Z,0.0,0.0,0.0,4
2902262,13.619,60.042,2019-03-24T17:51:00Z,0.0,0.0,0.0,4
2902262,13.619,60.042,2019-03-24T17:51:00Z,0.0,0.0,0.0,4
2902262,13.619,60.042,2019-03-24T17:51:00Z,0.0,0.0,0.0,4
2902262,13.619,60.042,2019-03-24T17:51:00Z,0.0,0.0,0.0,4
2902262,13.619,60.042,2019-03-24T17:51:00Z,0.0,0.0,0.0,4
2902262,13.619,60.042,2019-03-24T17:51:00Z,0.0,0.0,0.0,4
2902262,13.619,60.042,2019-03-24T17:51:00Z,0.0,0.0,0.0,4
2902262,13.619,60.042,2019-03-24T17:51:00Z,0.0,0.0,0.0,4
2902262,13.619,60.042,2019-03-24T17:51:00Z,0.0,0.0,0.0,4
2902262,13.619,60.042,2019-03-24T17:51:00Z,0.0,0.0,0.0,4
2902262,13.619,60.042,2019-03-24T17:51:00Z,0.0,0.0,0.0,4
2902262,13.619,60.042,2019-03-24T17:51:00Z,0.0,0.0,0.0,4
2902262,13.619,60.042,2019-03-24T17:51:00Z,0.0,0.0,0.0,4
2902262,13.619,60.042,2019-03-24T17:51:00Z,0.0,0.0,0.0,4
2902262,13.619,60.042,2019-03-24T17:51:00Z,0.0,0.0,0.0,4
2902262,13.619,60.042,2019-03-24T17:51:00Z,0.0,0.0,0.0,4
2902262,13.619,60.042,2019-03-24T17:51:00Z,0.0,0.0,0.0,4
2902262,13.619,60.042,2019-03-24T17:51:00Z,0.0,0.0,0.0,4
2902262,13.619,60.042,2019-03-24T17:51:00Z,0.0,0.0,0.0,4
2902262,13.619,60.042,2019-03-24T17:51:00Z,0.0,0.0,0.0,4
2902262,13.619,60.042,2019-03-24T17:51:00Z,0.0,0.0,0.0,4
2902262,13.619,60.042,2019-03-24T17:51:00Z,0.0,0.0,0.0,4
2902262,13.619,60.042,2019-03-24T17:51:00Z,0.0,0.0,0.0,4
2902262,13.619,60.042,2019-03-24T17:51:00Z,0.0,0.0,0.0,4
2902262,13.619,60.042,2019-03-24T17:51:00Z,0.0,0.0,0.0,4
2902262,13.619,60.042,2019-03-24T17:51:00Z,0.0,0.0,0.0,4
2902262,13.619,60.042,2019-03-24T17:51:00Z,0.0,0.0,0.0,4
2902262,13.619,60.042,2019-03-24T17:51:00Z,0.0,0.0,0.0,4
2902262,13.619,60.042,2019-03-24T17:51:00Z,0.0,0.0,0.0,4
2902262,13.619,60.042,2019-03-24T17:51:00Z,0.0,0.0,0.0,4
2902262,13.619,60.042,2019-03-24T17:51:00Z,0.0,0.0,0.0,4
2902262,13.619,60.042,2019-03-24T17:51:00Z,0.0,0.0,0.0,4
2902262,13.619,60.042,2019-03-24T17:51:00Z,0.0,0.0,0.0,4
2902262,13.619,60.042,2019-03-24T17:51:00Z,0.0,0.0,0.0,4
2902262,13.619,60.042,2019-03-24T17:51:00Z,0.0,0.0,0.0,4
2902262,13.619,60.042,2019-03-24T17:51:00Z,0.0,0.0,0.0,4
2902262,13.619,60.042,2019-03-24T17:51:00Z,0.0,0.0,0.0,4
2902262,13.619,60.042,2019-03-24T17:51:00Z,0.0,0.0,0.0,4
2902262,13.619,60.042,2019-03-24T17:51:00Z,0.0,0.0,0.0,4
2902262,13.619,60.042,2019-03-24T17:51:00Z,0.0,0.0,0.0,4
2902262,13.619,60.042,2019-03-24T17:51:00Z,0.0,0.0,0.0,4
2902262,13.619,60.042,2019-03-24T17:51:00Z,27.011,36.362,1.0,3
2902262,13.619,60.042,2019-03-24T17:51:00Z,27.008,36.363,2.0,1
2902262,13.619,60.042,2019-03-24T17:51:00Z,27.009,36.362,3.0,1
2902262,13.619,60.042,2019-03-24T17:51:00Z,27.007,36.364,4.0,1
2902262,13.619,60.042,2019-03-24T17:51:00Z,27.008,36.365,5.0,1
2902262,13.619,60.042,2019-03-24T17:51:00Z,27.01,36.366,6.0,1
2902235,14.766666666666667,91.91666666666667,2019-03-25T03:46:24Z,28.406,32.048,0.2,1
2902235,14.766666666666667,91.91666666666667,2019-03-25T03:46:24Z,28.408,32.046,0.7,1
2902235,14.766666666666667,91.91666666666667,2019-03-25T03:46:24Z,28.406,32.036,1.9,1
2902235,14.766666666666667,91.91666666666667,2019-03-25T03:46:24Z,28.375,32.041,3.1,1
2902235,14.766666666666667,91.91666666666667,2019-03-25T03:46:24Z,28.348,32.054,3.9,1
2902235,14.766666666666667,91.91666666666667,2019-03-25T03:46:24Z,28.34,32.057,4.8,1
2902235,14.766666666666667,91.91666666666667,2019-03-25T03:46:24Z,28.332,32.057,5.7,1
2902234,12.65,88.63333333333334,2019-03-25T04:06:02Z,29.372,33.783,0.2,1
2902234,12.65,88.63333333333334,2019-03-25T04:06:02Z,29.35,33.798,0.8,1
2902234,12.65,88.63333333333334,2019-03-25T04:06:02Z,29.309,33.817,2.0,1
2902234,12.65,88.63333333333334,2019-03-25T04:06:02Z,29.302,33.819,2.8,1
2902234,12.65,88.63333333333334,2019-03-25T04:06:02Z,29.294,33.823,3.6,1
2902234,12.65,88.63333333333334,2019-03-25T04:06:02Z,29.29,33.826,4.9,1
2902233,14.283333333333333,85.41666666666667,2019-03-25T04:10:33Z,29.167,32.992,0.4,1
2902233,14.283333333333333,85.41666666666667,2019-03-25T04:10:33Z,29.124,33.022,1.1,1
2902233,14.283333333333333,85.41666666666667,2019-03-25T04:10:33Z,29.102,33.033,2.1,1
2902233,14.283333333333333,85.41666666666667,2019-03-25T04:10:33Z,29.089,33.041,3.1,1
2902233,14.283333333333333,85.41666666666667,2019-03-25T04:10:33Z,29.089,33.042,3.8,1
2902233,14.283333333333333,85.41666666666667,2019-03-25T04:10:33Z,29.083,33.051,4.8,1
2902233,14.283333333333333,85.41666666666667,2019-03-25T04:10:33Z,29.072,33.049,5.8,1
2902232,11.483333333333333,86.68333333333334,2019-03-25T04:13:21Z,29.185,34.863,0.2,4
2902232,11.483333333333333,86.68333333333334,2019-03-25T04:13:21Z,29.16,34.856,1.0,4
2902232,11.483333333333333,86.68333333333334,2019-03-25T04:13:21Z,29.143,34.857,1.9,4
2902232,11.483333333333333,86.68333333333334,2019-03-25T04:13:21Z,29.099,34.883,2.8,4
2902232,11.483333333333333,86.68333333333334,2019-03-25T04:13:21Z,29.089,34.887,3.8,4
2902232,11.483333333333333,86.68333333333334,2019-03-25T04:13:21Z,29.079,34.893,4.8,4
2902182,0.08,83.957,2019-03-25T09:03:42Z,30.748,34.559,2.6,1
2902182,0.08,83.957,2019-03-25T09:03:42Z,30.685,34.559,4.0,1
2902182,0.08,83.957,2019-03-25T09:03:42Z,30.634,34.559,6.0,1
2902236,17.25,88.9,2019-03-26T01:08:49Z,28.574,32.951,0.4,1
2902236,17.25,88.9,2019-03-26T01:08:49Z,28.588,32.941,0.7,1
2902236,17.25,88.9,2019-03-26T01:08:49Z,28.585,32.945,2.0,1
2902236,17.25,88.9,2019-03-26T01:08:49Z,28.587,32.946,3.2,1
2902236,17.25,88.9,2019-03-26T01:08:49Z,28.589,32.945,4.0,1
2902236,17.25,88.9,2019-03-26T01:08:49Z,28.59,32.945,4.9,1
2902236,17.25,88.9,2019-03-26T01:08:49Z,28.587,32.947,5.8,1
2902122,16.674721666666667,68.58300666666666,2019-03-26T05:59:00Z,27.629,36.482,5.9,1
2902254,15.534,66.548,2019-03-26T07:52:00Z,0.0,0.0,0.0,4
2902254,15.534,66.548,2019-03-26T07:52:00Z,0.0,0.0,0.0,4
2902254,15.534,66.548,2019-03-26T07:52:00Z,0.0,0.0,0.0,4
2902254,15.534,66.548,2019-03-26T07:52:00Z,0.0,0.0,0.0,4
2902254,15.534,66.548,2019-03-26T07:52:00Z,0.0,0.0,0.0,4
2902254,15.534,66.548,2019-03-26T07:52:00Z,0.0,0.0,0.0,4
2902254,15.534,66.548,2019-03-26T07:52:00Z,0.0,0.0,0.0,4
2902254,15.534,66.548,2019-03-26T07:52:00Z,0.0,0.0,0.0,4
2902254,15.534,66.548,2019-03-26T07:52:00Z,0.0,0.0,0.0,4
2902254,15.534,66.548,2019-03-26T07:52:00Z,0.0,0.0,0.0,4
2902254,15.534,66.548,2019-03-26T07:52:00Z,0.0,0.0,0.0,4
2902254,15.534,66.548,2019-03-26T07:52:00Z,0.0,0.0,0.0,4
2902254,15.534,66.548,2019-03-26T07:52:00Z,0.0,0.0,0.0,4
2902254,15.534,66.548,2019-03-26T07:52:00Z,0.0,0.0,0.0,4
2902254,15.534,66.548,2019-03-26T07:52:00Z,0.0,0.0,0.0,4
2902254,15.534,66.548,2019-03-26T07:52:00Z,0.0,0.0,0.0,4
2902254,15.534,66.548,2019-03-26T07:52:00Z,0.0,0.0,0.0,4
2902254,15.534,66.548,2019-03-26T07:52:00Z,0.0,0.0,0.0,4
2902254,15.534,66.548,2019-03-26T07:52:00Z,0.0,0.0,0.0,4
2902254,15.534,66.548,2019-03-26T07:52:00Z,0.0,0.0,0.0,4
2902254,15.534,66.548,2019-03-26T07:52:00Z,0.0,0.0,0.0,4
2902254,15.534,66.548,2019-03-26T07:52:00Z,0.0,0.0,0.0,4
2902254,15.534,66.548,2019-03-26T07:52:00Z,0.0,0.0,0.0,4
2902254,15.534,66.548,2019-03-26T07:52:00Z,0.0,0.0,0.0,4
2902254,15.534,66.548,2019-03-26T07:52:00Z,0.0,0.0,0.0,4
2902254,15.534,66.548,2019-03-26T07:52:00Z,0.0,0.0,0.0,4
2902254,15.534,66.548,2019-03-26T07:52:00Z,0.0,0.0,0.0,4
2902254,15.534,66.548,2019-03-26T07:52:00Z,0.0,0.0,0.0,4
2902254,15.534,66.548,2019-03-26T07:52:00Z,0.0,0.0,0.0,4
2902254,15.534,66.548,2019-03-26T07:52:00Z,0.0,0.0,0.0,4
2902254,15.534,66.548,2019-03-26T07:52:00Z,0.0,0.0,0.0,4
2902254,15.534,66.548,2019-03-26T07:52:00Z,0.0,0.0,0.0,4
2902254,15.534,66.548,2019-03-26T07:52:00Z,0.0,0.0,0.0,4
2902254,15.534,66.548,2019-03-26T07:52:00Z,0.0,0.0,0.0,4
2902254,15.534,66.548,2019-03-26T07:52:00Z,0.0,0.0,0.0,4
2902254,15.534,66.548,2019-03-26T07:52:00Z,0.0,0.0,0.0,4
2902254,15.534,66.548,2019-03-26T07:52:00Z,0.0,0.0,0.0,4
2902254,15.534,66.548,2019-03-26T07:52:00Z,0.0,0.0,0.0,4
2902254,15.534,66.548,2019-03-26T07:52:00Z,0.0,0.0,0.0,4
2902254,15.534,66.548,2019-03-26T07:52:00Z,0.0,0.0,0.0,4
2902254,15.534,66.548,2019-03-26T07:52:00Z,0.0,0.0,0.0,4
2902254,15.534,66.548,2019-03-26T07:52:00Z,0.0,0.0,0.0,4
2902254,15.534,66.548,2019-03-26T07:52:00Z,0.0,0.0,0.0,4
2902254,15.534,66.548,2019-03-26T07:52:00Z,0.0,0.0,0.0,4
2902254,15.534,66.548,2019-03-26T07:52:00Z,0.0,0.0,0.0,4
2902254,15.534,66.548,2019-03-26T07:52:00Z,0.0,0.0,0.0,4
2902254,15.534,66.548,2019-03-26T07:52:00Z,0.0,0.0,0.0,4
2902254,15.534,66.548,2019-03-26T07:52:00Z,0.0,0.0,0.0,4
2902254,15.534,66.548,2019-03-26T07:52:00Z,0.0,0.0,0.0,4
2902254,15.534,66.548,2019-03-26T07:52:00Z,0.0,0.0,0.0,4
2902254,15.534,66.548,2019-03-26T07:52:00Z,0.0,0.0,0.0,4
2902254,15.534,66.548,2019-03-26T07:52:00Z,0.0,0.0,0.0,4
2902254,15.534,66.548,2019-03-26T07:52:00Z,0.0,0.0,0.0,4
2902254,15.534,66.548,2019-03-26T07:52:00Z,0.0,0.0,0.0,4
2902254,15.534,66.548,2019-03-26T07:52:00Z,0.0,0.0,0.0,4
2902254,15.534,66.548,2019-03-26T07:52:00Z,0.0,0.0,0.0,4
2902254,15.534,66.548,2019-03-26T07:52:00Z,0.0,0.0,0.0,4
2902254,15.534,66.548,2019-03-26T07:52:00Z,0.0,0.0,0.0,4
2902254,15.534,66.548,2019-03-26T07:52:00Z,0.0,0.0,0.0,4
2902254,15.534,66.548,2019-03-26T07:52:00Z,0.0,0.0,0.0,4
2902254,15.534,66.548,2019-03-26T07:52:00Z,0.0,0.0,0.0,4
2902254,15.534,66.548,2019-03-26T07:52:00Z,0.0,0.0,0.0,4
2902254,15.534,66.548,2019-03-26T07:52:00Z,0.0,0.0,0.0,4
2902254,15.534,66.548,2019-03-26T07:52:00Z,0.0,0.0,0.0,4
2902254,15.534,66.548,2019-03-26T07:52:00Z,0.0,0.0,0.0,4
2902254,15.534,66.548,2019-03-26T07:52:00Z,0.0,0.0,0.0,4
2902254,15.534,66.548,2019-03-26T07:52:00Z,0.0,0.0,0.0,4
2902254,15.534,66.548,2019-03-26T07:52:00Z,0.0,0.0,0.0,4
2902254,15.534,66.548,2019-03-26T07:52:00Z,0.0,0.0,0.0,4
2902254,15.534,66.548,2019-03-26T07:52:00Z,0.0,0.0,0.0,4
2902254,15.534,66.548,2019-03-26T07:52:00Z,0.0,0.0,0.0,4
2902254,15.534,66.548,2019-03-26T07:52:00Z,0.0,0.0,0.0,4
2902254,15.534,66.548,2019-03-26T07:52:00Z,0.0,0.0,0.0,4
2902254,15.534,66.548,2019-03-26T07:52:00Z,0.0,0.0,0.0,4
2902254,15.534,66.548,2019-03-26T07:52:00Z,0.0,0.0,0.0,4
2902254,15.534,66.548,2019-03-26T07:52:00Z,0.0,0.0,0.0,4
2902254,15.534,66.548,2019-03-26T07:52:00Z,0.0,0.0,0.0,4
2902254,15.534,66.548,2019-03-26T07:52:00Z,0.0,0.0,0.0,4
2902254,15.534,66.548,2019-03-26T07:52:00Z,0.0,0.0,0.0,4
2902254,15.534,66.548,2019-03-26T07:52:00Z,0.0,0.0,0.0,4
2902254,15.534,66.548,2019-03-26T07:52:00Z,0.0,0.0,0.0,4
2902254,15.534,66.548,2019-03-26T07:52:00Z,0.0,0.0,0.0,4
2902254,15.534,66.548,2019-03-26T07:52:00Z,0.0,0.0,0.0,4
2902254,15.534,66.548,2019-03-26T07:52:00Z,0.0,0.0,0.0,4
2902254,15.534,66.548,2019-03-26T07:52:00Z,0.0,0.0,0.0,4
2902254,15.534,66.548,2019-03-26T07:52:00Z,0.0,0.0,0.0,4
2902254,15.534,66.548,2019-03-26T07:52:00Z,0.0,0.0,0.0,4
2902254,15.534,66.548,2019-03-26T07:52:00Z,0.0,0.0,0.0,4
2902254,15.534,66.548,2019-03-26T07:52:00Z,0.0,0.0,0.0,4
2902254,15.534,66.548,2019-03-26T07:52:00Z,0.0,0.0,0.0,4
2902254,15.534,66.548,2019-03-26T07:52:00Z,0.0,0.0,0.0,4
2902254,15.534,66.548,2019-03-26T07:52:00Z,0.0,0.0,0.0,4
2902254,15.534,66.548,2019-03-26T07:52:00Z,0.0,0.0,0.0,4
2902254,15.534,66.548,2019-03-26T07:52:00Z,0.0,0.0,0.0,4
2902254,15.534,66.548,2019-03-26T07:52:00Z,0.0,0.0,0.0,4
2902254,15.534,66.548,2019-03-26T07:52:00Z,0.0,0.0,0.0,4
2902254,15.534,66.548,2019-03-26T07:52:00Z,0.0,0.0,0.0,4
2902254,15.534,66.548,2019-03-26T07:52:00Z,0.0,0.0,0.0,4
2902254,15.534,66.548,2019-03-26T07:52:00Z,0.0,0.0,0.0,4
2902254,15.534,66.548,2019-03-26T07:52:00Z,0.0,0.0,0.0,4
2902254,15.534,66.548,2019-03-26T07:52:00Z,0.0,0.0,0.0,4
2902254,15.534,66.548,2019-03-26T07:52:00Z,0.0,0.0,0.0,4
2902254,15.534,66.548,2019-03-26T07:52:00Z,0.0,0.0,0.0,4
2902254,15.534,66.548,2019-03-26T07:52:00Z,0.0,0.0,0.0,4
2902254,15.534,66.548,2019-03-26T07:52:00Z,0.0,0.0,0.0,4
2902254,15.534,66.548,2019-03-26T07:52:00Z,0.0,0.0,0.0,4
2902254,15.534,66.548,2019-03-26T07:52:00Z,0.0,0.0,0.0,4
2902254,15.534,66.548,2019-03-26T07:52:00Z,0.0,0.0,0.0,4
2902254,15.534,66.548,2019-03-26T07:52:00Z,0.0,0.0,0.0,4
2902254,15.534,66.548,2019-03-26T07:52:00Z,0.0,0.0,0.0,4
2902254,15.534,66.548,2019-03-26T07:52:00Z,0.0,0.0,0.0,4
2902254,15.534,66.548,2019-03-26T07:52:00Z,0.0,0.0,0.0,4
2902254,15.534,66.548,2019-03-26T07:52:00Z,0.0,0.0,0.0,4
2902254,15.534,66.548,2019-03-26T07:52:00Z,0.0,0.0,0.0,4
2902254,15.534,66.548,2019-03-26T07:52:00Z,0.0,0.0,0.0,4
2902254,15.534,66.548,2019-03-26T07:52:00Z,0.0,0.0,0.0,4
2902254,15.534,66.548,2019-03-26T07:52:00Z,0.0,0.0,0.0,4
2902254,15.534,66.548,2019-03-26T07:52:00Z,0.0,0.0,0.0,4
2902254,15.534,66.548,2019-03-26T07:52:00Z,0.0,0.0,0.0,4
2902254,15.534,66.548,2019-03-26T07:52:00Z,0.0,0.0,0.0,4
2902254,15.534,66.548,2019-03-26T07:52:00Z,0.0,0.0,0.0,4
2902254,15.534,66.548,2019-03-26T07:52:00Z,0.0,0.0,0.0,4
2902254,15.534,66.548,2019-03-26T07:52:00Z,0.0,0.0,0.0,4
2902254,15.534,66.548,2019-03-26T07:52:00Z,0.0,0.0,0.0,4
2902254,15.534,66.548,2019-03-26T07:52:00Z,0.0,0.0,0.0,4
2902254,15.534,66.548,2019-03-26T07:52:00Z,0.0,0.0,0.0,4
2902254,15.534,66.548,2019-03-26T07:52:00Z,0.0,0.0,0.0,4
2902254,15.534,66.548,2019-03-26T07:52:00Z,0.0,0.0,0.0,4
2902254,15.534,66.548,2019-03-26T07:52:00Z,0.0,0.0,0.0,4
2902254,15.534,66.548,2019-03-26T07:52:00Z,0.0,0.0,0.0,4
2902254,15.534,66.548,2019-03-26T07:52:00Z,0.0,0.0,0.0,4
2902254,15.534,66.548,2019-03-26T07:52:00Z,0.0,0.0,0.0,4
2902254,15.534,66.548,2019-03-26T07:52:00Z,0.0,0.0,0.0,4
2902254,15.534,66.548,2019-03-26T07:52:00Z,0.0,0.0,0.0,4
2902254,15.534,66.548,2019-03-26T07:52:00Z,0.0,0.0,0.0,4
2902254,15.534,66.548,2019-03-26T07:52:00Z,0.0,0.0,0.0,4
2902254,15.534,66.548,2019-03-26T07:52:00Z,0.0,0.0,0.0,4
2902254,15.534,66.548,2019-03-26T07:52:00Z,0.0,0.0,0.0,4
2902254,15.534,66.548,2019-03-26T07:52:00Z,0.0,0.0,0.0,4
2902254,15.534,66.548,2019-03-26T07:52:00Z,0.0,0.0,0.0,4
2902254,15.534,66.548,2019-03-26T07:52:00Z,0.0,0.0,0.0,4
2902254,15.534,66.548,2019-03-26T07:52:00Z,0.0,0.0,0.0,4
2902254,15.534,66.548,2019-03-26T07:52:00Z,0.0,0.0,0.0,4
2902254,15.534,66.548,2019-03-26T07:52:00Z,0.0,0.0,0.0,4
2902254,15.534,66.548,2019-03-26T07:52:00Z,0.0,0.0,0.0,4
2902254,15.534,66.548,2019-03-26T07:52:00Z,0.0,0.0,0.0,4
2902254,15.534,66.548,2019-03-26T07:52:00Z,0.0,0.0,0.0,4
2902254,15.534,66.548,2019-03-26T07:52:00Z,0.0,0.0,0.0,4
2902254,15.534,66.548,2019-03-26T07:52:00Z,0.0,0.0,0.0,4
2902254,15.534,66.548,2019-03-26T07:52:00Z,0.0,0.0,0.0,4
2902254,15.534,66.548,2019-03-26T07:52:00Z,0.0,0.0,0.0,4
2902254,15.534,66.548,2019-03-26T07:52:00Z,0.0,0.0,0.0,4
2902254,15.534,66.548,2019-03-26T07:52:00Z,0.0,0.0,0.0,4
2902254,15.534,66.548,2019-03-26T07:52:00Z,0.0,0.0,0.0,4
2902254,15.534,66.548,2019-03-26T07:52:00Z,0.0,0.0,0.0,4
2902254,15.534,66.548,2019-03-26T07:52:00Z,0.0,0.0,0.0,4
2902254,15.534,66.548,2019-03-26T07:52:00Z,0.0,0.0,0.0,4
2902254,15.534,66.548,2019-03-26T07:52:00Z,0.0,0.0,0.0,4
2902254,15.534,66.548,2019-03-26T07:52:00Z,0.0,0.0,0.0,4
2902254,15.534,66.548,2019-03-26T07:52:00Z,0.0,0.0,0.0,4
2902254,15.534,66.548,2019-03-26T07:52:00Z,0.0,0.0,0.0,4
2902254,15.534,66.548,2019-03-26T07:52:00Z,0.0,0.0,0.0,4
2902254,15.534,66.548,2019-03-26T07:52:00Z,0.0,0.0,0.0,4
2902254,15.534,66.548,2019-03-26T07:52:00Z,0.0,0.0,0.0,4
2902254,15.534,66.548,2019-03-26T07:52:00Z,0.0,0.0,0.0,4
2902254,15.534,66.548,2019-03-26T07:52:00Z,0.0,0.0,0.0,4
2902254,15.534,66.548,2019-03-26T07:52:00Z,0.0,0.0,0.0,4
2902254,15.534,66.548,2019-03-26T07:52:00Z,0.0,0.0,0.0,4
2902254,15.534,66.548,2019-03-26T07:52:00Z,0.0,0.0,0.0,4
2902254,15.534,66.548,2019-03-26T07:52:00Z,0.0,0.0,0.0,4
2902254,15.534,66.548,2019-03-26T07:52:00Z,0.0,0.0,0.0,4
2902254,15.534,66.548,2019-03-26T07:52:00Z,0.0,0.0,0.0,4
2902254,15.534,66.548,2019-03-26T07:52:00Z,0.0,0.0,0.0,4
2902254,15.534,66.548,2019-03-26T07:52:00Z,0.0,0.0,0.0,4
2902254,15.534,66.548,2019-03-26T07:52:00Z,0.0,0.0,0.0,4
2902254,15.534,66.548,2019-03-26T07:52:00Z,0.0,0.0,0.0,4
2902254,15.534,66.548,2019-03-26T07:52:00Z,0.0,0.0,0.0,4
2902254,15.534,66.548,2019-03-26T07:52:00Z,0.0,0.0,0.0,4
2902254,15.534,66.548,2019-03-26T07:52:00Z,0.0,0.0,0.0,4
2902254,15.534,66.548,2019-03-26T07:52:00Z,0.0,0.0,0.0,4
2902254,15.534,66.548,2019-03-26T07:52:00Z,0.0,0.0,0.0,4
2902254,15.534,66.548,2019-03-26T07:52:00Z,0.0,0.0,0.0,4
2902254,15.534,66.548,2019-03-26T07:52:00Z,0.0,0.0,0.0,4
2902254,15.534,66.548,2019-03-26T07:52:00Z,0.0,0.0,0.0,4
2902254,15.534,66.548,2019-03-26T07:52:00Z,0.0,0.0,0.0,4
2902254,15.534,66.548,2019-03-26T07:52:00Z,0.0,0.0,0.0,4
2902254,15.534,66.548,2019-03-26T07:52:00Z,0.0,0.0,0.0,4
2902254,15.534,66.548,2019-03-26T07:52:00Z,0.0,0.0,0.0,4
2902254,15.534,66.548,2019-03-26T07:52:00Z,0.0,0.0,0.0,4
2902254,15.534,66.548,2019-03-26T07:52:00Z,0.0,0.0,0.0,4
2902254,15.534,66.548,2019-03-26T07:52:00Z,0.0,0.0,0.0,4
2902254,15.534,66.548,2019-03-26T07:52:00Z,0.0,0.0,0.0,4
2902254,15.534,66.548,2019-03-26T07:52:00Z,0.0,0.0,0.0,4
2902254,15.534,66.548,2019-03-26T07:52:00Z,0.0,0.0,0.0,4
2902254,15.534,66.548,2019-03-26T07:52:00Z,0.0,0.0,0.0,4
2902254,15.534,66.548,2019-03-26T07:52:00Z,0.0,0.0,0.0,4
2902254,15.534,66.548,2019-03-26T07:52:00Z,0.0,0.0,0.0,4
2902254,15.534,66.548,2019-03-26T07:52:00Z,0.0,0.0,0.0,4
2902254,15.534,66.548,2019-03-26T07:52:00Z,0.0,0.0,0.0,4
2902254,15.534,66.548,2019-03-26T07:52:00Z,0.0,0.0,0.0,4
2902254,15.534,66.548,2019-03-26T07:52:00Z,0.0,0.0,0.0,4
2902254,15.534,66.548,2019-03-26T07:52:00Z,0.0,0.0,0.0,4
2902254,15.534,66.548,2019-03-26T07:52:00Z,0.0,0.0,0.0,4
2902254,15.534,66.548,2019-03-26T07:52:00Z,0.0,0.0,0.0,4
2902254,15.534,66.548,2019-03-26T07:52:00Z,0.0,0.0,0.0,4
2902254,15.534,66.548,2019-03-26T07:52:00Z,0.0,0.0,0.0,4
2902254,15.534,66.548,2019-03-26T07:52:00Z,0.0,0.0,0.0,4
2902254,15.534,66.548,2019-03-26T07:52:00Z,0.0,0.0,0.0,4
2902254,15.534,66.548,2019-03-26T07:52:00Z,0.0,0.0,0.0,4
2902254,15.534,66.548,2019-03-26T07:52:00Z,0.0,0.0,0.0,4
2902254,15.534,66.548,2019-03-26T07:52:00Z,0.0,0.0,0.0,4
2902254,15.534,66.548,2019-03-26T07:52:00Z,0.0,0.0,0.0,4
2902254,15.534,66.548,2019-03-26T07:52:00Z,0.0,0.0,0.0,4
2902254,15.534,66.548,2019-03-26T07:52:00Z,0.0,0.0,0.0,4
2902254,15.534,66.548,2019-03-26T07:52:00Z,0.0,0.0,0.0,4
2902254,15.534,66.548,2019-03-26T07:52:00Z,0.0,0.0,0.0,4
2902254,15.534,66.548,2019-03-26T07:52:00Z,0.0,0.0,0.0,4
2902254,15.534,66.548,2019-03-26T07:52:00Z,0.0,0.0,0.0,4
2902254,15.534,66.548,2019-03-26T07:52:00Z,0.0,0.0,0.0,4
2902254,15.534,66.548,2019-03-26T07:52:00Z,0.0,0.0,0.0,4
2902254,15.534,66.548,2019-03-26T07:52:00Z,0.0,0.0,0.0,4
2902254,15.534,66.548,2019-03-26T07:52:00Z,0.0,0.0,0.0,4
2902254,15.534,66.548,2019-03-26T07:52:00Z,0.0,0.0,0.0,4
2902254,15.534,66.548,2019-03-26T07:52:00Z,0.0,0.0,0.0,4
2902254,15.534,66.548,2019-03-26T07:52:00Z,0.0,0.0,0.0,4
2902254,15.534,66.548,2019-03-26T07:52:00Z,0.0,0.0,0.0,4
2902254,15.534,66.548,2019-03-26T07:52:00Z,0.0,0.0,0.0,4
2902254,15.534,66.548,2019-03-26T07:52:00Z,0.0,0.0,0.0,4
2902254,15.534,66.548,2019-03-26T07:52:00Z,0.0,0.0,0.0,4
2902254,15.534,66.548,2019-03-26T07:52:00Z,0.0,0.0,0.0,4
2902254,15.534,66.548,2019-03-26T07:52:00Z,0.0,0.0,0.0,4
2902254,15.534,66.548,2019-03-26T07:52:00Z,0.0,0.0,0.0,4
2902254,15.534,66.548,2019-03-26T07:52:00Z,28.148,36.205,1.0,4
2902254,15.534,66.548,2019-03-26T07:52:00Z,28.111,36.177,2.0,1
2902254,15.534,66.548,2019-03-26T07:52:00Z,27.971,36.252,3.0,1
2902254,15.534,66.548,2019-03-26T07:52:00Z,27.897,36.297,4.0,1
2902254,15.534,66.548,2019-03-26T07:52:00Z,27.874,36.307,5.0,1
2902254,15.534,66.548,2019-03-26T07:52:00Z,27.863,36.307,6.0,1
2902199,15.682,67.433,2019-03-26T08:03:40Z,28.1,36.268,4.3,1
2902199,15.682,67.433,2019-03-26T08:03:40Z,28.094,36.268,6.0,1
2902199,15.682,67.433,2019-03-26T08:03:40Z,0.0,0.0,0.0,4
2902264,14.36944,85.67879166666667,2019-03-26T17:27:00Z,29.317,32.47,5.5,1
2902239,1.0022383333333333,82.524815,2019-03-26T17:35:00Z,31.368,34.308,5.6,1
2902188,0.225,62.627,2019-03-26T21:36:31Z,29.02,35.252,4.2,4
2902188,0.225,62.627,2019-03-26T21:36:31Z,29.003,35.253,6.0,4
2902188,0.225,62.627,2019-03-26T21:36:31Z,0.0,0.0,0.0,4
2902125,13.20442,66.84285166666666,2019-03-27T06:31:00Z,28.602,35.645,6.0,1
2901307,8.599,66.449,2019-03-27T09:40:50Z,29.084,35.44,4.6,1
2902266,14.992,66.483,2019-03-27T14:05:00Z,0.0,0.0,0.0,4
2902266,14.992,66.483,2019-03-27T14:05:00Z,0.0,0.0,0.0,4
2902266,14.992,66.483,2019-03-27T14:05:00Z,0.0,0.0,0.0,4
2902266,14.992,66.483,2019-03-27T14:05:00Z,0.0,0.0,0.0,4
2902266,14.992,66.483,2019-03-27T14:05:00Z,0.0,0.0,0.0,4
2902266,14.992,66.483,2019-03-27T14:05:00Z,0.0,0.0,0.0,4
2902266,14.992,66.483,2019-03-27T14:05:00Z,0.0,0.0,0.0,4
2902266,14.992,66.483,2019-03-27T14:05:00Z,0.0,0.0,0.0,4
2902266,14.992,66.483,2019-03-27T14:05:00Z,0.0,0.0,0.0,4
2902266,14.992,66.483,2019-03-27T14:05:00Z,0.0,0.0,0.0,4
2902266,14.992,66.483,2019-03-27T14:05:00Z,0.0,0.0,0.0,4
2902266,14.992,66.483,2019-03-27T14:05:00Z,0.0,0.0,0.0,4
2902266,14.992,66.483,2019-03-27T14:05:00Z,0.0,0.0,0.0,4
2902266,14.992,66.483,2019-03-27T14:05:00Z,0.0,0.0,0.0,4
2902266,14.992,66.483,2019-03-27T14:05:00Z,0.0,0.0,0.0,4
2902266,14.992,66.483,2019-03-27T14:05:00Z,0.0,0.0,0.0,4
2902266,14.992,66.483,2019-03-27T14:05:00Z,0.0,0.0,0.0,4
2902266,14.992,66.483,2019-03-27T14:05:00Z,0.0,0.0,0.0,4
2902266,14.992,66.483,2019-03-27T14:05:00Z,0.0,0.0,0.0,4
2902266,14.992,66.483,2019-03-27T14:05:00Z,0.0,0.0,0.0,4
2902266,14.992,66.483,2019-03-27T14:05:00Z,0.0,0.0,0.0,4
2902266,14.992,66.483,2019-03-27T14:05:00Z,0.0,0.0,0.0,4
2902266,14.992,66.483,2019-03-27T14:05:00Z,0.0,0.0,0.0,4
2902266,14.992,66.483,2019-03-27T14:05:00Z,0.0,0.0,0.0,4
2902266,14.992,66.483,2019-03-27T14:05:00Z,0.0,0.0,0.0,4
2902266,14.992,66.483,2019-03-27T14:05:00Z,0.0,0.0,0.0,4
2902266,14.992,66.483,2019-03-27T14:05:00Z,0.0,0.0,0.0,4
2902266,14.992,66.483,2019-03-27T14:05:00Z,0.0,0.0,0.0,4
2902266,14.992,66.483,2019-03-27T14:05:00Z,0.0,0.0,0.0,4
2902266,14.992,66.483,2019-03-27T14:05:00Z,0.0,0.0,0.0,4
2902266,14.992,66.483,2019-03-27T14:05:00Z,0.0,0.0,0.0,4
2902266,14.992,66.483,2019-03-27T14:05:00Z,0.0,0.0,0.0,4
2902266,14.992,66.483,2019-03-27T14:05:00Z,0.0,0.0,0.0,4
2902266,14.992,66.483,2019-03-27T14:05:00Z,0.0,0.0,0.0,4
2902266,14.992,66.483,2019-03-27T14:05:00Z,0.0,0.0,0.0,4
2902266,14.992,66.483,2019-03-27T14:05:00Z,0.0,0.0,0.0,4
2902266,14.992,66.483,2019-03-27T14:05:00Z,0.0,0.0,0.0,4
2902266,14.992,66.483,2019-03-27T14:05:00Z,0.0,0.0,0.0,4
2902266,14.992,66.483,2019-03-27T14:05:00Z,0.0,0.0,0.0,4
2902266,14.992,66.483,2019-03-27T14:05:00Z,0.0,0.0,0.0,4
2902266,14.992,66.483,2019-03-27T14:05:00Z,0.0,0.0,0.0,4
2902266,14.992,66.483,2019-03-27T14:05:00Z,0.0,0.0,0.0,4
2902266,14.992,66.483,2019-03-27T14:05:00Z,0.0,0.0,0.0,4
2902266,14.992,66.483,2019-03-27T14:05:00Z,0.0,0.0,0.0,4
2902266,14.992,66.483,2019-03-27T14:05:00Z,0.0,0.0,0.0,4
2902266,14.992,66.483,2019-03-27T14:05:00Z,0.0,0.0,0.0,4
2902266,14.992,66.483,2019-03-27T14:05:00Z,0.0,0.0,0.0,4
2902266,14.992,66.483,2019-03-27T14:05:00Z,0.0,0.0,0.0,4
2902266,14.992,66.483,2019-03-27T14:05:00Z,0.0,0.0,0.0,4
2902266,14.992,66.483,2019-03-27T14:05:00Z,0.0,0.0,0.0,4
2902266,14.992,66.483,2019-03-27T14:05:00Z,0.0,0.0,0.0,4
2902266,14.992,66.483,2019-03-27T14:05:00Z,0.0,0.0,0.0,4
2902266,14.992,66.483,2019-03-27T14:05:00Z,0.0,0.0,0.0,4
2902266,14.992,66.483,2019-03-27T14:05:00Z,0.0,0.0,0.0,4
2902266,14.992,66.483,2019-03-27T14:05:00Z,0.0,0.0,0.0,4
2902266,14.992,66.483,2019-03-27T14:05:00Z,0.0,0.0,0.0,4
2902266,14.992,66.483,2019-03-27T14:05:00Z,0.0,0.0,0.0,4
2902266,14.992,66.483,2019-03-27T14:05:00Z,0.0,0.0,0.0,4
2902266,14.992,66.483,2019-03-27T14:05:00Z,0.0,0.0,0.0,4
2902266,14.992,66.483,2019-03-27T14:05:00Z,0.0,0.0,0.0,4
2902266,14.992,66.483,2019-03-27T14:05:00Z,0.0,0.0,0.0,4
2902266,14.992,66.483,2019-03-27T14:05:00Z,0.0,0.0,0.0,4
2902266,14.992,66.483,2019-03-27T14:05:00Z,0.0,0.0,0.0,4
2902266,14.992,66.483,2019-03-27T14:05:00Z,0.0,0.0,0.0,4
2902266,14.992,66.483,2019-03-27T14:05:00Z,0.0,0.0,0.0,4
2902266,14.992,66.483,2019-03-27T14:05:00Z,0.0,0.0,0.0,4
2902266,14.992,66.483,2019-03-27T14:05:00Z,0.0,0.0,0.0,4
2902266,14.992,66.483,2019-03-27T14:05:00Z,0.0,0.0,0.0,4
2902266,14.992,66.483,2019-03-27T14:05:00Z,0.0,0.0,0.0,4
2902266,14.992,66.483,2019-03-27T14:05:00Z,0.0,0.0,0.0,4
2902266,14.992,66.483,2019-03-27T14:05:00Z,0.0,0.0,0.0,4
2902266,14.992,66.483,2019-03-27T14:05:00Z,0.0,0.0,0.0,4
2902266,14.992,66.483,2019-03-27T14:05:00Z,0.0,0.0,0.0,4
2902266,14.992,66.483,2019-03-27T14:05:00Z,0.0,0.0,0.0,4
2902266,14.992,66.483,2019-03-27T14:05:00Z,0.0,0.0,0.0,4
2902266,14.992,66.483,2019-03-27T14:05:00Z,0.0,0.0,0.0,4
2902266,14.992,66.483,2019-03-27T14:05:00Z,0.0,0.0,0.0,4
2902266,14.992,66.483,2019-03-27T14:05:00Z,0.0,0.0,0.0,4
2902266,14.992,66.483,2019-03-27T14:05:00Z,0.0,0.0,0.0,4
2902266,14.992,66.483,2019-03-27T14:05:00Z,0.0,0.0,0.0,4
2902266,14.992,66.483,2019-03-27T14:05:00Z,0.0,0.0,0.0,4
2902266,14.992,66.483,2019-03-27T14:05:00Z,0.0,0.0,0.0,4
2902266,14.992,66.483,2019-03-27T14:05:00Z,0.0,0.0,0.0,4
2902266,14.992,66.483,2019-03-27T14:05:00Z,0.0,0.0,0.0,4
2902266,14.992,66.483,2019-03-27T14:05:00Z,0.0,0.0,0.0,4
2902266,14.992,66.483,2019-03-27T14:05:00Z,0.0,0.0,0.0,4
2902266,14.992,66.483,2019-03-27T14:05:00Z,0.0,0.0,0.0,4
2902266,14.992,66.483,2019-03-27T14:05:00Z,0.0,0.0,0.0,4
2902266,14.992,66.483,2019-03-27T14:05:00Z,0.0,0.0,0.0,4
2902266,14.992,66.483,2019-03-27T14:05:00Z,0.0,0.0,0.0,4
2902266,14.992,66.483,2019-03-27T14:05:00Z,0.0,0.0,0.0,4
2902266,14.992,66.483,2019-03-27T14:05:00Z,0.0,0.0,0.0,4
2902266,14.992,66.483,2019-03-27T14:05:00Z,0.0,0.0,0.0,4
2902266,14.992,66.483,2019-03-27T14:05:00Z,0.0,0.0,0.0,4
2902266,14.992,66.483,2019-03-27T14:05:00Z,0.0,0.0,0.0,4
2902266,14.992,66.483,2019-03-27T14:05:00Z,0.0,0.0,0.0,4
2902266,14.992,66.483,2019-03-27T14:05:00Z,0.0,0.0,0.0,4
2902266,14.992,66.483,2019-03-27T14:05:00Z,0.0,0.0,0.0,4
2902266,14.992,66.483,2019-03-27T14:05:00Z,0.0,0.0,0.0,4
2902266,14.992,66.483,2019-03-27T14:05:00Z,0.0,0.0,0.0,4
2902266,14.992,66.483,2019-03-27T14:05:00Z,0.0,0.0,0.0,4
2902266,14.992,66.483,2019-03-27T14:05:00Z,0.0,0.0,0.0,4
2902266,14.992,66.483,2019-03-27T14:05:00Z,0.0,0.0,0.0,4
2902266,14.992,66.483,2019-03-27T14:05:00Z,0.0,0.0,0.0,4
2902266,14.992,66.483,2019-03-27T14:05:00Z,0.0,0.0,0.0,4
2902266,14.992,66.483,2019-03-27T14:05:00Z,0.0,0.0,0.0,4
2902266,14.992,66.483,2019-03-27T14:05:00Z,0.0,0.0,0.0,4
2902266,14.992,66.483,2019-03-27T14:05:00Z,0.0,0.0,0.0,4
2902266,14.992,66.483,2019-03-27T14:05:00Z,0.0,0.0,0.0,4
2902266,14.992,66.483,2019-03-27T14:05:00Z,0.0,0.0,0.0,4
2902266,14.992,66.483,2019-03-27T14:05:00Z,0.0,0.0,0.0,4
2902266,14.992,66.483,2019-03-27T14:05:00Z,0.0,0.0,0.0,4
2902266,14.992,66.483,2019-03-27T14:05:00Z,0.0,0.0,0.0,4
2902266,14.992,66.483,2019-03-27T14:05:00Z,0.0,0.0,0.0,4
2902266,14.992,66.483,2019-03-27T14:05:00Z,0.0,0.0,0.0,4
2902266,14.992,66.483,2019-03-27T14:05:00Z,0.0,0.0,0.0,4
2902266,14.992,66.483,2019-03-27T14:05:00Z,0.0,0.0,0.0,4
2902266,14.992,66.483,2019-03-27T14:05:00Z,0.0,0.0,0.0,4
2902266,14.992,66.483,2019-03-27T14:05:00Z,0.0,0.0,0.0,4
2902266,14.992,66.483,2019-03-27T14:05:00Z,0.0,0.0,0.0,4
2902266,14.992,66.483,2019-03-27T14:05:00Z,0.0,0.0,0.0,4
2902266,14.992,66.483,2019-03-27T14:05:00Z,0.0,0.0,0.0,4
2902266,14.992,66.483,2019-03-27T14:05:00Z,0.0,0.0,0.0,4
2902266,14.992,66.483,2019-03-27T14:05:00Z,0.0,0.0,0.0,4
2902266,14.992,66.483,2019-03-27T14:05:00Z,0.0,0.0,0.0,4
2902266,14.992,66.483,2019-03-27T14:05:00Z,0.0,0.0,0.0,4
2902266,14.992,66.483,2019-03-27T14:05:00Z,0.0,0.0,0.0,4
2902266,14.992,66.483,2019-03-27T14:05:00Z,0.0,0.0,0.0,4
2902266,14.992,66.483,2019-03-27T14:05:00Z,0.0,0.0,0.0,4
2902266,14.992,66.483,2019-03-27T14:05:00Z,0.0,0.0,0.0,4
2902266,14.992,66.483,2019-03-27T14:05:00Z,0.0,0.0,0.0,4
2902266,14.992,66.483,2019-03-27T14:05:00Z,0.0,0.0,0.0,4
2902266,14.992,66.483,2019-03-27T14:05:00Z,0.0,0.0,0.0,4
2902266,14.992,66.483,2019-03-27T14:05:00Z,0.0,0.0,0.0,4
2902266,14.992,66.483,2019-03-27T14:05:00Z,0.0,0.0,0.0,4
2902266,14.992,66.483,2019-03-27T14:05:00Z,0.0,0.0,0.0,4
2902266,14.992,66.483,2019-03-27T14:05:00Z,0.0,0.0,0.0,4
2902266,14.992,66.483,2019-03-27T14:05:00Z,0.0,0.0,0.0,4
2902266,14.992,66.483,2019-03-27T14:05:00Z,0.0,0.0,0.0,4
2902266,14.992,66.483,2019-03-27T14:05:00Z,0.0,0.0,0.0,4
2902266,14.992,66.483,2019-03-27T14:05:00Z,0.0,0.0,0.0,4
2902266,14.992,66.483,2019-03-27T14:05:00Z,0.0,0.0,0.0,4
2902266,14.992,66.483,2019-03-27T14:05:00Z,0.0,0.0,0.0,4
2902266,14.992,66.483,2019-03-27T14:05:00Z,0.0,0.0,0.0,4
2902266,14.992,66.483,2019-03-27T14:05:00Z,0.0,0.0,0.0,4
2902266,14.992,66.483,2019-03-27T14:05:00Z,0.0,0.0,0.0,4
2902266,14.992,66.483,2019-03-27T14:05:00Z,0.0,0.0,0.0,4
2902266,14.992,66.483,2019-03-27T14:05:00Z,0.0,0.0,0.0,4
2902266,14.992,66.483,2019-03-27T14:05:00Z,0.0,0.0,0.0,4
2902266,14.992,66.483,2019-03-27T14:05:00Z,0.0,0.0,0.0,4
2902266,14.992,66.483,2019-03-27T14:05:00Z,0.0,0.0,0.0,4
2902266,14.992,66.483,2019-03-27T14:05:00Z,0.0,0.0,0.0,4
2902266,14.992,66.483,2019-03-27T14:05:00Z,0.0,0.0,0.0,4
2902266,14.992,66.483,2019-03-27T14:05:00Z,0.0,0.0,0.0,4
2902266,14.992,66.483,2019-03-27T14:05:00Z,0.0,0.0,0.0,4
2902266,14.992,66.483,2019-03-27T14:05:00Z,0.0,0.0,0.0,4
2902266,14.992,66.483,2019-03-27T14:05:00Z,0.0,0.0,0.0,4
2902266,14.992,66.483,2019-03-27T14:05:00Z,0.0,0.0,0.0,4
2902266,14.992,66.483,2019-03-27T14:05:00Z,0.0,0.0,0.0,4
2902266,14.992,66.483,2019-03-27T14:05:00Z,0.0,0.0,0.0,4
2902266,14.992,66.483,2019-03-27T14:05:00Z,0.0,0.0,0.0,4
2902266,14.992,66.483,2019-03-27T14:05:00Z,0.0,0.0,0.0,4
2902266,14.992,66.483,2019-03-27T14:05:00Z,0.0,0.0,0.0,4
2902266,14.992,66.483,2019-03-27T14:05:00Z,0.0,0.0,0.0,4
2902266,14.992,66.483,2019-03-27T14:05:00Z,0.0,0.0,0.0,4
2902266,14.992,66.483,2019-03-27T14:05:00Z,0.0,0.0,0.0,4
2902266,14.992,66.483,2019-03-27T14:05:00Z,0.0,0.0,0.0,4
2902266,14.992,66.483,2019-03-27T14:05:00Z,0.0,0.0,0.0,4
2902266,14.992,66.483,2019-03-27T14:05:00Z,0.0,0.0,0.0,4
2902266,14.992,66.483,2019-03-27T14:05:00Z,0.0,0.0,0.0,4
2902266,14.992,66.483,2019-03-27T14:05:00Z,0.0,0.0,0.0,4
2902266,14.992,66.483,2019-03-27T14:05:00Z,0.0,0.0,0.0,4
2902266,14.992,66.483,2019-03-27T14:05:00Z,0.0,0.0,0.0,4
2902266,14.992,66.483,2019-03-27T14:05:00Z,0.0,0.0,0.0,4
2902266,14.992,66.483,2019-03-27T14:05:00Z,0.0,0.0,0.0,4
2902266,14.992,66.483,2019-03-27T14:05:00Z,0.0,0.0,0.0,4
2902266,14.992,66.483,2019-03-27T14:05:00Z,0.0,0.0,0.0,4
2902266,14.992,66.483,2019-03-27T14:05:00Z,0.0,0.0,0.0,4
2902266,14.992,66.483,2019-03-27T14:05:00Z,0.0,0.0,0.0,4
2902266,14.992,66.483,2019-03-27T14:05:00Z,0.0,0.0,0.0,4
2902266,14.992,66.483,2019-03-27T14:05:00Z,0.0,0.0,0.0,4
2902266,14.992,66.483,2019-03-27T14:05:00Z,0.0,0.0,0.0,4
2902266,14.992,66.483,2019-03-27T14:05:00Z,0.0,0.0,0.0,4
2902266,14.992,66.483,2019-03-27T14:05:00Z,0.0,0.0,0.0,4
2902266,14.992,66.483,2019-03-27T14:05:00Z,0.0,0.0,0.0,4
2902266,14.992,66.483,2019-03-27T14:05:00Z,0.0,0.0,0.0,4
2902266,14.992,66.483,2019-03-27T14:05:00Z,0.0,0.0,0.0,4
2902266,14.992,66.483,2019-03-27T14:05:00Z,0.0,0.0,0.0,4
2902266,14.992,66.483,2019-03-27T14:05:00Z,0.0,0.0,0.0,4
2902266,14.992,66.483,2019-03-27T14:05:00Z,0.0,0.0,0.0,4
2902266,14.992,66.483,2019-03-27T14:05:00Z,0.0,0.0,0.0,4
2902266,14.992,66.483,2019-03-27T14:05:00Z,0.0,0.0,0.0,4
2902266,14.992,66.483,2019-03-27T14:05:00Z,0.0,0.0,0.0,4
2902266,14.992,66.483,2019-03-27T14:05:00Z,0.0,0.0,0.0,4
2902266,14.992,66.483,2019-03-27T14:05:00Z,0.0,0.0,0.0,4
2902266,14.992,66.483,2019-03-27T14:05:00Z,0.0,0.0,0.0,4
2902266,14.992,66.483,2019-03-27T14:05:00Z,0.0,0.0,0.0,4
2902266,14.992,66.483,2019-03-27T14:05:00Z,0.0,0.0,0.0,4
2902266,14.992,66.483,2019-03-27T14:05:00Z,0.0,0.0,0.0,4
2902266,14.992,66.483,2019-03-27T14:05:00Z,0.0,0.0,0.0,4
2902266,14.992,66.483,2019-03-27T14:05:00Z,0.0,0.0,0.0,4
2902266,14.992,66.483,2019-03-27T14:05:00Z,0.0,0.0,0.0,4
2902266,14.992,66.483,2019-03-27T14:05:00Z,0.0,0.0,0.0,4
2902266,14.992,66.483,2019-03-27T14:05:00Z,0.0,0.0,0.0,4
2902266,14.992,66.483,2019-03-27T14:05:00Z,0.0,0.0,0.0,4
2902266,14.992,66.483,2019-03-27T14:05:00Z,0.0,0.0,0.0,4
2902266,14.992,66.483,2019-03-27T14:05:00Z,0.0,0.0,0.0,4
2902266,14.992,66.483,2019-03-27T14:05:00Z,0.0,0.0,0.0,4
2902266,14.992,66.483,2019-03-27T14:05:00Z,0.0,0.0,0.0,4
2902266,14.992,66.483,2019-03-27T14:05:00Z,0.0,0.0,0.0,4
2902266,14.992,66.483,2019-03-27T14:05:00Z,0.0,0.0,0.0,4
2902266,14.992,66.483,2019-03-27T14:05:00Z,0.0,0.0,0.0,4
2902266,14.992,66.483,2019-03-27T14:05:00Z,0.0,0.0,0.0,4
2902266,14.992,66.483,2019-03-27T14:05:00Z,0.0,0.0,0.0,4
2902266,14.992,66.483,2019-03-27T14:05:00Z,0.0,0.0,0.0,4
2902266,14.992,66.483,2019-03-27T14:05:00Z,0.0,0.0,0.0,4
2902266,14.992,66.483,2019-03-27T14:05:00Z,0.0,0.0,0.0,4
2902266,14.992,66.483,2019-03-27T14:05:00Z,0.0,0.0,0.0,4
2902266,14.992,66.483,2019-03-27T14:05:00Z,0.0,0.0,0.0,4
2902266,14.992,66.483,2019-03-27T14:05:00Z,0.0,0.0,0.0,4
2902266,14.992,66.483,2019-03-27T14:05:00Z,0.0,0.0,0.0,4
2902266,14.992,66.483,2019-03-27T14:05:00Z,0.0,0.0,0.0,4
2902266,14.992,66.483,2019-03-27T14:05:00Z,0.0,0.0,0.0,4
2902266,14.992,66.483,2019-03-27T14:05:00Z,0.0,0.0,0.0,4
2902266,14.992,66.483,2019-03-27T14:05:00Z,0.0,0.0,0.0,4
2902266,14.992,66.483,2019-03-27T14:05:00Z,0.0,0.0,0.0,4
2902266,14.992,66.483,2019-03-27T14:05:00Z,0.0,0.0,0.0,4
2902266,14.992,66.483,2019-03-27T14:05:00Z,0.0,0.0,0.0,4
2902266,14.992,66.483,2019-03-27T14:05:00Z,0.0,0.0,0.0,4
2902266,14.992,66.483,2019-03-27T14:05:00Z,0.0,0.0,0.0,4
2902266,14.992,66.483,2019-03-27T14:05:00Z,0.0,0.0,0.0,4
2902266,14.992,66.483,2019-03-27T14:05:00Z,0.0,0.0,0.0,4
2902266,14.992,66.483,2019-03-27T14:05:00Z,0.0,0.0,0.0,4
2902266,14.992,66.483,2019-03-27T14:05:00Z,0.0,0.0,0.0,4
2902266,14.992,66.483,2019-03-27T14:05:00Z,0.0,0.0,0.0,4
2902266,14.992,66.483,2019-03-27T14:05:00Z,28.733,35.288,1.0,4
2902266,14.992,66.483,2019-03-27T14:05:00Z,28.736,35.271,2.0,4
2902266,14.992,66.483,2019-03-27T14:05:00Z,28.737,35.256,3.0,4
2902266,14.992,66.483,2019-03-27T14:05:00Z,28.734,35.236,4.0,1
2902266,14.992,66.483,2019-03-27T14:05:00Z,28.731,35.238,5.0,1
2902266,14.992,66.483,2019-03-27T14:05:00Z,28.724,35.201,6.0,1
2902216,1.719,80.82,2019-03-28T02:33:32Z,30.005,34.913,4.1,1
2902216,1.719,80.82,2019-03-28T02:33:32Z,30.005,34.913,6.0,1
2902216,1.719,80.82,2019-03-28T02:33:32Z,0.0,0.0,0.0,4
2902206,15.4,68.514,2019-03-28T06:10:18Z,28.034,0.0,4.2,4
2902265,15.177,70.765,2019-03-28T13:49:00Z,0.0,0.0,0.0,4
2902265,15.177,70.765,2019-03-28T13:49:00Z,0.0,0.0,0.0,4
2902265,15.177,70.765,2019-03-28T13:49:00Z,0.0,0.0,0.0,4
2902265,15.177,70.765,2019-03-28T13:49:00Z,0.0,0.0,0.0,4
2902265,15.177,70.765,2019-03-28T13:49:00Z,0.0,0.0,0.0,4
2902265,15.177,70.765,2019-03-28T13:49:00Z,0.0,0.0,0.0,4
2902265,15.177,70.765,2019-03-28T13:49:00Z,0.0,0.0,0.0,4
2902265,15.177,70.765,2019-03-28T13:49:00Z,0.0,0.0,0.0,4
2902265,15.177,70.765,2019-03-28T13:49:00Z,0.0,0.0,0.0,4
2902265,15.177,70.765,2019-03-28T13:49:00Z,0.0,0.0,0.0,4
2902265,15.177,70.765,2019-03-28T13:49:00Z,0.0,0.0,0.0,4
2902265,15.177,70.765,2019-03-28T13:49:00Z,0.0,0.0,0.0,4
2902265,15.177,70.765,2019-03-28T13:49:00Z,0.0,0.0,0.0,4
2902265,15.177,70.765,2019-03-28T13:49:00Z,0.0,0.0,0.0,4
2902265,15.177,70.765,2019-03-28T13:49:00Z,0.0,0.0,0.0,4
2902265,15.177,70.765,2019-03-28T13:49:00Z,0.0,0.0,0.0,4
2902265,15.177,70.765,2019-03-28T13:49:00Z,0.0,0.0,0.0,4
2902265,15.177,70.765,2019-03-28T13:49:00Z,0.0,0.0,0.0,4
2902265,15.177,70.765,2019-03-28T13:49:00Z,0.0,0.0,0.0,4
2902265,15.177,70.765,2019-03-28T13:49:00Z,0.0,0.0,0.0,4
2902265,15.177,70.765,2019-03-28T13:49:00Z,0.0,0.0,0.0,4
2902265,15.177,70.765,2019-03-28T13:49:00Z,0.0,0.0,0.0,4
2902265,15.177,70.765,2019-03-28T13:49:00Z,0.0,0.0,0.0,4
2902265,15.177,70.765,2019-03-28T13:49:00Z,0.0,0.0,0.0,4
2902265,15.177,70.765,2019-03-28T13:49:00Z,0.0,0.0,0.0,4
2902265,15.177,70.765,2019-03-28T13:49:00Z,0.0,0.0,0.0,4
2902265,15.177,70.765,2019-03-28T13:49:00Z,0.0,0.0,0.0,4
2902265,15.177,70.765,2019-03-28T13:49:00Z,0.0,0.0,0.0,4
2902265,15.177,70.765,2019-03-28T13:49:00Z,0.0,0.0,0.0,4
2902265,15.177,70.765,2019-03-28T13:49:00Z,0.0,0.0,0.0,4
2902265,15.177,70.765,2019-03-28T13:49:00Z,0.0,0.0,0.0,4
2902265,15.177,70.765,2019-03-28T13:49:00Z,0.0,0.0,0.0,4
2902265,15.177,70.765,2019-03-28T13:49:00Z,0.0,0.0,0.0,4
2902265,15.177,70.765,2019-03-28T13:49:00Z,0.0,0.0,0.0,4
2902265,15.177,70.765,2019-03-28T13:49:00Z,0.0,0.0,0.0,4
2902265,15.177,70.765,2019-03-28T13:49:00Z,0.0,0.0,0.0,4
2902265,15.177,70.765,2019-03-28T13:49:00Z,0.0,0.0,0.0,4
2902265,15.177,70.765,2019-03-28T13:49:00Z,0.0,0.0,0.0,4
2902265,15.177,70.765,2019-03-28T13:49:00Z,0.0,0.0,0.0,4
2902265,15.177,70.765,2019-03-28T13:49:00Z,0.0,0.0,0.0,4
2902265,15.177,70.765,2019-03-28T13:49:00Z,0.0,0.0,0.0,4
2902265,15.177,70.765,2019-03-28T13:49:00Z,0.0,0.0,0.0,4
2902265,15.177,70.765,2019-03-28T13:49:00Z,0.0,0.0,0.0,4
2902265,15.177,70.765,2019-03-28T13:49:00Z,0.0,0.0,0.0,4
2902265,15.177,70.765,2019-03-28T13:49:00Z,0.0,0.0,0.0,4
2902265,15.177,70.765,2019-03-28T13:49:00Z,0.0,0.0,0.0,4
2902265,15.177,70.765,2019-03-28T13:49:00Z,0.0,0.0,0.0,4
2902265,15.177,70.765,2019-03-28T13:49:00Z,0.0,0.0,0.0,4
2902265,15.177,70.765,2019-03-28T13:49:00Z,0.0,0.0,0.0,4
2902265,15.177,70.765,2019-03-28T13:49:00Z,0.0,0.0,0.0,4
2902265,15.177,70.765,2019-03-28T13:49:00Z,0.0,0.0,0.0,4
2902265,15.177,70.765,2019-03-28T13:49:00Z,0.0,0.0,0.0,4
2902265,15.177,70.765,2019-03-28T13:49:00Z,0.0,0.0,0.0,4
2902265,15.177,70.765,2019-03-28T13:49:00Z,0.0,0.0,0.0,4
2902265,15.177,70.765,2019-03-28T13:49:00Z,0.0,0.0,0.0,4
2902265,15.177,70.765,2019-03-28T13:49:00Z,0.0,0.0,0.0,4
2902265,15.177,70.765,2019-03-28T13:49:00Z,0.0,0.0,0.0,4
2902265,15.177,70.765,2019-03-28T13:49:00Z,0.0,0.0,0.0,4
2902265,15.177,70.765,2019-03-28T13:49:00Z,0.0,0.0,0.0,4
2902265,15.177,70.765,2019-03-28T13:49:00Z,0.0,0.0,0.0,4
2902265,15.177,70.765,2019-03-28T13:49:00Z,0.0,0.0,0.0,4
2902265,15.177,70.765,2019-03-28T13:49:00Z,0.0,0.0,0.0,4
2902265,15.177,70.765,2019-03-28T13:49:00Z,0.0,0.0,0.0,4
2902265,15.177,70.765,2019-03-28T13:49:00Z,0.0,0.0,0.0,4
2902265,15.177,70.765,2019-03-28T13:49:00Z,0.0,0.0,0.0,4
2902265,15.177,70.765,2019-03-28T13:49:00Z,0.0,0.0,0.0,4
2902265,15.177,70.765,2019-03-28T13:49:00Z,0.0,0.0,0.0,4
2902265,15.177,70.765,2019-03-28T13:49:00Z,0.0,0.0,0.0,4
2902265,15.177,70.765,2019-03-28T13:49:00Z,0.0,0.0,0.0,4
2902265,15.177,70.765,2019-03-28T13:49:00Z,0.0,0.0,0.0,4
2902265,15.177,70.765,2019-03-28T13:49:00Z,0.0,0.0,0.0,4
2902265,15.177,70.765,2019-03-28T13:49:00Z,0.0,0.0,0.0,4
2902265,15.177,70.765,2019-03-28T13:49:00Z,0.0,0.0,0.0,4
2902265,15.177,70.765,2019-03-28T13:49:00Z,0.0,0.0,0.0,4
2902265,15.177,70.765,2019-03-28T13:49:00Z,0.0,0.0,0.0,4
2902265,15.177,70.765,2019-03-28T13:49:00Z,0.0,0.0,0.0,4
2902265,15.177,70.765,2019-03-28T13:49:00Z,0.0,0.0,0.0,4
2902265,15.177,70.765,2019-03-28T13:49:00Z,0.0,0.0,0.0,4
2902265,15.177,70.765,2019-03-28T13:49:00Z,0.0,0.0,0.0,4
2902265,15.177,70.765,2019-03-28T13:49:00Z,0.0,0.0,0.0,4
2902265,15.177,70.765,2019-03-28T13:49:00Z,0.0,0.0,0.0,4
2902265,15.177,70.765,2019-03-28T13:49:00Z,0.0,0.0,0.0,4
2902265,15.177,70.765,2019-03-28T13:49:00Z,0.0,0.0,0.0,4
2902265,15.177,70.765,2019-03-28T13:49:00Z,0.0,0.0,0.0,4
2902265,15.177,70.765,2019-03-28T13:49:00Z,0.0,0.0,0.0,4
2902265,15.177,70.765,2019-03-28T13:49:00Z,0.0,0.0,0.0,4
2902265,15.177,70.765,2019-03-28T13:49:00Z,0.0,0.0,0.0,4
2902265,15.177,70.765,2019-03-28T13:49:00Z,0.0,0.0,0.0,4
2902265,15.177,70.765,2019-03-28T13:49:00Z,0.0,0.0,0.0,4
2902265,15.177,70.765,2019-03-28T13:49:00Z,0.0,0.0,0.0,4
2902265,15.177,70.765,2019-03-28T13:49:00Z,0.0,0.0,0.0,4
2902265,15.177,70.765,2019-03-28T13:49:00Z,0.0,0.0,0.0,4
2902265,15.177,70.765,2019-03-28T13:49:00Z,0.0,0.0,0.0,4
2902265,15.177,70.765,2019-03-28T13:49:00Z,0.0,0.0,0.0,4
2902265,15.177,70.765,2019-03-28T13:49:00Z,0.0,0.0,0.0,4
2902265,15.177,70.765,2019-03-28T13:49:00Z,0.0,0.0,0.0,4
2902265,15.177,70.765,2019-03-28T13:49:00Z,0.0,0.0,0.0,4
2902265,15.177,70.765,2019-03-28T13:49:00Z,0.0,0.0,0.0,4
2902265,15.177,70.765,2019-03-28T13:49:00Z,0.0,0.0,0.0,4
2902265,15.177,70.765,2019-03-28T13:49:00Z,0.0,0.0,0.0,4
2902265,15.177,70.765,2019-03-28T13:49:00Z,0.0,0.0,0.0,4
2902265,15.177,70.765,2019-03-28T13:49:00Z,0.0,0.0,0.0,4
2902265,15.177,70.765,2019-03-28T13:49:00Z,0.0,0.0,0.0,4
2902265,15.177,70.765,2019-03-28T13:49:00Z,0.0,0.0,0.0,4
2902265,15.177,70.765,2019-03-28T13:49:00Z,0.0,0.0,0.0,4
2902265,15.177,70.765,2019-03-28T13:49:00Z,0.0,0.0,0.0,4
2902265,15.177,70.765,2019-03-28T13:49:00Z,0.0,0.0,0.0,4
2902265,15.177,70.765,2019-03-28T13:49:00Z,0.0,0.0,0.0,4
2902265,15.177,70.765,2019-03-28T13:49:00Z,0.0,0.0,0.0,4
2902265,15.177,70.765,2019-03-28T13:49:00Z,0.0,0.0,0.0,4
2902265,15.177,70.765,2019-03-28T13:49:00Z,0.0,0.0,0.0,4
2902265,15.177,70.765,2019-03-28T13:49:00Z,0.0,0.0,0.0,4
2902265,15.177,70.765,2019-03-28T13:49:00Z,0.0,0.0,0.0,4
2902265,15.177,70.765,2019-03-28T13:49:00Z,0.0,0.0,0.0,4
2902265,15.177,70.765,2019-03-28T13:49:00Z,0.0,0.0,0.0,4
2902265,15.177,70.765,2019-03-28T13:49:00Z,0.0,0.0,0.0,4
2902265,15.177,70.765,2019-03-28T13:49:00Z,0.0,0.0,0.0,4
2902265,15.177,70.765,2019-03-28T13:49:00Z,0.0,0.0,0.0,4
2902265,15.177,70.765,2019-03-28T13:49:00Z,0.0,0.0,0.0,4
2902265,15.177,70.765,2019-03-28T13:49:00Z,0.0,0.0,0.0,4
2902265,15.177,70.765,2019-03-28T13:49:00Z,0.0,0.0,0.0,4
2902265,15.177,70.765,2019-03-28T13:49:00Z,0.0,0.0,0.0,4
2902265,15.177,70.765,2019-03-28T13:49:00Z,0.0,0.0,0.0,4
2902265,15.177,70.765,2019-03-28T13:49:00Z,0.0,0.0,0.0,4
2902265,15.177,70.765,2019-03-28T13:49:00Z,0.0,0.0,0.0,4
2902265,15.177,70.765,2019-03-28T13:49:00Z,0.0,0.0,0.0,4
2902265,15.177,70.765,2019-03-28T13:49:00Z,0.0,0.0,0.0,4
2902265,15.177,70.765,2019-03-28T13:49:00Z,0.0,0.0,0.0,4
2902265,15.177,70.765,2019-03-28T13:49:00Z,0.0,0.0,0.0,4
2902265,15.177,70.765,2019-03-28T13:49:00Z,0.0,0.0,0.0,4
2902265,15.177,70.765,2019-03-28T13:49:00Z,0.0,0.0,0.0,4
2902265,15.177,70.765,2019-03-28T13:49:00Z,0.0,0.0,0.0,4
2902265,15.177,70.765,2019-03-28T13:49:00Z,0.0,0.0,0.0,4
2902265,15.177,70.765,2019-03-28T13:49:00Z,0.0,0.0,0.0,4
2902265,15.177,70.765,2019-03-28T13:49:00Z,0.0,0.0,0.0,4
2902265,15.177,70.765,2019-03-28T13:49:00Z,0.0,0.0,0.0,4
2902265,15.177,70.765,2019-03-28T13:49:00Z,0.0,0.0,0.0,4
2902265,15.177,70.765,2019-03-28T13:49:00Z,0.0,0.0,0.0,4
2902265,15.177,70.765,2019-03-28T13:49:00Z,0.0,0.0,0.0,4
2902265,15.177,70.765,2019-03-28T13:49:00Z,0.0,0.0,0.0,4
2902265,15.177,70.765,2019-03-28T13:49:00Z,0.0,0.0,0.0,4
2902265,15.177,70.765,2019-03-28T13:49:00Z,0.0,0.0,0.0,4
2902265,15.177,70.765,2019-03-28T13:49:00Z,0.0,0.0,0.0,4
2902265,15.177,70.765,2019-03-28T13:49:00Z,0.0,0.0,0.0,4
2902265,15.177,70.765,2019-03-28T13:49:00Z,0.0,0.0,0.0,4
2902265,15.177,70.765,2019-03-28T13:49:00Z,0.0,0.0,0.0,4
2902265,15.177,70.765,2019-03-28T13:49:00Z,0.0,0.0,0.0,4
2902265,15.177,70.765,2019-03-28T13:49:00Z,0.0,0.0,0.0,4
2902265,15.177,70.765,2019-03-28T13:49:00Z,0.0,0.0,0.0,4
2902265,15.177,70.765,2019-03-28T13:49:00Z,0.0,0.0,0.0,4
2902265,15.177,70.765,2019-03-28T13:49:00Z,0.0,0.0,0.0,4
2902265,15.177,70.765,2019-03-28T13:49:00Z,0.0,0.0,0.0,4
2902265,15.177,70.765,2019-03-28T13:49:00Z,0.0,0.0,0.0,4
2902265,15.177,70.765,2019-03-28T13:49:00Z,0.0,0.0,0.0,4
2902265,15.177,70.765,2019-03-28T13:49:00Z,0.0,0.0,0.0,4
2902265,15.177,70.765,2019-03-28T13:49:00Z,0.0,0.0,0.0,4
2902265,15.177,70.765,2019-03-28T13:49:00Z,0.0,0.0,0.0,4
2902265,15.177,70.765,2019-03-28T13:49:00Z,0.0,0.0,0.0,4
2902265,15.177,70.765,2019-03-28T13:49:00Z,0.0,0.0,0.0,4
2902265,15.177,70.765,2019-03-28T13:49:00Z,0.0,0.0,0.0,4
2902265,15.177,70.765,2019-03-28T13:49:00Z,0.0,0.0,0.0,4
2902265,15.177,70.765,2019-03-28T13:49:00Z,0.0,0.0,0.0,4
2902265,15.177,70.765,2019-03-28T13:49:00Z,0.0,0.0,0.0,4
2902265,15.177,70.765,2019-03-28T13:49:00Z,0.0,0.0,0.0,4
2902265,15.177,70.765,2019-03-28T13:49:00Z,0.0,0.0,0.0,4
2902265,15.177,70.765,2019-03-28T13:49:00Z,0.0,0.0,0.0,4
2902265,15.177,70.765,2019-03-28T13:49:00Z,0.0,0.0,0.0,4
2902265,15.177,70.765,2019-03-28T13:49:00Z,0.0,0.0,0.0,4
2902265,15.177,70.765,2019-03-28T13:49:00Z,0.0,0.0,0.0,4
2902265,15.177,70.765,2019-03-28T13:49:00Z,0.0,0.0,0.0,4
2902265,15.177,70.765,2019-03-28T13:49:00Z,0.0,0.0,0.0,4
2902265,15.177,70.765,2019-03-28T13:49:00Z,0.0,0.0,0.0,4
2902265,15.177,70.765,2019-03-28T13:49:00Z,0.0,0.0,0.0,4
2902265,15.177,70.765,2019-03-28T13:49:00Z,0.0,0.0,0.0,4
2902265,15.177,70.765,2019-03-28T13:49:00Z,0.0,0.0,0.0,4
2902265,15.177,70.765,2019-03-28T13:49:00Z,0.0,0.0,0.0,4
2902265,15.177,70.765,2019-03-28T13:49:00Z,0.0,0.0,0.0,4
2902265,15.177,70.765,2019-03-28T13:49:00Z,0.0,0.0,0.0,4
2902265,15.177,70.765,2019-03-28T13:49:00Z,0.0,0.0,0.0,4
2902265,15.177,70.765,2019-03-28T13:49:00Z,0.0,0.0,0.0,4
2902265,15.177,70.765,2019-03-28T13:49:00Z,0.0,0.0,0.0,4
2902265,15.177,70.765,2019-03-28T13:49:00Z,0.0,0.0,0.0,4
2902265,15.177,70.765,2019-03-28T13:49:00Z,0.0,0.0,0.0,4
2902265,15.177,70.765,2019-03-28T13:49:00Z,0.0,0.0,0.0,4
2902265,15.177,70.765,2019-03-28T13:49:00Z,0.0,0.0,0.0,4
2902265,15.177,70.765,2019-03-28T13:49:00Z,0.0,0.0,0.0,4
2902265,15.177,70.765,2019-03-28T13:49:00Z,0.0,0.0,0.0,4
2902265,15.177,70.765,2019-03-28T13:49:00Z,0.0,0.0,0.0,4
2902265,15.177,70.765,2019-03-28T13:49:00Z,0.0,0.0,0.0,4
2902265,15.177,70.765,2019-03-28T13:49:00Z,0.0,0.0,0.0,4
2902265,15.177,70.765,2019-03-28T13:49:00Z,0.0,0.0,0.0,4
2902265,15.177,70.765,2019-03-28T13:49:00Z,0.0,0.0,0.0,4
2902265,15.177,70.765,2019-03-28T13:49:00Z,0.0,0.0,0.0,4
2902265,15.177,70.765,2019-03-28T13:49:00Z,0.0,0.0,0.0,4
2902265,15.177,70.765,2019-03-28T13:49:00Z,0.0,0.0,0.0,4
2902265,15.177,70.765,2019-03-28T13:49:00Z,0.0,0.0,0.0,4
2902265,15.177,70.765,2019-03-28T13:49:00Z,0.0,0.0,0.0,4
2902265,15.177,70.765,2019-03-28T13:49:00Z,0.0,0.0,0.0,4
2902265,15.177,70.765,2019-03-28T13:49:00Z,0.0,0.0,0.0,4
2902265,15.177,70.765,2019-03-28T13:49:00Z,0.0,0.0,0.0,4
2902265,15.177,70.765,2019-03-28T13:49:00Z,0.0,0.0,0.0,4
2902265,15.177,70.765,2019-03-28T13:49:00Z,0.0,0.0,0.0,4
2902265,15.177,70.765,2019-03-28T13:49:00Z,0.0,0.0,0.0,4
2902265,15.177,70.765,2019-03-28T13:49:00Z,0.0,0.0,0.0,4
2902265,15.177,70.765,2019-03-28T13:49:00Z,0.0,0.0,0.0,4
2902265,15.177,70.765,2019-03-28T13:49:00Z,0.0,0.0,0.0,4
2902265,15.177,70.765,2019-03-28T13:49:00Z,0.0,0.0,0.0,4
2902265,15.177,70.765,2019-03-28T13:49:00Z,0.0,0.0,0.0,4
2902265,15.177,70.765,2019-03-28T13:49:00Z,0.0,0.0,0.0,4
2902265,15.177,70.765,2019-03-28T13:49:00Z,0.0,0.0,0.0,4
2902265,15.177,70.765,2019-03-28T13:49:00Z,0.0,0.0,0.0,4
2902265,15.177,70.765,2019-03-28T13:49:00Z,0.0,0.0,0.0,4
2902265,15.177,70.765,2019-03-28T13:49:00Z,0.0,0.0,0.0,4
2902265,15.177,70.765,2019-03-28T13:49:00Z,29.05,35.858,1.0,4
2902265,15.177,70.765,2019-03-28T13:49:00Z,28.585,36.106,2.0,4
2902265,15.177,70.765,2019-03-28T13:49:00Z,28.499,36.142,3.0,4
2902265,15.177,70.765,2019-03-28T13:49:00Z,28.461,36.17,4.0,1
2902265,15.177,70.765,2019-03-28T13:49:00Z,28.443,36.177,5.0,1
2902265,15.177,70.765,2019-03-28T13:49:00Z,28.429,36.178,6.0,1
2901340,15.043,65.978,2019-03-28T15:30:06Z,27.714,36.556,4.6,1
2902244,1.07899,73.88612333333333,2019-03-28T17:20:00Z,30.263,34.352,5.6,1
2902243,0.11341166666666667,85.69406,2019-03-28T17:28:00Z,30.395,34.654,5.5,1
2902245,2.1088316666666667,90.41077333333334,2019-03-28T17:29:00Z,30.684,34.9,5.5,1
2902230,13.216666666666667,83.03333333333333,2019-03-29T04:05:20Z,29.545,33.258,0.2,1
2902230,13.216666666666667,83.03333333333333,2019-03-29T04:05:20Z,29.522,33.262,1.0,1
2902230,13.216666666666667,83.03333333333333,2019-03-29T04:05:20Z,29.495,33.279,1.8,1
2902230,13.216666666666667,83.03333333333333,2019-03-29T04:05:20Z,29.49,33.279,3.0,1
2902230,13.216666666666667,83.03333333333333,2019-03-29T04:05:20Z,29.485,33.284,4.2,1
2902230,13.216666666666667,83.03333333333333,2019-03-29T04:05:20Z,29.484,33.285,5.0,1
2902230,13.216666666666667,83.03333333333333,2019-03-29T04:05:20Z,29.479,33.286,5.8,1
2902128,10.891243333333334,65.11717166666666,2019-03-29T05:44:00Z,29.47,34.814,6.0,1
2901337,16.336,70.132,2019-03-29T12:03:44Z,28.044,36.139,4.6,1
2902238,1.0276083333333332,83.66795166666667,2019-03-29T17:24:00Z,30.564,34.837,5.5,1
2902210,17.192,66.251,2019-03-29T21:38:53Z,27.369,36.777,4.1,1
2902210,17.192,66.251,2019-03-29T21:38:53Z,27.376,36.777,5.9,1
2902210,17.192,66.251,2019-03-29T21:38:53Z,0.0,0.0,0.0,4
2902210,17.192,66.251,2019-03-29T21:38:53Z,0.0,0.0,0.0,4
2902210,17.192,66.251,2019-03-29T21:38:53Z,0.0,0.0,0.0,4
2902210,17.192,66.251,2019-03-29T21:38:53Z,0.0,0.0,0.0,4
2902211,16.878,65.459,2019-03-29T21:45:49Z,27.328,36.713,4.4,1
2902211,16.878,65.459,2019-03-29T21:45:49Z,27.324,36.713,6.0,1
2902211,16.878,65.459,2019-03-29T21:45:49Z,0.0,0.0,0.0,4
2902211,16.878,65.459,2019-03-29T21:45:49Z,0.0,0.0,0.0,4
2902204,19.768,62.44,2019-03-29T22:18:35Z,26.842,36.475,2.8,1
2902204,19.768,62.44,2019-03-29T22:18:35Z,26.838,36.474,4.0,1
2902174,15.633,72.276,2019-03-29T22:40:50Z,28.622,35.978,2.4,1
2902174,15.633,72.276,2019-03-29T22:40:50Z,28.623,35.978,4.0,1
2902174,15.633,72.276,2019-03-29T22:40:50Z,28.623,35.978,6.0,1
2902202,17.678,69.761,2019-03-29T22:52:39Z,27.804,36.335,2.6,1
2902202,17.678,69.761,2019-03-29T22:52:39Z,27.805,36.335,3.9,1
2902202,17.678,69.761,2019-03-29T22:52:39Z,27.804,36.336,6.0,1
2902175,14.748,69.764,2019-03-29T23:03:55Z,28.507,34.427,4.3,4
2902175,14.748,69.764,2019-03-29T23:03:55Z,28.505,34.423,6.0,4
2902175,14.748,69.764,2019-03-29T23:03:55Z,0.0,0.0,0.0,4
2902205,18.412,69.339,2019-03-29T23:10:56Z,27.258,36.732,4.3,1
2902205,18.412,69.339,2019-03-29T23:10:56Z,27.257,36.732,6.0,1
2902205,18.412,69.339,2019-03-29T23:10:56Z,0.0,0.0,0.0,4
2902235,14.766666666666667,92.05,2019-03-30T04:05:21Z,28.668,31.919,0.2,1
2902235,14.766666666666667,92.05,2019-03-30T04:05:21Z,28.624,31.927,0.7,1
2902235,14.766666666666667,92.05,2019-03-30T04:05:21Z,28.553,31.966,1.6,1
2902235,14.766666666666667,92.05,2019-03-30T04:05:21Z,28.54,31.969,2.5,1
2902235,14.766666666666667,92.05,2019-03-30T04:05:21Z,28.528,31.974,3.5,1
2902235,14.766666666666667,92.05,2019-03-30T04:05:21Z,28.521,31.978,4.5,1
2902235,14.766666666666667,92.05,2019-03-30T04:05:21Z,28.514,31.98,5.5,1
2902234,12.933333333333334,88.66666666666667,2019-03-30T04:05:43Z,29.355,33.415,0.3,1
2902234,12.933333333333334,88.66666666666667,2019-03-30T04:05:43Z,29.27,33.464,1.2,1
2902234,12.933333333333334,88.66666666666667,2019-03-30T04:05:43Z,29.257,33.471,2.2,1
2902234,12.933333333333334,88.66666666666667,2019-03-30T04:05:43Z,29.248,33.474,3.2,1
2902234,12.933333333333334,88.66666666666667,2019-03-30T04:05:43Z,29.24,33.477,4.2,1
2902234,12.933333333333334,88.66666666666667,2019-03-30T04:05:43Z,29.23,33.48,5.2,1
2902233,14.066666666666666,85.5,2019-03-30T04:07:25Z,29.469,33.842,0.0,1
2902233,14.066666666666666,85.5,2019-03-30T04:07:25Z,29.459,33.849,0.8,1
2902233,14.066666666666666,85.5,2019-03-30T04:07:25Z,29.45,33.851,1.7,1
2902233,14.066666666666666,85.5,2019-03-30T04:07:25Z,29.434,33.858,2.7,1
2902233,14.066666666666666,85.5,2019-03-30T04:07:25Z,29.429,33.86,3.6,1
2902233,14.066666666666666,85.5,2019-03-30T04:07:25Z,29.42,33.865,4.5,1
2902233,14.066666666666666,85.5,2019-03-30T04:07:25Z,29.416,33.862,5.9,1
2902232,11.366666666666667,86.71666666666667,2019-03-30T04:08:25Z,29.626,35.062,0.4,4
2902232,11.366666666666667,86.71666666666667,2019-03-30T04:08:25Z,29.588,35.077,1.1,4
2902232,11.366666666666667,86.71666666666667,2019-03-30T04:08:25Z,29.576,35.077,1.8,4
2902232,11.366666666666667,86.71666666666667,2019-03-30T04:08:25Z,29.554,35.073,2.8,4
2902232,11.366666666666667,86.71666666666667,2019-03-30T04:08:25Z,29.489,35.112,4.0,4
2902232,11.366666666666667,86.71666666666667,2019-03-30T04:08:25Z,29.474,35.118,5.0,4
2901338,16.371,66.466,2019-03-30T13:46:11Z,28.361,36.319,4.4,1
2902152,3.04,83.601,2019-03-30T15:29:59Z,30.23,34.075,4.0,1
2902263,17.681248333333333,65.18786333333334,2019-03-30T17:27:00Z,27.42,36.631,5.4,1
2901339,12.935,68.008,2019-03-30T23:11:24Z,28.615,36.013,4.7,1
2902236,17.183333333333334,88.7,2019-03-31T01:06:55Z,28.681,32.682,0.4,1
2902236,17.183333333333334,88.7,2019-03-31T01:06:55Z,28.681,32.682,1.0,1
2902236,17.183333333333334,88.7,2019-03-31T01:06:55Z,28.68,32.682,1.8,1
2902236,17.183333333333334,88.7,2019-03-31T01:06:55Z,28.682,32.68,2.9,1
2902236,17.183333333333334,88.7,2019-03-31T01:06:55Z,28.675,32.684,3.9,1
2902236,17.183333333333334,88.7,2019-03-31T01:06:55Z,28.679,32.685,5.1,1
2902236,17.183333333333334,88.7,2019-03-31T01:06:55Z,28.685,32.684,5.8,1
2902264,13.997018333333333,85.75374166666667,2019-03-31T17:30:00Z,29.277,33.118,5.4,1
2902239,1.4669266666666667,82.686795,2019-03-31T17:32:00Z,30.447,34.741,5.5,1
